--
-- PostgreSQL database dump
--

-- Dumped from database version 14.11 (Ubuntu 14.11-0ubuntu0.22.04.1)
-- Dumped by pg_dump version 14.11 (Ubuntu 14.11-0ubuntu0.22.04.1)

SET statement_timeout = 0;
SET lock_timeout = 0;
SET idle_in_transaction_session_timeout = 0;
SET client_encoding = 'UTF8';
SET standard_conforming_strings = on;
SELECT pg_catalog.set_config('search_path', '', false);
SET check_function_bodies = false;
SET xmloption = content;
SET client_min_messages = warning;
SET row_security = off;

SET default_tablespace = '';

SET default_table_access_method = heap;

--
-- Name: auditlog_logentry; Type: TABLE; Schema: public; Owner: tipnet
--

CREATE TABLE public.auditlog_logentry (
    id integer NOT NULL,
    object_pk character varying(255) NOT NULL,
    object_id bigint,
    object_repr text NOT NULL,
    action smallint NOT NULL,
    changes text NOT NULL,
    "timestamp" timestamp with time zone NOT NULL,
    actor_id integer,
    content_type_id integer NOT NULL,
    remote_addr inet,
    additional_data jsonb,
    serialized_data jsonb,
    CONSTRAINT auditlog_logentry_action_check CHECK ((action >= 0))
);


ALTER TABLE public.auditlog_logentry OWNER TO tipnet;

--
-- Name: auditlog_logentry_id_seq; Type: SEQUENCE; Schema: public; Owner: tipnet
--

ALTER TABLE public.auditlog_logentry ALTER COLUMN id ADD GENERATED BY DEFAULT AS IDENTITY (
    SEQUENCE NAME public.auditlog_logentry_id_seq
    START WITH 1
    INCREMENT BY 1
    NO MINVALUE
    NO MAXVALUE
    CACHE 1
);


--
-- Name: auth_group; Type: TABLE; Schema: public; Owner: tipnet
--

CREATE TABLE public.auth_group (
    id integer NOT NULL,
    name character varying(150) NOT NULL
);


ALTER TABLE public.auth_group OWNER TO tipnet;

--
-- Name: auth_group_id_seq; Type: SEQUENCE; Schema: public; Owner: tipnet
--

ALTER TABLE public.auth_group ALTER COLUMN id ADD GENERATED BY DEFAULT AS IDENTITY (
    SEQUENCE NAME public.auth_group_id_seq
    START WITH 1
    INCREMENT BY 1
    NO MINVALUE
    NO MAXVALUE
    CACHE 1
);


--
-- Name: auth_group_permissions; Type: TABLE; Schema: public; Owner: tipnet
--

CREATE TABLE public.auth_group_permissions (
    id bigint NOT NULL,
    group_id integer NOT NULL,
    permission_id integer NOT NULL
);


ALTER TABLE public.auth_group_permissions OWNER TO tipnet;

--
-- Name: auth_group_permissions_id_seq; Type: SEQUENCE; Schema: public; Owner: tipnet
--

ALTER TABLE public.auth_group_permissions ALTER COLUMN id ADD GENERATED BY DEFAULT AS IDENTITY (
    SEQUENCE NAME public.auth_group_permissions_id_seq
    START WITH 1
    INCREMENT BY 1
    NO MINVALUE
    NO MAXVALUE
    CACHE 1
);


--
-- Name: auth_permission; Type: TABLE; Schema: public; Owner: tipnet
--

CREATE TABLE public.auth_permission (
    id integer NOT NULL,
    name character varying(255) NOT NULL,
    content_type_id integer NOT NULL,
    codename character varying(100) NOT NULL
);


ALTER TABLE public.auth_permission OWNER TO tipnet;

--
-- Name: auth_permission_id_seq; Type: SEQUENCE; Schema: public; Owner: tipnet
--

ALTER TABLE public.auth_permission ALTER COLUMN id ADD GENERATED BY DEFAULT AS IDENTITY (
    SEQUENCE NAME public.auth_permission_id_seq
    START WITH 1
    INCREMENT BY 1
    NO MINVALUE
    NO MAXVALUE
    CACHE 1
);


--
-- Name: auth_user; Type: TABLE; Schema: public; Owner: tipnet
--

CREATE TABLE public.auth_user (
    id integer NOT NULL,
    password character varying(128) NOT NULL,
    last_login timestamp with time zone,
    is_superuser boolean NOT NULL,
    username character varying(150) NOT NULL,
    first_name character varying(150) NOT NULL,
    last_name character varying(150) NOT NULL,
    email character varying(254) NOT NULL,
    is_staff boolean NOT NULL,
    is_active boolean NOT NULL,
    date_joined timestamp with time zone NOT NULL
);


ALTER TABLE public.auth_user OWNER TO tipnet;

--
-- Name: auth_user_groups; Type: TABLE; Schema: public; Owner: tipnet
--

CREATE TABLE public.auth_user_groups (
    id bigint NOT NULL,
    user_id integer NOT NULL,
    group_id integer NOT NULL
);


ALTER TABLE public.auth_user_groups OWNER TO tipnet;

--
-- Name: auth_user_groups_id_seq; Type: SEQUENCE; Schema: public; Owner: tipnet
--

ALTER TABLE public.auth_user_groups ALTER COLUMN id ADD GENERATED BY DEFAULT AS IDENTITY (
    SEQUENCE NAME public.auth_user_groups_id_seq
    START WITH 1
    INCREMENT BY 1
    NO MINVALUE
    NO MAXVALUE
    CACHE 1
);


--
-- Name: auth_user_id_seq; Type: SEQUENCE; Schema: public; Owner: tipnet
--

ALTER TABLE public.auth_user ALTER COLUMN id ADD GENERATED BY DEFAULT AS IDENTITY (
    SEQUENCE NAME public.auth_user_id_seq
    START WITH 1
    INCREMENT BY 1
    NO MINVALUE
    NO MAXVALUE
    CACHE 1
);


--
-- Name: auth_user_user_permissions; Type: TABLE; Schema: public; Owner: tipnet
--

CREATE TABLE public.auth_user_user_permissions (
    id bigint NOT NULL,
    user_id integer NOT NULL,
    permission_id integer NOT NULL
);


ALTER TABLE public.auth_user_user_permissions OWNER TO tipnet;

--
-- Name: auth_user_user_permissions_id_seq; Type: SEQUENCE; Schema: public; Owner: tipnet
--

ALTER TABLE public.auth_user_user_permissions ALTER COLUMN id ADD GENERATED BY DEFAULT AS IDENTITY (
    SEQUENCE NAME public.auth_user_user_permissions_id_seq
    START WITH 1
    INCREMENT BY 1
    NO MINVALUE
    NO MAXVALUE
    CACHE 1
);


--
-- Name: case_interview_app_accesspermission; Type: TABLE; Schema: public; Owner: tipnet
--

CREATE TABLE public.case_interview_app_accesspermission (
    id bigint NOT NULL,
    name character varying(50) NOT NULL,
    name_en character varying(50),
    name_fr character varying(50),
    name_pt character varying(50)
);


ALTER TABLE public.case_interview_app_accesspermission OWNER TO tipnet;

--
-- Name: case_interview_app_accesspermission_id_seq; Type: SEQUENCE; Schema: public; Owner: tipnet
--

ALTER TABLE public.case_interview_app_accesspermission ALTER COLUMN id ADD GENERATED BY DEFAULT AS IDENTITY (
    SEQUENCE NAME public.case_interview_app_accesspermission_id_seq
    START WITH 1
    INCREMENT BY 1
    NO MINVALUE
    NO MAXVALUE
    CACHE 1
);


--
-- Name: case_interview_app_affirmoption; Type: TABLE; Schema: public; Owner: tipnet
--

CREATE TABLE public.case_interview_app_affirmoption (
    id bigint NOT NULL,
    name character varying(50) NOT NULL,
    name_en character varying(50),
    name_fr character varying(50),
    name_pt character varying(50)
);


ALTER TABLE public.case_interview_app_affirmoption OWNER TO tipnet;

--
-- Name: case_interview_app_affirmoption_id_seq; Type: SEQUENCE; Schema: public; Owner: tipnet
--

ALTER TABLE public.case_interview_app_affirmoption ALTER COLUMN id ADD GENERATED BY DEFAULT AS IDENTITY (
    SEQUENCE NAME public.case_interview_app_affirmoption_id_seq
    START WITH 1
    INCREMENT BY 1
    NO MINVALUE
    NO MAXVALUE
    CACHE 1
);


--
-- Name: case_interview_app_approvalstatus; Type: TABLE; Schema: public; Owner: tipnet
--

CREATE TABLE public.case_interview_app_approvalstatus (
    id bigint NOT NULL,
    name character varying(50) NOT NULL,
    name_en character varying(50),
    name_fr character varying(50),
    name_pt character varying(50)
);


ALTER TABLE public.case_interview_app_approvalstatus OWNER TO tipnet;

--
-- Name: case_interview_app_approvalstatus_id_seq; Type: SEQUENCE; Schema: public; Owner: tipnet
--

ALTER TABLE public.case_interview_app_approvalstatus ALTER COLUMN id ADD GENERATED BY DEFAULT AS IDENTITY (
    SEQUENCE NAME public.case_interview_app_approvalstatus_id_seq
    START WITH 1
    INCREMENT BY 1
    NO MINVALUE
    NO MAXVALUE
    CACHE 1
);


--
-- Name: case_interview_app_aquitalreason; Type: TABLE; Schema: public; Owner: tipnet
--

CREATE TABLE public.case_interview_app_aquitalreason (
    id bigint NOT NULL,
    name character varying(50) NOT NULL,
    name_en character varying(50),
    name_fr character varying(50),
    name_pt character varying(50)
);


ALTER TABLE public.case_interview_app_aquitalreason OWNER TO tipnet;

--
-- Name: case_interview_app_aquitalreason_id_seq; Type: SEQUENCE; Schema: public; Owner: tipnet
--

ALTER TABLE public.case_interview_app_aquitalreason ALTER COLUMN id ADD GENERATED BY DEFAULT AS IDENTITY (
    SEQUENCE NAME public.case_interview_app_aquitalreason_id_seq
    START WITH 1
    INCREMENT BY 1
    NO MINVALUE
    NO MAXVALUE
    CACHE 1
);


--
-- Name: case_interview_app_arrestinvestigation; Type: TABLE; Schema: public; Owner: tipnet
--

CREATE TABLE public.case_interview_app_arrestinvestigation (
    id bigint NOT NULL,
    suspects_arrested boolean,
    why_no_arrest text,
    victim_smuggled boolean,
    investigation_done boolean,
    why_no_investigation text,
    why_pending text,
    withdrawn_closed_reason text,
    investigation_status_id bigint,
    victim_id bigint,
    org_crime boolean,
    approval_id bigint,
    approval_comments text,
    interviewer_id bigint,
    created_at timestamp with time zone,
    updated_at timestamp with time zone
);


ALTER TABLE public.case_interview_app_arrestinvestigation OWNER TO tipnet;

--
-- Name: case_interview_app_arrestinvestigation_how_traffickers_org; Type: TABLE; Schema: public; Owner: tipnet
--

CREATE TABLE public.case_interview_app_arrestinvestigation_how_traffickers_org (
    id bigint NOT NULL,
    arrestinvestigation_id bigint NOT NULL,
    traffickerorg_id bigint NOT NULL
);


ALTER TABLE public.case_interview_app_arrestinvestigation_how_traffickers_org OWNER TO tipnet;

--
-- Name: case_interview_app_arrestinvestigation_how_traffickers_o_id_seq; Type: SEQUENCE; Schema: public; Owner: tipnet
--

ALTER TABLE public.case_interview_app_arrestinvestigation_how_traffickers_org ALTER COLUMN id ADD GENERATED BY DEFAULT AS IDENTITY (
    SEQUENCE NAME public.case_interview_app_arrestinvestigation_how_traffickers_o_id_seq
    START WITH 1
    INCREMENT BY 1
    NO MINVALUE
    NO MAXVALUE
    CACHE 1
);


--
-- Name: case_interview_app_arrestinvestigation_id_seq; Type: SEQUENCE; Schema: public; Owner: tipnet
--

ALTER TABLE public.case_interview_app_arrestinvestigation ALTER COLUMN id ADD GENERATED BY DEFAULT AS IDENTITY (
    SEQUENCE NAME public.case_interview_app_arrestinvestigation_id_seq
    START WITH 1
    INCREMENT BY 1
    NO MINVALUE
    NO MAXVALUE
    CACHE 1
);


--
-- Name: case_interview_app_assistance; Type: TABLE; Schema: public; Owner: tipnet
--

CREATE TABLE public.case_interview_app_assistance (
    id bigint NOT NULL,
    social_assistance_days integer,
    social_assistance_months integer,
    med_rehab_days integer,
    med_rehab_months integer,
    housing_allowance_days integer,
    housing_allowance_months integer,
    shelter_days integer,
    shelter_months integer,
    vocational_training_days integer,
    vocational_training_months integer,
    micro_ent_income_days integer,
    micro_ent_income_months integer,
    legal_assistance_days integer,
    legal_assistance_months integer,
    medical_assistance_days integer,
    medical_assistance_months integer,
    financial_assistance_days integer,
    financial_assistance_months integer,
    education_assistance_days integer,
    education_assistance_months integer,
    im_emmigration_assistance_days integer,
    im_emmigration_assistance_months integer,
    other_community_assistance_days integer,
    other_community_assistance_months integer,
    education_assistance_level_id bigint,
    im_emmigration_assistance_status_id bigint,
    micro_ent_income_project_id bigint,
    other_community_assistance_type_id bigint,
    approval_id bigint,
    approval_comments text,
    interviewer_id bigint,
    victim_id bigint,
    halfway_house_months integer,
    halfway_house_days integer,
    created_at timestamp with time zone,
    updated_at timestamp with time zone
);


ALTER TABLE public.case_interview_app_assistance OWNER TO tipnet;

--
-- Name: case_interview_app_assistance_education_assistance_provider; Type: TABLE; Schema: public; Owner: tipnet
--

CREATE TABLE public.case_interview_app_assistance_education_assistance_provider (
    id bigint NOT NULL,
    assistance_id bigint NOT NULL,
    provider_id bigint NOT NULL
);


ALTER TABLE public.case_interview_app_assistance_education_assistance_provider OWNER TO tipnet;

--
-- Name: case_interview_app_assistance_education_assistance_provi_id_seq; Type: SEQUENCE; Schema: public; Owner: tipnet
--

ALTER TABLE public.case_interview_app_assistance_education_assistance_provider ALTER COLUMN id ADD GENERATED BY DEFAULT AS IDENTITY (
    SEQUENCE NAME public.case_interview_app_assistance_education_assistance_provi_id_seq
    START WITH 1
    INCREMENT BY 1
    NO MINVALUE
    NO MAXVALUE
    CACHE 1
);


--
-- Name: case_interview_app_assistance_financial_assistance_provider; Type: TABLE; Schema: public; Owner: tipnet
--

CREATE TABLE public.case_interview_app_assistance_financial_assistance_provider (
    id bigint NOT NULL,
    assistance_id bigint NOT NULL,
    provider_id bigint NOT NULL
);


ALTER TABLE public.case_interview_app_assistance_financial_assistance_provider OWNER TO tipnet;

--
-- Name: case_interview_app_assistance_financial_assistance_provi_id_seq; Type: SEQUENCE; Schema: public; Owner: tipnet
--

ALTER TABLE public.case_interview_app_assistance_financial_assistance_provider ALTER COLUMN id ADD GENERATED BY DEFAULT AS IDENTITY (
    SEQUENCE NAME public.case_interview_app_assistance_financial_assistance_provi_id_seq
    START WITH 1
    INCREMENT BY 1
    NO MINVALUE
    NO MAXVALUE
    CACHE 1
);


--
-- Name: case_interview_app_assistance_halfway_house_providers; Type: TABLE; Schema: public; Owner: tipnet
--

CREATE TABLE public.case_interview_app_assistance_halfway_house_providers (
    id bigint NOT NULL,
    assistance_id bigint NOT NULL,
    provider_id bigint NOT NULL
);


ALTER TABLE public.case_interview_app_assistance_halfway_house_providers OWNER TO tipnet;

--
-- Name: case_interview_app_assistance_halfway_house_providers_id_seq; Type: SEQUENCE; Schema: public; Owner: tipnet
--

ALTER TABLE public.case_interview_app_assistance_halfway_house_providers ALTER COLUMN id ADD GENERATED BY DEFAULT AS IDENTITY (
    SEQUENCE NAME public.case_interview_app_assistance_halfway_house_providers_id_seq
    START WITH 1
    INCREMENT BY 1
    NO MINVALUE
    NO MAXVALUE
    CACHE 1
);


--
-- Name: case_interview_app_assistance_housing_allowance_provider; Type: TABLE; Schema: public; Owner: tipnet
--

CREATE TABLE public.case_interview_app_assistance_housing_allowance_provider (
    id bigint NOT NULL,
    assistance_id bigint NOT NULL,
    provider_id bigint NOT NULL
);


ALTER TABLE public.case_interview_app_assistance_housing_allowance_provider OWNER TO tipnet;

--
-- Name: case_interview_app_assistance_housing_allowance_provider_id_seq; Type: SEQUENCE; Schema: public; Owner: tipnet
--

ALTER TABLE public.case_interview_app_assistance_housing_allowance_provider ALTER COLUMN id ADD GENERATED BY DEFAULT AS IDENTITY (
    SEQUENCE NAME public.case_interview_app_assistance_housing_allowance_provider_id_seq
    START WITH 1
    INCREMENT BY 1
    NO MINVALUE
    NO MAXVALUE
    CACHE 1
);


--
-- Name: case_interview_app_assistance_id_seq; Type: SEQUENCE; Schema: public; Owner: tipnet
--

ALTER TABLE public.case_interview_app_assistance ALTER COLUMN id ADD GENERATED BY DEFAULT AS IDENTITY (
    SEQUENCE NAME public.case_interview_app_assistance_id_seq
    START WITH 1
    INCREMENT BY 1
    NO MINVALUE
    NO MAXVALUE
    CACHE 1
);


--
-- Name: case_interview_app_assistance_im_emmigration_assistance_pro0797; Type: TABLE; Schema: public; Owner: tipnet
--

CREATE TABLE public.case_interview_app_assistance_im_emmigration_assistance_pro0797 (
    id bigint NOT NULL,
    assistance_id bigint NOT NULL,
    provider_id bigint NOT NULL
);


ALTER TABLE public.case_interview_app_assistance_im_emmigration_assistance_pro0797 OWNER TO tipnet;

--
-- Name: case_interview_app_assistance_im_emmigration_assistance__id_seq; Type: SEQUENCE; Schema: public; Owner: tipnet
--

ALTER TABLE public.case_interview_app_assistance_im_emmigration_assistance_pro0797 ALTER COLUMN id ADD GENERATED BY DEFAULT AS IDENTITY (
    SEQUENCE NAME public.case_interview_app_assistance_im_emmigration_assistance__id_seq
    START WITH 1
    INCREMENT BY 1
    NO MINVALUE
    NO MAXVALUE
    CACHE 1
);


--
-- Name: case_interview_app_assistance_legal_assistance_provider; Type: TABLE; Schema: public; Owner: tipnet
--

CREATE TABLE public.case_interview_app_assistance_legal_assistance_provider (
    id bigint NOT NULL,
    assistance_id bigint NOT NULL,
    provider_id bigint NOT NULL
);


ALTER TABLE public.case_interview_app_assistance_legal_assistance_provider OWNER TO tipnet;

--
-- Name: case_interview_app_assistance_legal_assistance_provider_id_seq; Type: SEQUENCE; Schema: public; Owner: tipnet
--

ALTER TABLE public.case_interview_app_assistance_legal_assistance_provider ALTER COLUMN id ADD GENERATED BY DEFAULT AS IDENTITY (
    SEQUENCE NAME public.case_interview_app_assistance_legal_assistance_provider_id_seq
    START WITH 1
    INCREMENT BY 1
    NO MINVALUE
    NO MAXVALUE
    CACHE 1
);


--
-- Name: case_interview_app_assistance_med_rehab_provider; Type: TABLE; Schema: public; Owner: tipnet
--

CREATE TABLE public.case_interview_app_assistance_med_rehab_provider (
    id bigint NOT NULL,
    assistance_id bigint NOT NULL,
    provider_id bigint NOT NULL
);


ALTER TABLE public.case_interview_app_assistance_med_rehab_provider OWNER TO tipnet;

--
-- Name: case_interview_app_assistance_med_rehab_provider_id_seq; Type: SEQUENCE; Schema: public; Owner: tipnet
--

ALTER TABLE public.case_interview_app_assistance_med_rehab_provider ALTER COLUMN id ADD GENERATED BY DEFAULT AS IDENTITY (
    SEQUENCE NAME public.case_interview_app_assistance_med_rehab_provider_id_seq
    START WITH 1
    INCREMENT BY 1
    NO MINVALUE
    NO MAXVALUE
    CACHE 1
);


--
-- Name: case_interview_app_assistance_medical_assistance_provider; Type: TABLE; Schema: public; Owner: tipnet
--

CREATE TABLE public.case_interview_app_assistance_medical_assistance_provider (
    id bigint NOT NULL,
    assistance_id bigint NOT NULL,
    provider_id bigint NOT NULL
);


ALTER TABLE public.case_interview_app_assistance_medical_assistance_provider OWNER TO tipnet;

--
-- Name: case_interview_app_assistance_medical_assistance_provide_id_seq; Type: SEQUENCE; Schema: public; Owner: tipnet
--

ALTER TABLE public.case_interview_app_assistance_medical_assistance_provider ALTER COLUMN id ADD GENERATED BY DEFAULT AS IDENTITY (
    SEQUENCE NAME public.case_interview_app_assistance_medical_assistance_provide_id_seq
    START WITH 1
    INCREMENT BY 1
    NO MINVALUE
    NO MAXVALUE
    CACHE 1
);


--
-- Name: case_interview_app_assistance_micro_ent_income_provider; Type: TABLE; Schema: public; Owner: tipnet
--

CREATE TABLE public.case_interview_app_assistance_micro_ent_income_provider (
    id bigint NOT NULL,
    assistance_id bigint NOT NULL,
    provider_id bigint NOT NULL
);


ALTER TABLE public.case_interview_app_assistance_micro_ent_income_provider OWNER TO tipnet;

--
-- Name: case_interview_app_assistance_micro_ent_income_provider_id_seq; Type: SEQUENCE; Schema: public; Owner: tipnet
--

ALTER TABLE public.case_interview_app_assistance_micro_ent_income_provider ALTER COLUMN id ADD GENERATED BY DEFAULT AS IDENTITY (
    SEQUENCE NAME public.case_interview_app_assistance_micro_ent_income_provider_id_seq
    START WITH 1
    INCREMENT BY 1
    NO MINVALUE
    NO MAXVALUE
    CACHE 1
);


--
-- Name: case_interview_app_assistance_other_community_assistance_pr1378; Type: TABLE; Schema: public; Owner: tipnet
--

CREATE TABLE public.case_interview_app_assistance_other_community_assistance_pr1378 (
    id bigint NOT NULL,
    assistance_id bigint NOT NULL,
    provider_id bigint NOT NULL
);


ALTER TABLE public.case_interview_app_assistance_other_community_assistance_pr1378 OWNER TO tipnet;

--
-- Name: case_interview_app_assistance_other_community_assistance_id_seq; Type: SEQUENCE; Schema: public; Owner: tipnet
--

ALTER TABLE public.case_interview_app_assistance_other_community_assistance_pr1378 ALTER COLUMN id ADD GENERATED BY DEFAULT AS IDENTITY (
    SEQUENCE NAME public.case_interview_app_assistance_other_community_assistance_id_seq
    START WITH 1
    INCREMENT BY 1
    NO MINVALUE
    NO MAXVALUE
    CACHE 1
);


--
-- Name: case_interview_app_assistance_shelter_provider; Type: TABLE; Schema: public; Owner: tipnet
--

CREATE TABLE public.case_interview_app_assistance_shelter_provider (
    id bigint NOT NULL,
    assistance_id bigint NOT NULL,
    provider_id bigint NOT NULL
);


ALTER TABLE public.case_interview_app_assistance_shelter_provider OWNER TO tipnet;

--
-- Name: case_interview_app_assistance_shelter_provider_id_seq; Type: SEQUENCE; Schema: public; Owner: tipnet
--

ALTER TABLE public.case_interview_app_assistance_shelter_provider ALTER COLUMN id ADD GENERATED BY DEFAULT AS IDENTITY (
    SEQUENCE NAME public.case_interview_app_assistance_shelter_provider_id_seq
    START WITH 1
    INCREMENT BY 1
    NO MINVALUE
    NO MAXVALUE
    CACHE 1
);


--
-- Name: case_interview_app_assistance_social_assistance_provider; Type: TABLE; Schema: public; Owner: tipnet
--

CREATE TABLE public.case_interview_app_assistance_social_assistance_provider (
    id bigint NOT NULL,
    assistance_id bigint NOT NULL,
    provider_id bigint NOT NULL
);


ALTER TABLE public.case_interview_app_assistance_social_assistance_provider OWNER TO tipnet;

--
-- Name: case_interview_app_assistance_social_assistance_provider_id_seq; Type: SEQUENCE; Schema: public; Owner: tipnet
--

ALTER TABLE public.case_interview_app_assistance_social_assistance_provider ALTER COLUMN id ADD GENERATED BY DEFAULT AS IDENTITY (
    SEQUENCE NAME public.case_interview_app_assistance_social_assistance_provider_id_seq
    START WITH 1
    INCREMENT BY 1
    NO MINVALUE
    NO MAXVALUE
    CACHE 1
);


--
-- Name: case_interview_app_assistance_vocational_training_provider; Type: TABLE; Schema: public; Owner: tipnet
--

CREATE TABLE public.case_interview_app_assistance_vocational_training_provider (
    id bigint NOT NULL,
    assistance_id bigint NOT NULL,
    provider_id bigint NOT NULL
);


ALTER TABLE public.case_interview_app_assistance_vocational_training_provider OWNER TO tipnet;

--
-- Name: case_interview_app_assistance_vocational_training_provid_id_seq; Type: SEQUENCE; Schema: public; Owner: tipnet
--

ALTER TABLE public.case_interview_app_assistance_vocational_training_provider ALTER COLUMN id ADD GENERATED BY DEFAULT AS IDENTITY (
    SEQUENCE NAME public.case_interview_app_assistance_vocational_training_provid_id_seq
    START WITH 1
    INCREMENT BY 1
    NO MINVALUE
    NO MAXVALUE
    CACHE 1
);


--
-- Name: case_interview_app_assistanceaggregatedata; Type: TABLE; Schema: public; Owner: tipnet
--

CREATE TABLE public.case_interview_app_assistanceaggregatedata (
    id bigint NOT NULL,
    total_tip_annually integer,
    total_service integer,
    eligible_family_service integer,
    total_anon_contacts integer,
    data_supplier_id bigint,
    approval_id bigint,
    approval_comments text,
    interviewer_id bigint,
    created_at timestamp with time zone,
    updated_at timestamp with time zone
);


ALTER TABLE public.case_interview_app_assistanceaggregatedata OWNER TO tipnet;

--
-- Name: case_interview_app_assistanceaggregatedata_id_seq; Type: SEQUENCE; Schema: public; Owner: tipnet
--

ALTER TABLE public.case_interview_app_assistanceaggregatedata ALTER COLUMN id ADD GENERATED BY DEFAULT AS IDENTITY (
    SEQUENCE NAME public.case_interview_app_assistanceaggregatedata_id_seq
    START WITH 1
    INCREMENT BY 1
    NO MINVALUE
    NO MAXVALUE
    CACHE 1
);


--
-- Name: case_interview_app_bodypart; Type: TABLE; Schema: public; Owner: tipnet
--

CREATE TABLE public.case_interview_app_bodypart (
    id bigint NOT NULL,
    name character varying(50) NOT NULL,
    name_en character varying(50),
    name_fr character varying(50),
    name_pt character varying(50)
);


ALTER TABLE public.case_interview_app_bodypart OWNER TO tipnet;

--
-- Name: case_interview_app_bodypart_id_seq; Type: SEQUENCE; Schema: public; Owner: tipnet
--

ALTER TABLE public.case_interview_app_bodypart ALTER COLUMN id ADD GENERATED BY DEFAULT AS IDENTITY (
    SEQUENCE NAME public.case_interview_app_bodypart_id_seq
    START WITH 1
    INCREMENT BY 1
    NO MINVALUE
    NO MAXVALUE
    CACHE 1
);


--
-- Name: case_interview_app_brideprice; Type: TABLE; Schema: public; Owner: tipnet
--

CREATE TABLE public.case_interview_app_brideprice (
    id bigint NOT NULL,
    name character varying(50) NOT NULL,
    name_en character varying(50),
    name_fr character varying(50),
    name_pt character varying(50)
);


ALTER TABLE public.case_interview_app_brideprice OWNER TO tipnet;

--
-- Name: case_interview_app_brideprice_id_seq; Type: SEQUENCE; Schema: public; Owner: tipnet
--

ALTER TABLE public.case_interview_app_brideprice ALTER COLUMN id ADD GENERATED BY DEFAULT AS IDENTITY (
    SEQUENCE NAME public.case_interview_app_brideprice_id_seq
    START WITH 1
    INCREMENT BY 1
    NO MINVALUE
    NO MAXVALUE
    CACHE 1
);


--
-- Name: case_interview_app_bridepricerecipient; Type: TABLE; Schema: public; Owner: tipnet
--

CREATE TABLE public.case_interview_app_bridepricerecipient (
    id bigint NOT NULL,
    name character varying(50) NOT NULL,
    name_en character varying(50),
    name_fr character varying(50),
    name_pt character varying(50)
);


ALTER TABLE public.case_interview_app_bridepricerecipient OWNER TO tipnet;

--
-- Name: case_interview_app_bridepricerecipient_id_seq; Type: SEQUENCE; Schema: public; Owner: tipnet
--

ALTER TABLE public.case_interview_app_bridepricerecipient ALTER COLUMN id ADD GENERATED BY DEFAULT AS IDENTITY (
    SEQUENCE NAME public.case_interview_app_bridepricerecipient_id_seq
    START WITH 1
    INCREMENT BY 1
    NO MINVALUE
    NO MAXVALUE
    CACHE 1
);


--
-- Name: case_interview_app_casestatus; Type: TABLE; Schema: public; Owner: tipnet
--

CREATE TABLE public.case_interview_app_casestatus (
    id bigint NOT NULL,
    name character varying(50) NOT NULL,
    name_en character varying(50),
    name_fr character varying(50),
    name_pt character varying(50)
);


ALTER TABLE public.case_interview_app_casestatus OWNER TO tipnet;

--
-- Name: case_interview_app_casestatus_id_seq; Type: SEQUENCE; Schema: public; Owner: tipnet
--

ALTER TABLE public.case_interview_app_casestatus ALTER COLUMN id ADD GENERATED BY DEFAULT AS IDENTITY (
    SEQUENCE NAME public.case_interview_app_casestatus_id_seq
    START WITH 1
    INCREMENT BY 1
    NO MINVALUE
    NO MAXVALUE
    CACHE 1
);


--
-- Name: case_interview_app_childmarriagereason; Type: TABLE; Schema: public; Owner: tipnet
--

CREATE TABLE public.case_interview_app_childmarriagereason (
    id bigint NOT NULL,
    name character varying(50) NOT NULL,
    name_en character varying(50),
    name_fr character varying(50),
    name_pt character varying(50)
);


ALTER TABLE public.case_interview_app_childmarriagereason OWNER TO tipnet;

--
-- Name: case_interview_app_childmarriagereason_id_seq; Type: SEQUENCE; Schema: public; Owner: tipnet
--

ALTER TABLE public.case_interview_app_childmarriagereason ALTER COLUMN id ADD GENERATED BY DEFAULT AS IDENTITY (
    SEQUENCE NAME public.case_interview_app_childmarriagereason_id_seq
    START WITH 1
    INCREMENT BY 1
    NO MINVALUE
    NO MAXVALUE
    CACHE 1
);


--
-- Name: case_interview_app_communityassistancetype; Type: TABLE; Schema: public; Owner: tipnet
--

CREATE TABLE public.case_interview_app_communityassistancetype (
    id bigint NOT NULL,
    name character varying(50) NOT NULL,
    name_en character varying(50),
    name_fr character varying(50),
    name_pt character varying(50)
);


ALTER TABLE public.case_interview_app_communityassistancetype OWNER TO tipnet;

--
-- Name: case_interview_app_communityassistancetype_id_seq; Type: SEQUENCE; Schema: public; Owner: tipnet
--

ALTER TABLE public.case_interview_app_communityassistancetype ALTER COLUMN id ADD GENERATED BY DEFAULT AS IDENTITY (
    SEQUENCE NAME public.case_interview_app_communityassistancetype_id_seq
    START WITH 1
    INCREMENT BY 1
    NO MINVALUE
    NO MAXVALUE
    CACHE 1
);


--
-- Name: case_interview_app_country; Type: TABLE; Schema: public; Owner: tipnet
--

CREATE TABLE public.case_interview_app_country (
    id bigint NOT NULL,
    name character varying(50) NOT NULL,
    flag character varying(150),
    three_code character varying(3),
    two_code character varying(2),
    is_sadc boolean
);


ALTER TABLE public.case_interview_app_country OWNER TO tipnet;

--
-- Name: case_interview_app_country_id_seq; Type: SEQUENCE; Schema: public; Owner: tipnet
--

ALTER TABLE public.case_interview_app_country ALTER COLUMN id ADD GENERATED BY DEFAULT AS IDENTITY (
    SEQUENCE NAME public.case_interview_app_country_id_seq
    START WITH 1
    INCREMENT BY 1
    NO MINVALUE
    NO MAXVALUE
    CACHE 1
);


--
-- Name: case_interview_app_criminalactivitytype; Type: TABLE; Schema: public; Owner: tipnet
--

CREATE TABLE public.case_interview_app_criminalactivitytype (
    id bigint NOT NULL,
    name character varying(50) NOT NULL,
    name_en character varying(50),
    name_fr character varying(50),
    name_pt character varying(50)
);


ALTER TABLE public.case_interview_app_criminalactivitytype OWNER TO tipnet;

--
-- Name: case_interview_app_criminalactivitytype_id_seq; Type: SEQUENCE; Schema: public; Owner: tipnet
--

ALTER TABLE public.case_interview_app_criminalactivitytype ALTER COLUMN id ADD GENERATED BY DEFAULT AS IDENTITY (
    SEQUENCE NAME public.case_interview_app_criminalactivitytype_id_seq
    START WITH 1
    INCREMENT BY 1
    NO MINVALUE
    NO MAXVALUE
    CACHE 1
);


--
-- Name: case_interview_app_dataentrypurpose; Type: TABLE; Schema: public; Owner: tipnet
--

CREATE TABLE public.case_interview_app_dataentrypurpose (
    id bigint NOT NULL,
    name character varying(50) NOT NULL,
    name_en character varying(50),
    name_fr character varying(50),
    name_pt character varying(50)
);


ALTER TABLE public.case_interview_app_dataentrypurpose OWNER TO tipnet;

--
-- Name: case_interview_app_dataentrypurpose_id_seq; Type: SEQUENCE; Schema: public; Owner: tipnet
--

ALTER TABLE public.case_interview_app_dataentrypurpose ALTER COLUMN id ADD GENERATED BY DEFAULT AS IDENTITY (
    SEQUENCE NAME public.case_interview_app_dataentrypurpose_id_seq
    START WITH 1
    INCREMENT BY 1
    NO MINVALUE
    NO MAXVALUE
    CACHE 1
);


--
-- Name: case_interview_app_datasupplier; Type: TABLE; Schema: public; Owner: tipnet
--

CREATE TABLE public.case_interview_app_datasupplier (
    id bigint NOT NULL,
    name character varying(50) NOT NULL,
    name_en character varying(50),
    name_fr character varying(50),
    name_pt character varying(50)
);


ALTER TABLE public.case_interview_app_datasupplier OWNER TO tipnet;

--
-- Name: case_interview_app_datasupplier_id_seq; Type: SEQUENCE; Schema: public; Owner: tipnet
--

ALTER TABLE public.case_interview_app_datasupplier ALTER COLUMN id ADD GENERATED BY DEFAULT AS IDENTITY (
    SEQUENCE NAME public.case_interview_app_datasupplier_id_seq
    START WITH 1
    INCREMENT BY 1
    NO MINVALUE
    NO MAXVALUE
    CACHE 1
);


--
-- Name: case_interview_app_educationlevel; Type: TABLE; Schema: public; Owner: tipnet
--

CREATE TABLE public.case_interview_app_educationlevel (
    id bigint NOT NULL,
    name character varying(50) NOT NULL,
    name_en character varying(50),
    name_fr character varying(50),
    name_pt character varying(50)
);


ALTER TABLE public.case_interview_app_educationlevel OWNER TO tipnet;

--
-- Name: case_interview_app_educationlevel_id_seq; Type: SEQUENCE; Schema: public; Owner: tipnet
--

ALTER TABLE public.case_interview_app_educationlevel ALTER COLUMN id ADD GENERATED BY DEFAULT AS IDENTITY (
    SEQUENCE NAME public.case_interview_app_educationlevel_id_seq
    START WITH 1
    INCREMENT BY 1
    NO MINVALUE
    NO MAXVALUE
    CACHE 1
);


--
-- Name: case_interview_app_exploitation; Type: TABLE; Schema: public; Owner: tipnet
--

CREATE TABLE public.case_interview_app_exploitation (
    id bigint NOT NULL,
    victim_id bigint,
    debt_amount character varying(50),
    e_armed_group_name character varying(250),
    e_bprice_amount_kind character varying(250),
    e_child_marriage boolean,
    e_child_soldier boolean,
    e_child_soldier_age integer,
    e_children_from_marriage integer,
    e_criminal_activity boolean,
    e_forced_labour boolean,
    e_forced_marriage boolean,
    e_m_health_issues_description text,
    e_maternal_health_issues boolean,
    e_online_porno boolean,
    e_operation_country_id bigint,
    e_organ_removed boolean,
    e_organ_sale_price character varying(50),
    e_other_sexual boolean,
    e_other_sexual_online boolean,
    e_prostitution boolean,
    e_remarks text,
    e_spouse_nationality_id bigint,
    e_victim_knew_spouse boolean,
    e_victim_pregnancy boolean,
    event_description text,
    exploitation_length character varying(50),
    intent_to_exploit boolean,
    pay_debt boolean,
    subject_to_exploitation boolean,
    e_bprice_paid_id bigint,
    e_forced_military_type_id bigint,
    e_marriage_violence_id bigint,
    e_operation_location_id bigint,
    e_organ_paid_to_id bigint,
    e_recruiter_relationship_id bigint,
    e_recruitment_type_id bigint,
    exploitation_age_id bigint,
    freed_method_id bigint,
    approval_id bigint,
    approval_comments text,
    interviewer_id bigint,
    created_at timestamp with time zone,
    updated_at timestamp with time zone,
    e_forced_military boolean
);


ALTER TABLE public.case_interview_app_exploitation OWNER TO tipnet;

--
-- Name: case_interview_app_exploitation_e_body_part_removed; Type: TABLE; Schema: public; Owner: tipnet
--

CREATE TABLE public.case_interview_app_exploitation_e_body_part_removed (
    id bigint NOT NULL,
    exploitation_id bigint NOT NULL,
    bodypart_id bigint NOT NULL
);


ALTER TABLE public.case_interview_app_exploitation_e_body_part_removed OWNER TO tipnet;

--
-- Name: case_interview_app_exploitation_e_body_part_removed_id_seq; Type: SEQUENCE; Schema: public; Owner: tipnet
--

ALTER TABLE public.case_interview_app_exploitation_e_body_part_removed ALTER COLUMN id ADD GENERATED BY DEFAULT AS IDENTITY (
    SEQUENCE NAME public.case_interview_app_exploitation_e_body_part_removed_id_seq
    START WITH 1
    INCREMENT BY 1
    NO MINVALUE
    NO MAXVALUE
    CACHE 1
);


--
-- Name: case_interview_app_exploitation_e_brice_recipient; Type: TABLE; Schema: public; Owner: tipnet
--

CREATE TABLE public.case_interview_app_exploitation_e_brice_recipient (
    id bigint NOT NULL,
    exploitation_id bigint NOT NULL,
    bridepricerecipient_id bigint NOT NULL
);


ALTER TABLE public.case_interview_app_exploitation_e_brice_recipient OWNER TO tipnet;

--
-- Name: case_interview_app_exploitation_e_brice_recipient_id_seq; Type: SEQUENCE; Schema: public; Owner: tipnet
--

ALTER TABLE public.case_interview_app_exploitation_e_brice_recipient ALTER COLUMN id ADD GENERATED BY DEFAULT AS IDENTITY (
    SEQUENCE NAME public.case_interview_app_exploitation_e_brice_recipient_id_seq
    START WITH 1
    INCREMENT BY 1
    NO MINVALUE
    NO MAXVALUE
    CACHE 1
);


--
-- Name: case_interview_app_exploitation_e_child_marriage_reason; Type: TABLE; Schema: public; Owner: tipnet
--

CREATE TABLE public.case_interview_app_exploitation_e_child_marriage_reason (
    id bigint NOT NULL,
    exploitation_id bigint NOT NULL,
    childmarriagereason_id bigint NOT NULL
);


ALTER TABLE public.case_interview_app_exploitation_e_child_marriage_reason OWNER TO tipnet;

--
-- Name: case_interview_app_exploitation_e_child_marriage_reason_id_seq; Type: SEQUENCE; Schema: public; Owner: tipnet
--

ALTER TABLE public.case_interview_app_exploitation_e_child_marriage_reason ALTER COLUMN id ADD GENERATED BY DEFAULT AS IDENTITY (
    SEQUENCE NAME public.case_interview_app_exploitation_e_child_marriage_reason_id_seq
    START WITH 1
    INCREMENT BY 1
    NO MINVALUE
    NO MAXVALUE
    CACHE 1
);


--
-- Name: case_interview_app_exploitation_e_criminal_activity_type; Type: TABLE; Schema: public; Owner: tipnet
--

CREATE TABLE public.case_interview_app_exploitation_e_criminal_activity_type (
    id bigint NOT NULL,
    exploitation_id bigint NOT NULL,
    criminalactivitytype_id bigint NOT NULL
);


ALTER TABLE public.case_interview_app_exploitation_e_criminal_activity_type OWNER TO tipnet;

--
-- Name: case_interview_app_exploitation_e_criminal_activity_type_id_seq; Type: SEQUENCE; Schema: public; Owner: tipnet
--

ALTER TABLE public.case_interview_app_exploitation_e_criminal_activity_type ALTER COLUMN id ADD GENERATED BY DEFAULT AS IDENTITY (
    SEQUENCE NAME public.case_interview_app_exploitation_e_criminal_activity_type_id_seq
    START WITH 1
    INCREMENT BY 1
    NO MINVALUE
    NO MAXVALUE
    CACHE 1
);


--
-- Name: case_interview_app_exploitation_e_forced_labour_industry; Type: TABLE; Schema: public; Owner: tipnet
--

CREATE TABLE public.case_interview_app_exploitation_e_forced_labour_industry (
    id bigint NOT NULL,
    exploitation_id bigint NOT NULL,
    forcedlabourindustry_id bigint NOT NULL
);


ALTER TABLE public.case_interview_app_exploitation_e_forced_labour_industry OWNER TO tipnet;

--
-- Name: case_interview_app_exploitation_e_forced_labour_industry_id_seq; Type: SEQUENCE; Schema: public; Owner: tipnet
--

ALTER TABLE public.case_interview_app_exploitation_e_forced_labour_industry ALTER COLUMN id ADD GENERATED BY DEFAULT AS IDENTITY (
    SEQUENCE NAME public.case_interview_app_exploitation_e_forced_labour_industry_id_seq
    START WITH 1
    INCREMENT BY 1
    NO MINVALUE
    NO MAXVALUE
    CACHE 1
);


--
-- Name: case_interview_app_exploitation_e_marriage_violence_type; Type: TABLE; Schema: public; Owner: tipnet
--

CREATE TABLE public.case_interview_app_exploitation_e_marriage_violence_type (
    id bigint NOT NULL,
    exploitation_id bigint NOT NULL,
    marriageviolencetype_id bigint NOT NULL
);


ALTER TABLE public.case_interview_app_exploitation_e_marriage_violence_type OWNER TO tipnet;

--
-- Name: case_interview_app_exploitation_e_marriage_violence_type_id_seq; Type: SEQUENCE; Schema: public; Owner: tipnet
--

ALTER TABLE public.case_interview_app_exploitation_e_marriage_violence_type ALTER COLUMN id ADD GENERATED BY DEFAULT AS IDENTITY (
    SEQUENCE NAME public.case_interview_app_exploitation_e_marriage_violence_type_id_seq
    START WITH 1
    INCREMENT BY 1
    NO MINVALUE
    NO MAXVALUE
    CACHE 1
);


--
-- Name: case_interview_app_exploitation_e_trafficking_means; Type: TABLE; Schema: public; Owner: tipnet
--

CREATE TABLE public.case_interview_app_exploitation_e_trafficking_means (
    id bigint NOT NULL,
    exploitation_id bigint NOT NULL,
    traffickingmean_id bigint NOT NULL
);


ALTER TABLE public.case_interview_app_exploitation_e_trafficking_means OWNER TO tipnet;

--
-- Name: case_interview_app_exploitation_e_trafficking_means_id_seq; Type: SEQUENCE; Schema: public; Owner: tipnet
--

ALTER TABLE public.case_interview_app_exploitation_e_trafficking_means ALTER COLUMN id ADD GENERATED BY DEFAULT AS IDENTITY (
    SEQUENCE NAME public.case_interview_app_exploitation_e_trafficking_means_id_seq
    START WITH 1
    INCREMENT BY 1
    NO MINVALUE
    NO MAXVALUE
    CACHE 1
);


--
-- Name: case_interview_app_exploitation_e_victim_military_activities; Type: TABLE; Schema: public; Owner: tipnet
--

CREATE TABLE public.case_interview_app_exploitation_e_victim_military_activities (
    id bigint NOT NULL,
    exploitation_id bigint NOT NULL,
    militaryactivity_id bigint NOT NULL
);


ALTER TABLE public.case_interview_app_exploitation_e_victim_military_activities OWNER TO tipnet;

--
-- Name: case_interview_app_exploitation_e_victim_military_activi_id_seq; Type: SEQUENCE; Schema: public; Owner: tipnet
--

ALTER TABLE public.case_interview_app_exploitation_e_victim_military_activities ALTER COLUMN id ADD GENERATED BY DEFAULT AS IDENTITY (
    SEQUENCE NAME public.case_interview_app_exploitation_e_victim_military_activi_id_seq
    START WITH 1
    INCREMENT BY 1
    NO MINVALUE
    NO MAXVALUE
    CACHE 1
);


--
-- Name: case_interview_app_exploitation_id_seq; Type: SEQUENCE; Schema: public; Owner: tipnet
--

ALTER TABLE public.case_interview_app_exploitation ALTER COLUMN id ADD GENERATED BY DEFAULT AS IDENTITY (
    SEQUENCE NAME public.case_interview_app_exploitation_id_seq
    START WITH 1
    INCREMENT BY 1
    NO MINVALUE
    NO MAXVALUE
    CACHE 1
);


--
-- Name: case_interview_app_exploitationage; Type: TABLE; Schema: public; Owner: tipnet
--

CREATE TABLE public.case_interview_app_exploitationage (
    id bigint NOT NULL,
    name character varying(50) NOT NULL,
    name_en character varying(50),
    name_fr character varying(50),
    name_pt character varying(50)
);


ALTER TABLE public.case_interview_app_exploitationage OWNER TO tipnet;

--
-- Name: case_interview_app_exploitationage_id_seq; Type: SEQUENCE; Schema: public; Owner: tipnet
--

ALTER TABLE public.case_interview_app_exploitationage ALTER COLUMN id ADD GENERATED BY DEFAULT AS IDENTITY (
    SEQUENCE NAME public.case_interview_app_exploitationage_id_seq
    START WITH 1
    INCREMENT BY 1
    NO MINVALUE
    NO MAXVALUE
    CACHE 1
);


--
-- Name: case_interview_app_familystructure; Type: TABLE; Schema: public; Owner: tipnet
--

CREATE TABLE public.case_interview_app_familystructure (
    id bigint NOT NULL,
    name character varying(50) NOT NULL,
    name_en character varying(50),
    name_fr character varying(50),
    name_pt character varying(50)
);


ALTER TABLE public.case_interview_app_familystructure OWNER TO tipnet;

--
-- Name: case_interview_app_familystructure_id_seq; Type: SEQUENCE; Schema: public; Owner: tipnet
--

ALTER TABLE public.case_interview_app_familystructure ALTER COLUMN id ADD GENERATED BY DEFAULT AS IDENTITY (
    SEQUENCE NAME public.case_interview_app_familystructure_id_seq
    START WITH 1
    INCREMENT BY 1
    NO MINVALUE
    NO MAXVALUE
    CACHE 1
);


--
-- Name: case_interview_app_faq; Type: TABLE; Schema: public; Owner: tipnet
--

CREATE TABLE public.case_interview_app_faq (
    id bigint NOT NULL,
    question character varying,
    answer text,
    is_active boolean,
    created_at timestamp with time zone,
    updated_at timestamp with time zone
);


ALTER TABLE public.case_interview_app_faq OWNER TO tipnet;

--
-- Name: case_interview_app_faq_id_seq; Type: SEQUENCE; Schema: public; Owner: tipnet
--

ALTER TABLE public.case_interview_app_faq ALTER COLUMN id ADD GENERATED BY DEFAULT AS IDENTITY (
    SEQUENCE NAME public.case_interview_app_faq_id_seq
    START WITH 1
    INCREMENT BY 1
    NO MINVALUE
    NO MAXVALUE
    CACHE 1
);


--
-- Name: case_interview_app_forcedlabourindustry; Type: TABLE; Schema: public; Owner: tipnet
--

CREATE TABLE public.case_interview_app_forcedlabourindustry (
    id bigint NOT NULL,
    name character varying(50) NOT NULL,
    name_en character varying(50),
    name_fr character varying(50),
    name_pt character varying(50)
);


ALTER TABLE public.case_interview_app_forcedlabourindustry OWNER TO tipnet;

--
-- Name: case_interview_app_forcedlabourindustry_id_seq; Type: SEQUENCE; Schema: public; Owner: tipnet
--

ALTER TABLE public.case_interview_app_forcedlabourindustry ALTER COLUMN id ADD GENERATED BY DEFAULT AS IDENTITY (
    SEQUENCE NAME public.case_interview_app_forcedlabourindustry_id_seq
    START WITH 1
    INCREMENT BY 1
    NO MINVALUE
    NO MAXVALUE
    CACHE 1
);


--
-- Name: case_interview_app_freedmethod; Type: TABLE; Schema: public; Owner: tipnet
--

CREATE TABLE public.case_interview_app_freedmethod (
    id bigint NOT NULL,
    name character varying(50) NOT NULL,
    name_en character varying(50),
    name_fr character varying(50),
    name_pt character varying(50)
);


ALTER TABLE public.case_interview_app_freedmethod OWNER TO tipnet;

--
-- Name: case_interview_app_freedmethod_id_seq; Type: SEQUENCE; Schema: public; Owner: tipnet
--

ALTER TABLE public.case_interview_app_freedmethod ALTER COLUMN id ADD GENERATED BY DEFAULT AS IDENTITY (
    SEQUENCE NAME public.case_interview_app_freedmethod_id_seq
    START WITH 1
    INCREMENT BY 1
    NO MINVALUE
    NO MAXVALUE
    CACHE 1
);


--
-- Name: case_interview_app_gender; Type: TABLE; Schema: public; Owner: tipnet
--

CREATE TABLE public.case_interview_app_gender (
    id bigint NOT NULL,
    name character varying(50) NOT NULL,
    name_en character varying(50),
    name_fr character varying(50),
    name_pt character varying(50)
);


ALTER TABLE public.case_interview_app_gender OWNER TO tipnet;

--
-- Name: case_interview_app_gender_id_seq; Type: SEQUENCE; Schema: public; Owner: tipnet
--

ALTER TABLE public.case_interview_app_gender ALTER COLUMN id ADD GENERATED BY DEFAULT AS IDENTITY (
    SEQUENCE NAME public.case_interview_app_gender_id_seq
    START WITH 1
    INCREMENT BY 1
    NO MINVALUE
    NO MAXVALUE
    CACHE 1
);


--
-- Name: case_interview_app_guiltyreason; Type: TABLE; Schema: public; Owner: tipnet
--

CREATE TABLE public.case_interview_app_guiltyreason (
    id bigint NOT NULL,
    name character varying(50) NOT NULL,
    name_en character varying(50),
    name_fr character varying(50),
    name_pt character varying(50)
);


ALTER TABLE public.case_interview_app_guiltyreason OWNER TO tipnet;

--
-- Name: case_interview_app_guiltyreason_id_seq; Type: SEQUENCE; Schema: public; Owner: tipnet
--

ALTER TABLE public.case_interview_app_guiltyreason ALTER COLUMN id ADD GENERATED BY DEFAULT AS IDENTITY (
    SEQUENCE NAME public.case_interview_app_guiltyreason_id_seq
    START WITH 1
    INCREMENT BY 1
    NO MINVALUE
    NO MAXVALUE
    CACHE 1
);


--
-- Name: case_interview_app_idtype; Type: TABLE; Schema: public; Owner: tipnet
--

CREATE TABLE public.case_interview_app_idtype (
    id bigint NOT NULL,
    name character varying(50) NOT NULL,
    name_en character varying(50),
    name_fr character varying(50),
    name_pt character varying(50)
);


ALTER TABLE public.case_interview_app_idtype OWNER TO tipnet;

--
-- Name: case_interview_app_idtype_id_seq; Type: SEQUENCE; Schema: public; Owner: tipnet
--

ALTER TABLE public.case_interview_app_idtype ALTER COLUMN id ADD GENERATED BY DEFAULT AS IDENTITY (
    SEQUENCE NAME public.case_interview_app_idtype_id_seq
    START WITH 1
    INCREMENT BY 1
    NO MINVALUE
    NO MAXVALUE
    CACHE 1
);


--
-- Name: case_interview_app_imemmigrationstatus; Type: TABLE; Schema: public; Owner: tipnet
--

CREATE TABLE public.case_interview_app_imemmigrationstatus (
    id bigint NOT NULL,
    name character varying(50) NOT NULL,
    name_en character varying(50),
    name_fr character varying(50),
    name_pt character varying(50)
);


ALTER TABLE public.case_interview_app_imemmigrationstatus OWNER TO tipnet;

--
-- Name: case_interview_app_imemmigrationstatus_id_seq; Type: SEQUENCE; Schema: public; Owner: tipnet
--

ALTER TABLE public.case_interview_app_imemmigrationstatus ALTER COLUMN id ADD GENERATED BY DEFAULT AS IDENTITY (
    SEQUENCE NAME public.case_interview_app_imemmigrationstatus_id_seq
    START WITH 1
    INCREMENT BY 1
    NO MINVALUE
    NO MAXVALUE
    CACHE 1
);


--
-- Name: case_interview_app_incomeprojecttype; Type: TABLE; Schema: public; Owner: tipnet
--

CREATE TABLE public.case_interview_app_incomeprojecttype (
    id bigint NOT NULL,
    name character varying(50) NOT NULL,
    name_en character varying(50),
    name_fr character varying(50),
    name_pt character varying(50)
);


ALTER TABLE public.case_interview_app_incomeprojecttype OWNER TO tipnet;

--
-- Name: case_interview_app_incomeprojecttype_id_seq; Type: SEQUENCE; Schema: public; Owner: tipnet
--

ALTER TABLE public.case_interview_app_incomeprojecttype ALTER COLUMN id ADD GENERATED BY DEFAULT AS IDENTITY (
    SEQUENCE NAME public.case_interview_app_incomeprojecttype_id_seq
    START WITH 1
    INCREMENT BY 1
    NO MINVALUE
    NO MAXVALUE
    CACHE 1
);


--
-- Name: case_interview_app_interviewer; Type: TABLE; Schema: public; Owner: tipnet
--

CREATE TABLE public.case_interview_app_interviewer (
    id bigint NOT NULL,
    first_name character varying(50),
    last_name character varying(50),
    "position" character varying(250),
    organization character varying(250),
    email_address character varying(254),
    country_id bigint,
    data_entry_purpose_id bigint,
    address character varying(250),
    approval_comments text,
    approval_id bigint,
    created_at timestamp with time zone,
    updated_at timestamp with time zone
);


ALTER TABLE public.case_interview_app_interviewer OWNER TO tipnet;

--
-- Name: case_interview_app_interviewer_id_seq; Type: SEQUENCE; Schema: public; Owner: tipnet
--

ALTER TABLE public.case_interview_app_interviewer ALTER COLUMN id ADD GENERATED BY DEFAULT AS IDENTITY (
    SEQUENCE NAME public.case_interview_app_interviewer_id_seq
    START WITH 1
    INCREMENT BY 1
    NO MINVALUE
    NO MAXVALUE
    CACHE 1
);


--
-- Name: case_interview_app_interviewer_som_cases; Type: TABLE; Schema: public; Owner: tipnet
--

CREATE TABLE public.case_interview_app_interviewer_som_cases (
    id bigint NOT NULL,
    interviewer_id bigint NOT NULL,
    somcase_id bigint NOT NULL
);


ALTER TABLE public.case_interview_app_interviewer_som_cases OWNER TO tipnet;

--
-- Name: case_interview_app_interviewer_som_cases_id_seq; Type: SEQUENCE; Schema: public; Owner: tipnet
--

ALTER TABLE public.case_interview_app_interviewer_som_cases ALTER COLUMN id ADD GENERATED BY DEFAULT AS IDENTITY (
    SEQUENCE NAME public.case_interview_app_interviewer_som_cases_id_seq
    START WITH 1
    INCREMENT BY 1
    NO MINVALUE
    NO MAXVALUE
    CACHE 1
);


--
-- Name: case_interview_app_interviewer_som_victims; Type: TABLE; Schema: public; Owner: tipnet
--

CREATE TABLE public.case_interview_app_interviewer_som_victims (
    id bigint NOT NULL,
    interviewer_id bigint NOT NULL,
    somvictimprofile_id bigint NOT NULL
);


ALTER TABLE public.case_interview_app_interviewer_som_victims OWNER TO tipnet;

--
-- Name: case_interview_app_interviewer_som_victims_id_seq; Type: SEQUENCE; Schema: public; Owner: tipnet
--

ALTER TABLE public.case_interview_app_interviewer_som_victims ALTER COLUMN id ADD GENERATED BY DEFAULT AS IDENTITY (
    SEQUENCE NAME public.case_interview_app_interviewer_som_victims_id_seq
    START WITH 1
    INCREMENT BY 1
    NO MINVALUE
    NO MAXVALUE
    CACHE 1
);


--
-- Name: case_interview_app_interviewer_victims; Type: TABLE; Schema: public; Owner: tipnet
--

CREATE TABLE public.case_interview_app_interviewer_victims (
    id bigint NOT NULL,
    interviewer_id bigint NOT NULL,
    victimprofile_id bigint NOT NULL
);


ALTER TABLE public.case_interview_app_interviewer_victims OWNER TO tipnet;

--
-- Name: case_interview_app_interviewer_victims_id_seq; Type: SEQUENCE; Schema: public; Owner: tipnet
--

ALTER TABLE public.case_interview_app_interviewer_victims ALTER COLUMN id ADD GENERATED BY DEFAULT AS IDENTITY (
    SEQUENCE NAME public.case_interview_app_interviewer_victims_id_seq
    START WITH 1
    INCREMENT BY 1
    NO MINVALUE
    NO MAXVALUE
    CACHE 1
);


--
-- Name: case_interview_app_investigationstatus; Type: TABLE; Schema: public; Owner: tipnet
--

CREATE TABLE public.case_interview_app_investigationstatus (
    id bigint NOT NULL,
    name character varying(50) NOT NULL,
    name_en character varying(50),
    name_fr character varying(50),
    name_pt character varying(50)
);


ALTER TABLE public.case_interview_app_investigationstatus OWNER TO tipnet;

--
-- Name: case_interview_app_investigationstatus_id_seq; Type: SEQUENCE; Schema: public; Owner: tipnet
--

ALTER TABLE public.case_interview_app_investigationstatus ALTER COLUMN id ADD GENERATED BY DEFAULT AS IDENTITY (
    SEQUENCE NAME public.case_interview_app_investigationstatus_id_seq
    START WITH 1
    INCREMENT BY 1
    NO MINVALUE
    NO MAXVALUE
    CACHE 1
);


--
-- Name: case_interview_app_language; Type: TABLE; Schema: public; Owner: tipnet
--

CREATE TABLE public.case_interview_app_language (
    id bigint NOT NULL,
    name character varying(50) NOT NULL,
    name_en character varying(50),
    name_fr character varying(50),
    name_pt character varying(50)
);


ALTER TABLE public.case_interview_app_language OWNER TO tipnet;

--
-- Name: case_interview_app_language_id_seq; Type: SEQUENCE; Schema: public; Owner: tipnet
--

ALTER TABLE public.case_interview_app_language ALTER COLUMN id ADD GENERATED BY DEFAULT AS IDENTITY (
    SEQUENCE NAME public.case_interview_app_language_id_seq
    START WITH 1
    INCREMENT BY 1
    NO MINVALUE
    NO MAXVALUE
    CACHE 1
);


--
-- Name: case_interview_app_livingwith; Type: TABLE; Schema: public; Owner: tipnet
--

CREATE TABLE public.case_interview_app_livingwith (
    id bigint NOT NULL,
    name character varying(50) NOT NULL,
    name_en character varying(50),
    name_fr character varying(50),
    name_pt character varying(50)
);


ALTER TABLE public.case_interview_app_livingwith OWNER TO tipnet;

--
-- Name: case_interview_app_livingwith_id_seq; Type: SEQUENCE; Schema: public; Owner: tipnet
--

ALTER TABLE public.case_interview_app_livingwith ALTER COLUMN id ADD GENERATED BY DEFAULT AS IDENTITY (
    SEQUENCE NAME public.case_interview_app_livingwith_id_seq
    START WITH 1
    INCREMENT BY 1
    NO MINVALUE
    NO MAXVALUE
    CACHE 1
);


--
-- Name: case_interview_app_marriageviolencetype; Type: TABLE; Schema: public; Owner: tipnet
--

CREATE TABLE public.case_interview_app_marriageviolencetype (
    id bigint NOT NULL,
    name character varying(50) NOT NULL,
    name_en character varying(50),
    name_fr character varying(50),
    name_pt character varying(50)
);


ALTER TABLE public.case_interview_app_marriageviolencetype OWNER TO tipnet;

--
-- Name: case_interview_app_marriageviolencetype_id_seq; Type: SEQUENCE; Schema: public; Owner: tipnet
--

ALTER TABLE public.case_interview_app_marriageviolencetype ALTER COLUMN id ADD GENERATED BY DEFAULT AS IDENTITY (
    SEQUENCE NAME public.case_interview_app_marriageviolencetype_id_seq
    START WITH 1
    INCREMENT BY 1
    NO MINVALUE
    NO MAXVALUE
    CACHE 1
);


--
-- Name: case_interview_app_militaryactivity; Type: TABLE; Schema: public; Owner: tipnet
--

CREATE TABLE public.case_interview_app_militaryactivity (
    id bigint NOT NULL,
    name character varying(50) NOT NULL,
    name_en character varying(50),
    name_fr character varying(50),
    name_pt character varying(50)
);


ALTER TABLE public.case_interview_app_militaryactivity OWNER TO tipnet;

--
-- Name: case_interview_app_militaryactivity_id_seq; Type: SEQUENCE; Schema: public; Owner: tipnet
--

ALTER TABLE public.case_interview_app_militaryactivity ALTER COLUMN id ADD GENERATED BY DEFAULT AS IDENTITY (
    SEQUENCE NAME public.case_interview_app_militaryactivity_id_seq
    START WITH 1
    INCREMENT BY 1
    NO MINVALUE
    NO MAXVALUE
    CACHE 1
);


--
-- Name: case_interview_app_militarytype; Type: TABLE; Schema: public; Owner: tipnet
--

CREATE TABLE public.case_interview_app_militarytype (
    id bigint NOT NULL,
    name character varying(50) NOT NULL,
    name_en character varying(50),
    name_fr character varying(50),
    name_pt character varying(50)
);


ALTER TABLE public.case_interview_app_militarytype OWNER TO tipnet;

--
-- Name: case_interview_app_militarytype_id_seq; Type: SEQUENCE; Schema: public; Owner: tipnet
--

ALTER TABLE public.case_interview_app_militarytype ALTER COLUMN id ADD GENERATED BY DEFAULT AS IDENTITY (
    SEQUENCE NAME public.case_interview_app_militarytype_id_seq
    START WITH 1
    INCREMENT BY 1
    NO MINVALUE
    NO MAXVALUE
    CACHE 1
);


--
-- Name: case_interview_app_occupation; Type: TABLE; Schema: public; Owner: tipnet
--

CREATE TABLE public.case_interview_app_occupation (
    id bigint NOT NULL,
    name character varying(50) NOT NULL,
    name_en character varying(50),
    name_fr character varying(50),
    name_pt character varying(50)
);


ALTER TABLE public.case_interview_app_occupation OWNER TO tipnet;

--
-- Name: case_interview_app_occupation_id_seq; Type: SEQUENCE; Schema: public; Owner: tipnet
--

ALTER TABLE public.case_interview_app_occupation ALTER COLUMN id ADD GENERATED BY DEFAULT AS IDENTITY (
    SEQUENCE NAME public.case_interview_app_occupation_id_seq
    START WITH 1
    INCREMENT BY 1
    NO MINVALUE
    NO MAXVALUE
    CACHE 1
);


--
-- Name: case_interview_app_operationlocation; Type: TABLE; Schema: public; Owner: tipnet
--

CREATE TABLE public.case_interview_app_operationlocation (
    id bigint NOT NULL,
    name character varying(50) NOT NULL,
    name_en character varying(50),
    name_fr character varying(50),
    name_pt character varying(50)
);


ALTER TABLE public.case_interview_app_operationlocation OWNER TO tipnet;

--
-- Name: case_interview_app_operationlocation_id_seq; Type: SEQUENCE; Schema: public; Owner: tipnet
--

ALTER TABLE public.case_interview_app_operationlocation ALTER COLUMN id ADD GENERATED BY DEFAULT AS IDENTITY (
    SEQUENCE NAME public.case_interview_app_operationlocation_id_seq
    START WITH 1
    INCREMENT BY 1
    NO MINVALUE
    NO MAXVALUE
    CACHE 1
);


--
-- Name: case_interview_app_organpaidto; Type: TABLE; Schema: public; Owner: tipnet
--

CREATE TABLE public.case_interview_app_organpaidto (
    id bigint NOT NULL,
    name character varying(50) NOT NULL,
    name_en character varying(50),
    name_fr character varying(50),
    name_pt character varying(50)
);


ALTER TABLE public.case_interview_app_organpaidto OWNER TO tipnet;

--
-- Name: case_interview_app_organpaidto_id_seq; Type: SEQUENCE; Schema: public; Owner: tipnet
--

ALTER TABLE public.case_interview_app_organpaidto ALTER COLUMN id ADD GENERATED BY DEFAULT AS IDENTITY (
    SEQUENCE NAME public.case_interview_app_organpaidto_id_seq
    START WITH 1
    INCREMENT BY 1
    NO MINVALUE
    NO MAXVALUE
    CACHE 1
);


--
-- Name: case_interview_app_prosecution; Type: TABLE; Schema: public; Owner: tipnet
--

CREATE TABLE public.case_interview_app_prosecution (
    id bigint NOT NULL,
    court_case_no character varying(50),
    guilty_verdict boolean,
    review_appeal_outcome character varying(50),
    years_imposed integer,
    aquital_reason_id bigint,
    guilty_verdict_reason_id bigint,
    interviewer_id bigint,
    prosecution_outcome_id bigint,
    sanction_penalty_id bigint,
    status_of_case_id bigint,
    trafficker_id bigint,
    trial_court_id bigint,
    trial_court_country_id bigint,
    victim_id bigint,
    verdict_id bigint,
    approval_id bigint,
    approval_comments text,
    created_at timestamp with time zone,
    updated_at timestamp with time zone
);


ALTER TABLE public.case_interview_app_prosecution OWNER TO tipnet;

--
-- Name: case_interview_app_prosecution_id_seq; Type: SEQUENCE; Schema: public; Owner: tipnet
--

ALTER TABLE public.case_interview_app_prosecution ALTER COLUMN id ADD GENERATED BY DEFAULT AS IDENTITY (
    SEQUENCE NAME public.case_interview_app_prosecution_id_seq
    START WITH 1
    INCREMENT BY 1
    NO MINVALUE
    NO MAXVALUE
    CACHE 1
);


--
-- Name: case_interview_app_prosecutionoutcome; Type: TABLE; Schema: public; Owner: tipnet
--

CREATE TABLE public.case_interview_app_prosecutionoutcome (
    id bigint NOT NULL,
    name character varying(50) NOT NULL,
    name_en character varying(50),
    name_fr character varying(50),
    name_pt character varying(50)
);


ALTER TABLE public.case_interview_app_prosecutionoutcome OWNER TO tipnet;

--
-- Name: case_interview_app_prosecutionoutcome_id_seq; Type: SEQUENCE; Schema: public; Owner: tipnet
--

ALTER TABLE public.case_interview_app_prosecutionoutcome ALTER COLUMN id ADD GENERATED BY DEFAULT AS IDENTITY (
    SEQUENCE NAME public.case_interview_app_prosecutionoutcome_id_seq
    START WITH 1
    INCREMENT BY 1
    NO MINVALUE
    NO MAXVALUE
    CACHE 1
);


--
-- Name: case_interview_app_provider; Type: TABLE; Schema: public; Owner: tipnet
--

CREATE TABLE public.case_interview_app_provider (
    id bigint NOT NULL,
    name character varying(50) NOT NULL,
    name_en character varying(50),
    name_fr character varying(50),
    name_pt character varying(50)
);


ALTER TABLE public.case_interview_app_provider OWNER TO tipnet;

--
-- Name: case_interview_app_provider_id_seq; Type: SEQUENCE; Schema: public; Owner: tipnet
--

ALTER TABLE public.case_interview_app_provider ALTER COLUMN id ADD GENERATED BY DEFAULT AS IDENTITY (
    SEQUENCE NAME public.case_interview_app_provider_id_seq
    START WITH 1
    INCREMENT BY 1
    NO MINVALUE
    NO MAXVALUE
    CACHE 1
);


--
-- Name: case_interview_app_race; Type: TABLE; Schema: public; Owner: tipnet
--

CREATE TABLE public.case_interview_app_race (
    id bigint NOT NULL,
    name character varying(50) NOT NULL,
    name_en character varying(50),
    name_fr character varying(50),
    name_pt character varying(50)
);


ALTER TABLE public.case_interview_app_race OWNER TO tipnet;

--
-- Name: case_interview_app_race_id_seq; Type: SEQUENCE; Schema: public; Owner: tipnet
--

ALTER TABLE public.case_interview_app_race ALTER COLUMN id ADD GENERATED BY DEFAULT AS IDENTITY (
    SEQUENCE NAME public.case_interview_app_race_id_seq
    START WITH 1
    INCREMENT BY 1
    NO MINVALUE
    NO MAXVALUE
    CACHE 1
);


--
-- Name: case_interview_app_recruiterrelationship; Type: TABLE; Schema: public; Owner: tipnet
--

CREATE TABLE public.case_interview_app_recruiterrelationship (
    id bigint NOT NULL,
    name character varying(50) NOT NULL,
    name_en character varying(50),
    name_fr character varying(50),
    name_pt character varying(50)
);


ALTER TABLE public.case_interview_app_recruiterrelationship OWNER TO tipnet;

--
-- Name: case_interview_app_recruiterrelationship_id_seq; Type: SEQUENCE; Schema: public; Owner: tipnet
--

ALTER TABLE public.case_interview_app_recruiterrelationship ALTER COLUMN id ADD GENERATED BY DEFAULT AS IDENTITY (
    SEQUENCE NAME public.case_interview_app_recruiterrelationship_id_seq
    START WITH 1
    INCREMENT BY 1
    NO MINVALUE
    NO MAXVALUE
    CACHE 1
);


--
-- Name: case_interview_app_recruitmenttype; Type: TABLE; Schema: public; Owner: tipnet
--

CREATE TABLE public.case_interview_app_recruitmenttype (
    id bigint NOT NULL,
    name character varying(50) NOT NULL,
    name_en character varying(50),
    name_fr character varying(50),
    name_pt character varying(50)
);


ALTER TABLE public.case_interview_app_recruitmenttype OWNER TO tipnet;

--
-- Name: case_interview_app_recruitmenttype_id_seq; Type: SEQUENCE; Schema: public; Owner: tipnet
--

ALTER TABLE public.case_interview_app_recruitmenttype ALTER COLUMN id ADD GENERATED BY DEFAULT AS IDENTITY (
    SEQUENCE NAME public.case_interview_app_recruitmenttype_id_seq
    START WITH 1
    INCREMENT BY 1
    NO MINVALUE
    NO MAXVALUE
    CACHE 1
);


--
-- Name: case_interview_app_roleintrafficking; Type: TABLE; Schema: public; Owner: tipnet
--

CREATE TABLE public.case_interview_app_roleintrafficking (
    id bigint NOT NULL,
    name character varying(50) NOT NULL,
    name_en character varying(50),
    name_fr character varying(50),
    name_pt character varying(50)
);


ALTER TABLE public.case_interview_app_roleintrafficking OWNER TO tipnet;

--
-- Name: case_interview_app_roleintrafficking_id_seq; Type: SEQUENCE; Schema: public; Owner: tipnet
--

ALTER TABLE public.case_interview_app_roleintrafficking ALTER COLUMN id ADD GENERATED BY DEFAULT AS IDENTITY (
    SEQUENCE NAME public.case_interview_app_roleintrafficking_id_seq
    START WITH 1
    INCREMENT BY 1
    NO MINVALUE
    NO MAXVALUE
    CACHE 1
);


--
-- Name: case_interview_app_sanctionpenalty; Type: TABLE; Schema: public; Owner: tipnet
--

CREATE TABLE public.case_interview_app_sanctionpenalty (
    id bigint NOT NULL,
    name character varying(50) NOT NULL,
    name_en character varying(50),
    name_fr character varying(50),
    name_pt character varying(50)
);


ALTER TABLE public.case_interview_app_sanctionpenalty OWNER TO tipnet;

--
-- Name: case_interview_app_sanctionpenalty_id_seq; Type: SEQUENCE; Schema: public; Owner: tipnet
--

ALTER TABLE public.case_interview_app_sanctionpenalty ALTER COLUMN id ADD GENERATED BY DEFAULT AS IDENTITY (
    SEQUENCE NAME public.case_interview_app_sanctionpenalty_id_seq
    START WITH 1
    INCREMENT BY 1
    NO MINVALUE
    NO MAXVALUE
    CACHE 1
);


--
-- Name: case_interview_app_search; Type: TABLE; Schema: public; Owner: tipnet
--

CREATE TABLE public.case_interview_app_search (
    id bigint NOT NULL,
    search_text character varying,
    search_description character varying,
    search_link character varying,
    search_tag_id bigint,
    is_admin boolean,
    is_technical boolean,
    created_at timestamp with time zone,
    updated_at timestamp with time zone,
    data_entry_purpose_id bigint,
    search_description_fr character varying,
    search_description_pt character varying,
    search_text_fr character varying,
    search_text_pt character varying
);


ALTER TABLE public.case_interview_app_search OWNER TO tipnet;

--
-- Name: case_interview_app_search_id_seq; Type: SEQUENCE; Schema: public; Owner: tipnet
--

ALTER TABLE public.case_interview_app_search ALTER COLUMN id ADD GENERATED BY DEFAULT AS IDENTITY (
    SEQUENCE NAME public.case_interview_app_search_id_seq
    START WITH 1
    INCREMENT BY 1
    NO MINVALUE
    NO MAXVALUE
    CACHE 1
);


--
-- Name: case_interview_app_socioeconomic; Type: TABLE; Schema: public; Owner: tipnet
--

CREATE TABLE public.case_interview_app_socioeconomic (
    id bigint NOT NULL,
    violence_prior boolean,
    violence_type character varying(50),
    education_level_id bigint,
    family_structure_id bigint,
    living_with_id bigint,
    approval_id bigint,
    approval_comments text,
    interviewer_id bigint,
    victim_id bigint,
    created_at timestamp with time zone,
    updated_at timestamp with time zone
);


ALTER TABLE public.case_interview_app_socioeconomic OWNER TO tipnet;

--
-- Name: case_interview_app_socioeconomic_id_seq; Type: SEQUENCE; Schema: public; Owner: tipnet
--

ALTER TABLE public.case_interview_app_socioeconomic ALTER COLUMN id ADD GENERATED BY DEFAULT AS IDENTITY (
    SEQUENCE NAME public.case_interview_app_socioeconomic_id_seq
    START WITH 1
    INCREMENT BY 1
    NO MINVALUE
    NO MAXVALUE
    CACHE 1
);


--
-- Name: case_interview_app_socioeconomic_last_occupation; Type: TABLE; Schema: public; Owner: tipnet
--

CREATE TABLE public.case_interview_app_socioeconomic_last_occupation (
    id bigint NOT NULL,
    socioeconomic_id bigint NOT NULL,
    occupation_id bigint NOT NULL
);


ALTER TABLE public.case_interview_app_socioeconomic_last_occupation OWNER TO tipnet;

--
-- Name: case_interview_app_socioeconomic_last_occupation_id_seq; Type: SEQUENCE; Schema: public; Owner: tipnet
--

ALTER TABLE public.case_interview_app_socioeconomic_last_occupation ALTER COLUMN id ADD GENERATED BY DEFAULT AS IDENTITY (
    SEQUENCE NAME public.case_interview_app_socioeconomic_last_occupation_id_seq
    START WITH 1
    INCREMENT BY 1
    NO MINVALUE
    NO MAXVALUE
    CACHE 1
);


--
-- Name: case_interview_app_somarrestinvestigation; Type: TABLE; Schema: public; Owner: tipnet
--

CREATE TABLE public.case_interview_app_somarrestinvestigation (
    id bigint NOT NULL,
    org_crime boolean,
    suspects_arrested boolean,
    why_no_arrest text,
    victim_smuggled boolean,
    investigation_done boolean,
    why_no_investigation text,
    why_pending text,
    withdrawn_closed_reason text,
    approval_comments text,
    created_at timestamp with time zone,
    updated_at timestamp with time zone,
    approval_id bigint,
    interviewer_id bigint,
    investigation_status_id bigint,
    case_id bigint
);


ALTER TABLE public.case_interview_app_somarrestinvestigation OWNER TO tipnet;

--
-- Name: case_interview_app_somarrestinvestigation_how_traffickers_org; Type: TABLE; Schema: public; Owner: tipnet
--

CREATE TABLE public.case_interview_app_somarrestinvestigation_how_traffickers_org (
    id bigint NOT NULL,
    somarrestinvestigation_id bigint NOT NULL,
    traffickerorg_id bigint NOT NULL
);


ALTER TABLE public.case_interview_app_somarrestinvestigation_how_traffickers_org OWNER TO tipnet;

--
-- Name: case_interview_app_somarrestinvestigation_how_trafficker_id_seq; Type: SEQUENCE; Schema: public; Owner: tipnet
--

ALTER TABLE public.case_interview_app_somarrestinvestigation_how_traffickers_org ALTER COLUMN id ADD GENERATED BY DEFAULT AS IDENTITY (
    SEQUENCE NAME public.case_interview_app_somarrestinvestigation_how_trafficker_id_seq
    START WITH 1
    INCREMENT BY 1
    NO MINVALUE
    NO MAXVALUE
    CACHE 1
);


--
-- Name: case_interview_app_somarrestinvestigation_id_seq; Type: SEQUENCE; Schema: public; Owner: tipnet
--

ALTER TABLE public.case_interview_app_somarrestinvestigation ALTER COLUMN id ADD GENERATED BY DEFAULT AS IDENTITY (
    SEQUENCE NAME public.case_interview_app_somarrestinvestigation_id_seq
    START WITH 1
    INCREMENT BY 1
    NO MINVALUE
    NO MAXVALUE
    CACHE 1
);


--
-- Name: case_interview_app_somassistance; Type: TABLE; Schema: public; Owner: tipnet
--

CREATE TABLE public.case_interview_app_somassistance (
    id bigint NOT NULL,
    approval_comments text,
    created_at timestamp with time zone,
    updated_at timestamp with time zone,
    approval_id bigint,
    education_assistance_level_id bigint,
    im_emmigration_assistance_status_id bigint,
    interviewer_id bigint,
    micro_ent_income_project_id bigint,
    other_community_assistance_type_id bigint,
    education_assistance boolean,
    financial_assistance boolean,
    halfway_house boolean,
    housing_allowance boolean,
    im_emmigration_assistance boolean,
    legal_assistance boolean,
    med_rehab boolean,
    medical_assistance boolean,
    micro_ent_income boolean,
    other_community_assistance boolean,
    shelter boolean,
    social_assistance boolean,
    vocational_training boolean,
    case_id bigint
);


ALTER TABLE public.case_interview_app_somassistance OWNER TO tipnet;

--
-- Name: case_interview_app_somassistance_education_assistance_provider; Type: TABLE; Schema: public; Owner: tipnet
--

CREATE TABLE public.case_interview_app_somassistance_education_assistance_provider (
    id bigint NOT NULL,
    somassistance_id bigint NOT NULL,
    provider_id bigint NOT NULL
);


ALTER TABLE public.case_interview_app_somassistance_education_assistance_provider OWNER TO tipnet;

--
-- Name: case_interview_app_somassistance_education_assistance_pr_id_seq; Type: SEQUENCE; Schema: public; Owner: tipnet
--

ALTER TABLE public.case_interview_app_somassistance_education_assistance_provider ALTER COLUMN id ADD GENERATED BY DEFAULT AS IDENTITY (
    SEQUENCE NAME public.case_interview_app_somassistance_education_assistance_pr_id_seq
    START WITH 1
    INCREMENT BY 1
    NO MINVALUE
    NO MAXVALUE
    CACHE 1
);


--
-- Name: case_interview_app_somassistance_financial_assistance_provider; Type: TABLE; Schema: public; Owner: tipnet
--

CREATE TABLE public.case_interview_app_somassistance_financial_assistance_provider (
    id bigint NOT NULL,
    somassistance_id bigint NOT NULL,
    provider_id bigint NOT NULL
);


ALTER TABLE public.case_interview_app_somassistance_financial_assistance_provider OWNER TO tipnet;

--
-- Name: case_interview_app_somassistance_financial_assistance_pr_id_seq; Type: SEQUENCE; Schema: public; Owner: tipnet
--

ALTER TABLE public.case_interview_app_somassistance_financial_assistance_provider ALTER COLUMN id ADD GENERATED BY DEFAULT AS IDENTITY (
    SEQUENCE NAME public.case_interview_app_somassistance_financial_assistance_pr_id_seq
    START WITH 1
    INCREMENT BY 1
    NO MINVALUE
    NO MAXVALUE
    CACHE 1
);


--
-- Name: case_interview_app_somassistance_halfway_house_providers; Type: TABLE; Schema: public; Owner: tipnet
--

CREATE TABLE public.case_interview_app_somassistance_halfway_house_providers (
    id bigint NOT NULL,
    somassistance_id bigint NOT NULL,
    provider_id bigint NOT NULL
);


ALTER TABLE public.case_interview_app_somassistance_halfway_house_providers OWNER TO tipnet;

--
-- Name: case_interview_app_somassistance_halfway_house_providers_id_seq; Type: SEQUENCE; Schema: public; Owner: tipnet
--

ALTER TABLE public.case_interview_app_somassistance_halfway_house_providers ALTER COLUMN id ADD GENERATED BY DEFAULT AS IDENTITY (
    SEQUENCE NAME public.case_interview_app_somassistance_halfway_house_providers_id_seq
    START WITH 1
    INCREMENT BY 1
    NO MINVALUE
    NO MAXVALUE
    CACHE 1
);


--
-- Name: case_interview_app_somassistance_housing_allowance_provider; Type: TABLE; Schema: public; Owner: tipnet
--

CREATE TABLE public.case_interview_app_somassistance_housing_allowance_provider (
    id bigint NOT NULL,
    somassistance_id bigint NOT NULL,
    provider_id bigint NOT NULL
);


ALTER TABLE public.case_interview_app_somassistance_housing_allowance_provider OWNER TO tipnet;

--
-- Name: case_interview_app_somassistance_housing_allowance_provi_id_seq; Type: SEQUENCE; Schema: public; Owner: tipnet
--

ALTER TABLE public.case_interview_app_somassistance_housing_allowance_provider ALTER COLUMN id ADD GENERATED BY DEFAULT AS IDENTITY (
    SEQUENCE NAME public.case_interview_app_somassistance_housing_allowance_provi_id_seq
    START WITH 1
    INCREMENT BY 1
    NO MINVALUE
    NO MAXVALUE
    CACHE 1
);


--
-- Name: case_interview_app_somassistance_id_seq; Type: SEQUENCE; Schema: public; Owner: tipnet
--

ALTER TABLE public.case_interview_app_somassistance ALTER COLUMN id ADD GENERATED BY DEFAULT AS IDENTITY (
    SEQUENCE NAME public.case_interview_app_somassistance_id_seq
    START WITH 1
    INCREMENT BY 1
    NO MINVALUE
    NO MAXVALUE
    CACHE 1
);


--
-- Name: case_interview_app_somassistance_im_emmigration_assistance_5235; Type: TABLE; Schema: public; Owner: tipnet
--

CREATE TABLE public.case_interview_app_somassistance_im_emmigration_assistance_5235 (
    id bigint NOT NULL,
    somassistance_id bigint NOT NULL,
    provider_id bigint NOT NULL
);


ALTER TABLE public.case_interview_app_somassistance_im_emmigration_assistance_5235 OWNER TO tipnet;

--
-- Name: case_interview_app_somassistance_im_emmigration_assistan_id_seq; Type: SEQUENCE; Schema: public; Owner: tipnet
--

ALTER TABLE public.case_interview_app_somassistance_im_emmigration_assistance_5235 ALTER COLUMN id ADD GENERATED BY DEFAULT AS IDENTITY (
    SEQUENCE NAME public.case_interview_app_somassistance_im_emmigration_assistan_id_seq
    START WITH 1
    INCREMENT BY 1
    NO MINVALUE
    NO MAXVALUE
    CACHE 1
);


--
-- Name: case_interview_app_somassistance_legal_assistance_provider; Type: TABLE; Schema: public; Owner: tipnet
--

CREATE TABLE public.case_interview_app_somassistance_legal_assistance_provider (
    id bigint NOT NULL,
    somassistance_id bigint NOT NULL,
    provider_id bigint NOT NULL
);


ALTER TABLE public.case_interview_app_somassistance_legal_assistance_provider OWNER TO tipnet;

--
-- Name: case_interview_app_somassistance_legal_assistance_provid_id_seq; Type: SEQUENCE; Schema: public; Owner: tipnet
--

ALTER TABLE public.case_interview_app_somassistance_legal_assistance_provider ALTER COLUMN id ADD GENERATED BY DEFAULT AS IDENTITY (
    SEQUENCE NAME public.case_interview_app_somassistance_legal_assistance_provid_id_seq
    START WITH 1
    INCREMENT BY 1
    NO MINVALUE
    NO MAXVALUE
    CACHE 1
);


--
-- Name: case_interview_app_somassistance_med_rehab_provider; Type: TABLE; Schema: public; Owner: tipnet
--

CREATE TABLE public.case_interview_app_somassistance_med_rehab_provider (
    id bigint NOT NULL,
    somassistance_id bigint NOT NULL,
    provider_id bigint NOT NULL
);


ALTER TABLE public.case_interview_app_somassistance_med_rehab_provider OWNER TO tipnet;

--
-- Name: case_interview_app_somassistance_med_rehab_provider_id_seq; Type: SEQUENCE; Schema: public; Owner: tipnet
--

ALTER TABLE public.case_interview_app_somassistance_med_rehab_provider ALTER COLUMN id ADD GENERATED BY DEFAULT AS IDENTITY (
    SEQUENCE NAME public.case_interview_app_somassistance_med_rehab_provider_id_seq
    START WITH 1
    INCREMENT BY 1
    NO MINVALUE
    NO MAXVALUE
    CACHE 1
);


--
-- Name: case_interview_app_somassistance_medical_assistance_provider; Type: TABLE; Schema: public; Owner: tipnet
--

CREATE TABLE public.case_interview_app_somassistance_medical_assistance_provider (
    id bigint NOT NULL,
    somassistance_id bigint NOT NULL,
    provider_id bigint NOT NULL
);


ALTER TABLE public.case_interview_app_somassistance_medical_assistance_provider OWNER TO tipnet;

--
-- Name: case_interview_app_somassistance_medical_assistance_prov_id_seq; Type: SEQUENCE; Schema: public; Owner: tipnet
--

ALTER TABLE public.case_interview_app_somassistance_medical_assistance_provider ALTER COLUMN id ADD GENERATED BY DEFAULT AS IDENTITY (
    SEQUENCE NAME public.case_interview_app_somassistance_medical_assistance_prov_id_seq
    START WITH 1
    INCREMENT BY 1
    NO MINVALUE
    NO MAXVALUE
    CACHE 1
);


--
-- Name: case_interview_app_somassistance_micro_ent_income_provider; Type: TABLE; Schema: public; Owner: tipnet
--

CREATE TABLE public.case_interview_app_somassistance_micro_ent_income_provider (
    id bigint NOT NULL,
    somassistance_id bigint NOT NULL,
    provider_id bigint NOT NULL
);


ALTER TABLE public.case_interview_app_somassistance_micro_ent_income_provider OWNER TO tipnet;

--
-- Name: case_interview_app_somassistance_micro_ent_income_provid_id_seq; Type: SEQUENCE; Schema: public; Owner: tipnet
--

ALTER TABLE public.case_interview_app_somassistance_micro_ent_income_provider ALTER COLUMN id ADD GENERATED BY DEFAULT AS IDENTITY (
    SEQUENCE NAME public.case_interview_app_somassistance_micro_ent_income_provid_id_seq
    START WITH 1
    INCREMENT BY 1
    NO MINVALUE
    NO MAXVALUE
    CACHE 1
);


--
-- Name: case_interview_app_somassistance_other_community_assistancef9fa; Type: TABLE; Schema: public; Owner: tipnet
--

CREATE TABLE public.case_interview_app_somassistance_other_community_assistancef9fa (
    id bigint NOT NULL,
    somassistance_id bigint NOT NULL,
    provider_id bigint NOT NULL
);


ALTER TABLE public.case_interview_app_somassistance_other_community_assistancef9fa OWNER TO tipnet;

--
-- Name: case_interview_app_somassistance_other_community_assista_id_seq; Type: SEQUENCE; Schema: public; Owner: tipnet
--

ALTER TABLE public.case_interview_app_somassistance_other_community_assistancef9fa ALTER COLUMN id ADD GENERATED BY DEFAULT AS IDENTITY (
    SEQUENCE NAME public.case_interview_app_somassistance_other_community_assista_id_seq
    START WITH 1
    INCREMENT BY 1
    NO MINVALUE
    NO MAXVALUE
    CACHE 1
);


--
-- Name: case_interview_app_somassistance_shelter_provider; Type: TABLE; Schema: public; Owner: tipnet
--

CREATE TABLE public.case_interview_app_somassistance_shelter_provider (
    id bigint NOT NULL,
    somassistance_id bigint NOT NULL,
    provider_id bigint NOT NULL
);


ALTER TABLE public.case_interview_app_somassistance_shelter_provider OWNER TO tipnet;

--
-- Name: case_interview_app_somassistance_shelter_provider_id_seq; Type: SEQUENCE; Schema: public; Owner: tipnet
--

ALTER TABLE public.case_interview_app_somassistance_shelter_provider ALTER COLUMN id ADD GENERATED BY DEFAULT AS IDENTITY (
    SEQUENCE NAME public.case_interview_app_somassistance_shelter_provider_id_seq
    START WITH 1
    INCREMENT BY 1
    NO MINVALUE
    NO MAXVALUE
    CACHE 1
);


--
-- Name: case_interview_app_somassistance_social_assistance_provider; Type: TABLE; Schema: public; Owner: tipnet
--

CREATE TABLE public.case_interview_app_somassistance_social_assistance_provider (
    id bigint NOT NULL,
    somassistance_id bigint NOT NULL,
    provider_id bigint NOT NULL
);


ALTER TABLE public.case_interview_app_somassistance_social_assistance_provider OWNER TO tipnet;

--
-- Name: case_interview_app_somassistance_social_assistance_provi_id_seq; Type: SEQUENCE; Schema: public; Owner: tipnet
--

ALTER TABLE public.case_interview_app_somassistance_social_assistance_provider ALTER COLUMN id ADD GENERATED BY DEFAULT AS IDENTITY (
    SEQUENCE NAME public.case_interview_app_somassistance_social_assistance_provi_id_seq
    START WITH 1
    INCREMENT BY 1
    NO MINVALUE
    NO MAXVALUE
    CACHE 1
);


--
-- Name: case_interview_app_somassistance_vocational_training_provider; Type: TABLE; Schema: public; Owner: tipnet
--

CREATE TABLE public.case_interview_app_somassistance_vocational_training_provider (
    id bigint NOT NULL,
    somassistance_id bigint NOT NULL,
    provider_id bigint NOT NULL
);


ALTER TABLE public.case_interview_app_somassistance_vocational_training_provider OWNER TO tipnet;

--
-- Name: case_interview_app_somassistance_vocational_training_pro_id_seq; Type: SEQUENCE; Schema: public; Owner: tipnet
--

ALTER TABLE public.case_interview_app_somassistance_vocational_training_provider ALTER COLUMN id ADD GENERATED BY DEFAULT AS IDENTITY (
    SEQUENCE NAME public.case_interview_app_somassistance_vocational_training_pro_id_seq
    START WITH 1
    INCREMENT BY 1
    NO MINVALUE
    NO MAXVALUE
    CACHE 1
);


--
-- Name: case_interview_app_somcase; Type: TABLE; Schema: public; Owner: tipnet
--

CREATE TABLE public.case_interview_app_somcase (
    id bigint NOT NULL,
    date_of_arrest date,
    traffick_from_place character varying(50),
    traffick_to_place character varying(50),
    approval_comments text,
    created_at timestamp with time zone,
    updated_at timestamp with time zone,
    approval_id bigint,
    traffick_from_country_id bigint,
    traffick_to_country_id bigint
);


ALTER TABLE public.case_interview_app_somcase OWNER TO tipnet;

--
-- Name: case_interview_app_somcase_id_seq; Type: SEQUENCE; Schema: public; Owner: tipnet
--

ALTER TABLE public.case_interview_app_somcase ALTER COLUMN id ADD GENERATED BY DEFAULT AS IDENTITY (
    SEQUENCE NAME public.case_interview_app_somcase_id_seq
    START WITH 1
    INCREMENT BY 1
    NO MINVALUE
    NO MAXVALUE
    CACHE 1
);


--
-- Name: case_interview_app_sommultivictimprofile; Type: TABLE; Schema: public; Owner: tipnet
--

CREATE TABLE public.case_interview_app_sommultivictimprofile (
    id bigint NOT NULL,
    victim_identifier character varying,
    victim_count integer,
    interview_location character varying(50),
    interview_date date,
    additional_remarks text,
    consent_share_gov_patner boolean,
    consent_limited_disclosure boolean,
    consent_research boolean,
    consent_abstain_answer boolean,
    approval_comments text,
    created_at timestamp with time zone,
    updated_at timestamp with time zone,
    approval_id bigint,
    case_id bigint,
    interview_country_id bigint
);


ALTER TABLE public.case_interview_app_sommultivictimprofile OWNER TO tipnet;

--
-- Name: case_interview_app_sommultivictimprofile_countries_of_origin; Type: TABLE; Schema: public; Owner: tipnet
--

CREATE TABLE public.case_interview_app_sommultivictimprofile_countries_of_origin (
    id bigint NOT NULL,
    sommultivictimprofile_id bigint NOT NULL,
    country_id bigint NOT NULL
);


ALTER TABLE public.case_interview_app_sommultivictimprofile_countries_of_origin OWNER TO tipnet;

--
-- Name: case_interview_app_sommultivictimprofile_countries_of_or_id_seq; Type: SEQUENCE; Schema: public; Owner: tipnet
--

ALTER TABLE public.case_interview_app_sommultivictimprofile_countries_of_origin ALTER COLUMN id ADD GENERATED BY DEFAULT AS IDENTITY (
    SEQUENCE NAME public.case_interview_app_sommultivictimprofile_countries_of_or_id_seq
    START WITH 1
    INCREMENT BY 1
    NO MINVALUE
    NO MAXVALUE
    CACHE 1
);


--
-- Name: case_interview_app_sommultivictimprofile_id_seq; Type: SEQUENCE; Schema: public; Owner: tipnet
--

ALTER TABLE public.case_interview_app_sommultivictimprofile ALTER COLUMN id ADD GENERATED BY DEFAULT AS IDENTITY (
    SEQUENCE NAME public.case_interview_app_sommultivictimprofile_id_seq
    START WITH 1
    INCREMENT BY 1
    NO MINVALUE
    NO MAXVALUE
    CACHE 1
);


--
-- Name: case_interview_app_somprosecution; Type: TABLE; Schema: public; Owner: tipnet
--

CREATE TABLE public.case_interview_app_somprosecution (
    id bigint NOT NULL,
    court_case_no character varying(50),
    guilty_verdict boolean,
    review_appeal_outcome character varying(50),
    years_imposed integer,
    approval_comments text,
    created_at timestamp with time zone,
    updated_at timestamp with time zone,
    approval_id bigint,
    aquital_reason_id bigint,
    guilty_verdict_reason_id bigint,
    interviewer_id bigint,
    prosecution_outcome_id bigint,
    sanction_penalty_id bigint,
    status_of_case_id bigint,
    trafficker_id bigint,
    trial_court_id bigint,
    trial_court_country_id bigint,
    verdict_id bigint,
    case_id bigint
);


ALTER TABLE public.case_interview_app_somprosecution OWNER TO tipnet;

--
-- Name: case_interview_app_somprosecution_id_seq; Type: SEQUENCE; Schema: public; Owner: tipnet
--

ALTER TABLE public.case_interview_app_somprosecution ALTER COLUMN id ADD GENERATED BY DEFAULT AS IDENTITY (
    SEQUENCE NAME public.case_interview_app_somprosecution_id_seq
    START WITH 1
    INCREMENT BY 1
    NO MINVALUE
    NO MAXVALUE
    CACHE 1
);


--
-- Name: case_interview_app_somsocioeconomic; Type: TABLE; Schema: public; Owner: tipnet
--

CREATE TABLE public.case_interview_app_somsocioeconomic (
    id bigint NOT NULL,
    violence_prior boolean,
    violence_type character varying(50),
    approval_comments text,
    created_at timestamp with time zone,
    updated_at timestamp with time zone,
    approval_id bigint,
    education_level_id bigint,
    family_structure_id bigint,
    interviewer_id bigint,
    living_with_id bigint,
    victim_id bigint,
    case_id bigint
);


ALTER TABLE public.case_interview_app_somsocioeconomic OWNER TO tipnet;

--
-- Name: case_interview_app_somsocioeconomic_id_seq; Type: SEQUENCE; Schema: public; Owner: tipnet
--

ALTER TABLE public.case_interview_app_somsocioeconomic ALTER COLUMN id ADD GENERATED BY DEFAULT AS IDENTITY (
    SEQUENCE NAME public.case_interview_app_somsocioeconomic_id_seq
    START WITH 1
    INCREMENT BY 1
    NO MINVALUE
    NO MAXVALUE
    CACHE 1
);


--
-- Name: case_interview_app_somsocioeconomic_last_occupation; Type: TABLE; Schema: public; Owner: tipnet
--

CREATE TABLE public.case_interview_app_somsocioeconomic_last_occupation (
    id bigint NOT NULL,
    somsocioeconomic_id bigint NOT NULL,
    occupation_id bigint NOT NULL
);


ALTER TABLE public.case_interview_app_somsocioeconomic_last_occupation OWNER TO tipnet;

--
-- Name: case_interview_app_somsocioeconomic_last_occupation_id_seq; Type: SEQUENCE; Schema: public; Owner: tipnet
--

ALTER TABLE public.case_interview_app_somsocioeconomic_last_occupation ALTER COLUMN id ADD GENERATED BY DEFAULT AS IDENTITY (
    SEQUENCE NAME public.case_interview_app_somsocioeconomic_last_occupation_id_seq
    START WITH 1
    INCREMENT BY 1
    NO MINVALUE
    NO MAXVALUE
    CACHE 1
);


--
-- Name: case_interview_app_somsuspectedtrafficker; Type: TABLE; Schema: public; Owner: tipnet
--

CREATE TABLE public.case_interview_app_somsuspectedtrafficker (
    id bigint NOT NULL,
    first_name character varying(50),
    last_name character varying(50),
    dob date,
    age integer,
    id_number character varying(50),
    last_residence character varying(50),
    address character varying(50),
    approval_comments text,
    created_at timestamp with time zone,
    updated_at timestamp with time zone,
    approval_id bigint,
    citizenship_id bigint,
    country_of_birth_id bigint,
    gender_id bigint,
    id_type_id bigint,
    interviewer_id bigint,
    nationality_id bigint,
    race_id bigint,
    date_of_arrest date,
    case_id bigint
);


ALTER TABLE public.case_interview_app_somsuspectedtrafficker OWNER TO tipnet;

--
-- Name: case_interview_app_somsuspectedtrafficker_id_seq; Type: SEQUENCE; Schema: public; Owner: tipnet
--

ALTER TABLE public.case_interview_app_somsuspectedtrafficker ALTER COLUMN id ADD GENERATED BY DEFAULT AS IDENTITY (
    SEQUENCE NAME public.case_interview_app_somsuspectedtrafficker_id_seq
    START WITH 1
    INCREMENT BY 1
    NO MINVALUE
    NO MAXVALUE
    CACHE 1
);


--
-- Name: case_interview_app_somsuspectedtrafficker_languages; Type: TABLE; Schema: public; Owner: tipnet
--

CREATE TABLE public.case_interview_app_somsuspectedtrafficker_languages (
    id bigint NOT NULL,
    somsuspectedtrafficker_id bigint NOT NULL,
    language_id bigint NOT NULL
);


ALTER TABLE public.case_interview_app_somsuspectedtrafficker_languages OWNER TO tipnet;

--
-- Name: case_interview_app_somsuspectedtrafficker_languages_id_seq; Type: SEQUENCE; Schema: public; Owner: tipnet
--

ALTER TABLE public.case_interview_app_somsuspectedtrafficker_languages ALTER COLUMN id ADD GENERATED BY DEFAULT AS IDENTITY (
    SEQUENCE NAME public.case_interview_app_somsuspectedtrafficker_languages_id_seq
    START WITH 1
    INCREMENT BY 1
    NO MINVALUE
    NO MAXVALUE
    CACHE 1
);


--
-- Name: case_interview_app_somsuspectedtrafficker_role_in_trafficking; Type: TABLE; Schema: public; Owner: tipnet
--

CREATE TABLE public.case_interview_app_somsuspectedtrafficker_role_in_trafficking (
    id bigint NOT NULL,
    somsuspectedtrafficker_id bigint NOT NULL,
    roleintrafficking_id bigint NOT NULL
);


ALTER TABLE public.case_interview_app_somsuspectedtrafficker_role_in_trafficking OWNER TO tipnet;

--
-- Name: case_interview_app_somsuspectedtrafficker_role_in_traffi_id_seq; Type: SEQUENCE; Schema: public; Owner: tipnet
--

ALTER TABLE public.case_interview_app_somsuspectedtrafficker_role_in_trafficking ALTER COLUMN id ADD GENERATED BY DEFAULT AS IDENTITY (
    SEQUENCE NAME public.case_interview_app_somsuspectedtrafficker_role_in_traffi_id_seq
    START WITH 1
    INCREMENT BY 1
    NO MINVALUE
    NO MAXVALUE
    CACHE 1
);


--
-- Name: case_interview_app_somtransitroutedestination; Type: TABLE; Schema: public; Owner: tipnet
--

CREATE TABLE public.case_interview_app_somtransitroutedestination (
    id bigint NOT NULL,
    remarks text,
    approval_comments text,
    created_at timestamp with time zone,
    updated_at timestamp with time zone,
    approval_id bigint,
    country_of_dest_id bigint,
    country_of_origin_id bigint,
    interviewer_id bigint,
    country_of_interception_id bigint,
    case_id bigint
);


ALTER TABLE public.case_interview_app_somtransitroutedestination OWNER TO tipnet;

--
-- Name: case_interview_app_somtransitroutedestination_countries_of_1b85; Type: TABLE; Schema: public; Owner: tipnet
--

CREATE TABLE public.case_interview_app_somtransitroutedestination_countries_of_1b85 (
    id bigint NOT NULL,
    somtransitroutedestination_id bigint NOT NULL,
    country_id bigint NOT NULL
);


ALTER TABLE public.case_interview_app_somtransitroutedestination_countries_of_1b85 OWNER TO tipnet;

--
-- Name: case_interview_app_somtransitroutedestination_countries__id_seq; Type: SEQUENCE; Schema: public; Owner: tipnet
--

ALTER TABLE public.case_interview_app_somtransitroutedestination_countries_of_1b85 ALTER COLUMN id ADD GENERATED BY DEFAULT AS IDENTITY (
    SEQUENCE NAME public.case_interview_app_somtransitroutedestination_countries__id_seq
    START WITH 1
    INCREMENT BY 1
    NO MINVALUE
    NO MAXVALUE
    CACHE 1
);


--
-- Name: case_interview_app_somtransitroutedestination_id_seq; Type: SEQUENCE; Schema: public; Owner: tipnet
--

ALTER TABLE public.case_interview_app_somtransitroutedestination ALTER COLUMN id ADD GENERATED BY DEFAULT AS IDENTITY (
    SEQUENCE NAME public.case_interview_app_somtransitroutedestination_id_seq
    START WITH 1
    INCREMENT BY 1
    NO MINVALUE
    NO MAXVALUE
    CACHE 1
);


--
-- Name: case_interview_app_somtransitroutedestination_transport_means; Type: TABLE; Schema: public; Owner: tipnet
--

CREATE TABLE public.case_interview_app_somtransitroutedestination_transport_means (
    id bigint NOT NULL,
    somtransitroutedestination_id bigint NOT NULL,
    transportmean_id bigint NOT NULL
);


ALTER TABLE public.case_interview_app_somtransitroutedestination_transport_means OWNER TO tipnet;

--
-- Name: case_interview_app_somtransitroutedestination_transport__id_seq; Type: SEQUENCE; Schema: public; Owner: tipnet
--

ALTER TABLE public.case_interview_app_somtransitroutedestination_transport_means ALTER COLUMN id ADD GENERATED BY DEFAULT AS IDENTITY (
    SEQUENCE NAME public.case_interview_app_somtransitroutedestination_transport__id_seq
    START WITH 1
    INCREMENT BY 1
    NO MINVALUE
    NO MAXVALUE
    CACHE 1
);


--
-- Name: case_interview_app_somvictimanswers; Type: TABLE; Schema: public; Owner: tipnet
--

CREATE TABLE public.case_interview_app_somvictimanswers (
    id bigint NOT NULL,
    answer integer,
    question_id bigint,
    victim_id bigint
);


ALTER TABLE public.case_interview_app_somvictimanswers OWNER TO tipnet;

--
-- Name: case_interview_app_somvictimanswers_id_seq; Type: SEQUENCE; Schema: public; Owner: tipnet
--

ALTER TABLE public.case_interview_app_somvictimanswers ALTER COLUMN id ADD GENERATED BY DEFAULT AS IDENTITY (
    SEQUENCE NAME public.case_interview_app_somvictimanswers_id_seq
    START WITH 1
    INCREMENT BY 1
    NO MINVALUE
    NO MAXVALUE
    CACHE 1
);


--
-- Name: case_interview_app_somvictimprofile; Type: TABLE; Schema: public; Owner: tipnet
--

CREATE TABLE public.case_interview_app_somvictimprofile (
    id bigint NOT NULL,
    victim_identifier character varying,
    place_of_birth character varying(50),
    identification_number character varying(50),
    initials character varying(50),
    age integer,
    address character varying(50),
    email_address character varying(150),
    interview_location character varying(50),
    interview_date date,
    additional_remarks text,
    consent_share_gov_patner boolean,
    consent_limited_disclosure boolean,
    consent_research boolean,
    consent_abstain_answer boolean,
    approval_comments text,
    created_at timestamp with time zone,
    updated_at timestamp with time zone,
    approval_id bigint,
    citizenship_id bigint,
    "countryOfBirth_id" bigint,
    gender_id bigint,
    interview_country_id bigint,
    last_place_of_residence_id bigint,
    race_id bigint,
    case_id bigint
);


ALTER TABLE public.case_interview_app_somvictimprofile OWNER TO tipnet;

--
-- Name: case_interview_app_somvictimprofile_id_seq; Type: SEQUENCE; Schema: public; Owner: tipnet
--

ALTER TABLE public.case_interview_app_somvictimprofile ALTER COLUMN id ADD GENERATED BY DEFAULT AS IDENTITY (
    SEQUENCE NAME public.case_interview_app_somvictimprofile_id_seq
    START WITH 1
    INCREMENT BY 1
    NO MINVALUE
    NO MAXVALUE
    CACHE 1
);


--
-- Name: case_interview_app_somvictimprofile_identification_type; Type: TABLE; Schema: public; Owner: tipnet
--

CREATE TABLE public.case_interview_app_somvictimprofile_identification_type (
    id bigint NOT NULL,
    somvictimprofile_id bigint NOT NULL,
    idtype_id bigint NOT NULL
);


ALTER TABLE public.case_interview_app_somvictimprofile_identification_type OWNER TO tipnet;

--
-- Name: case_interview_app_somvictimprofile_identification_type_id_seq; Type: SEQUENCE; Schema: public; Owner: tipnet
--

ALTER TABLE public.case_interview_app_somvictimprofile_identification_type ALTER COLUMN id ADD GENERATED BY DEFAULT AS IDENTITY (
    SEQUENCE NAME public.case_interview_app_somvictimprofile_identification_type_id_seq
    START WITH 1
    INCREMENT BY 1
    NO MINVALUE
    NO MAXVALUE
    CACHE 1
);


--
-- Name: case_interview_app_somvictimprofile_languages; Type: TABLE; Schema: public; Owner: tipnet
--

CREATE TABLE public.case_interview_app_somvictimprofile_languages (
    id bigint NOT NULL,
    somvictimprofile_id bigint NOT NULL,
    language_id bigint NOT NULL
);


ALTER TABLE public.case_interview_app_somvictimprofile_languages OWNER TO tipnet;

--
-- Name: case_interview_app_somvictimprofile_languages_id_seq; Type: SEQUENCE; Schema: public; Owner: tipnet
--

ALTER TABLE public.case_interview_app_somvictimprofile_languages ALTER COLUMN id ADD GENERATED BY DEFAULT AS IDENTITY (
    SEQUENCE NAME public.case_interview_app_somvictimprofile_languages_id_seq
    START WITH 1
    INCREMENT BY 1
    NO MINVALUE
    NO MAXVALUE
    CACHE 1
);


--
-- Name: case_interview_app_suspectedtrafficker; Type: TABLE; Schema: public; Owner: tipnet
--

CREATE TABLE public.case_interview_app_suspectedtrafficker (
    id bigint NOT NULL,
    first_name character varying(50),
    last_name character varying(50),
    dob date,
    age integer,
    id_number character varying(50),
    last_residence character varying(50),
    address character varying(50),
    date_of_arrest date,
    traffick_from_place character varying(50),
    traffick_to_place character varying(50),
    citizenship_id bigint,
    country_of_birth_id bigint,
    gender_id bigint,
    id_type_id bigint,
    nationality_id bigint,
    race_id bigint,
    traffick_from_country_id bigint,
    traffick_to_country_id bigint,
    victim_id bigint,
    approval_id bigint,
    approval_comments text,
    interviewer_id bigint,
    created_at timestamp with time zone,
    updated_at timestamp with time zone
);


ALTER TABLE public.case_interview_app_suspectedtrafficker OWNER TO tipnet;

--
-- Name: case_interview_app_suspectedtrafficker_id_seq; Type: SEQUENCE; Schema: public; Owner: tipnet
--

ALTER TABLE public.case_interview_app_suspectedtrafficker ALTER COLUMN id ADD GENERATED BY DEFAULT AS IDENTITY (
    SEQUENCE NAME public.case_interview_app_suspectedtrafficker_id_seq
    START WITH 1
    INCREMENT BY 1
    NO MINVALUE
    NO MAXVALUE
    CACHE 1
);


--
-- Name: case_interview_app_suspectedtrafficker_languages; Type: TABLE; Schema: public; Owner: tipnet
--

CREATE TABLE public.case_interview_app_suspectedtrafficker_languages (
    id bigint NOT NULL,
    suspectedtrafficker_id bigint NOT NULL,
    language_id bigint NOT NULL
);


ALTER TABLE public.case_interview_app_suspectedtrafficker_languages OWNER TO tipnet;

--
-- Name: case_interview_app_suspectedtrafficker_languages_id_seq; Type: SEQUENCE; Schema: public; Owner: tipnet
--

ALTER TABLE public.case_interview_app_suspectedtrafficker_languages ALTER COLUMN id ADD GENERATED BY DEFAULT AS IDENTITY (
    SEQUENCE NAME public.case_interview_app_suspectedtrafficker_languages_id_seq
    START WITH 1
    INCREMENT BY 1
    NO MINVALUE
    NO MAXVALUE
    CACHE 1
);


--
-- Name: case_interview_app_suspectedtrafficker_role_in_trafficking; Type: TABLE; Schema: public; Owner: tipnet
--

CREATE TABLE public.case_interview_app_suspectedtrafficker_role_in_trafficking (
    id bigint NOT NULL,
    suspectedtrafficker_id bigint NOT NULL,
    roleintrafficking_id bigint NOT NULL
);


ALTER TABLE public.case_interview_app_suspectedtrafficker_role_in_trafficking OWNER TO tipnet;

--
-- Name: case_interview_app_suspectedtrafficker_role_in_trafficki_id_seq; Type: SEQUENCE; Schema: public; Owner: tipnet
--

ALTER TABLE public.case_interview_app_suspectedtrafficker_role_in_trafficking ALTER COLUMN id ADD GENERATED BY DEFAULT AS IDENTITY (
    SEQUENCE NAME public.case_interview_app_suspectedtrafficker_role_in_trafficki_id_seq
    START WITH 1
    INCREMENT BY 1
    NO MINVALUE
    NO MAXVALUE
    CACHE 1
);


--
-- Name: case_interview_app_tag; Type: TABLE; Schema: public; Owner: tipnet
--

CREATE TABLE public.case_interview_app_tag (
    id bigint NOT NULL,
    name character varying(50) NOT NULL,
    name_en character varying(50),
    name_fr character varying(50),
    name_pt character varying(50)
);


ALTER TABLE public.case_interview_app_tag OWNER TO tipnet;

--
-- Name: case_interview_app_tag_id_seq; Type: SEQUENCE; Schema: public; Owner: tipnet
--

ALTER TABLE public.case_interview_app_tag ALTER COLUMN id ADD GENERATED BY DEFAULT AS IDENTITY (
    SEQUENCE NAME public.case_interview_app_tag_id_seq
    START WITH 1
    INCREMENT BY 1
    NO MINVALUE
    NO MAXVALUE
    CACHE 1
);


--
-- Name: case_interview_app_traffickerorg; Type: TABLE; Schema: public; Owner: tipnet
--

CREATE TABLE public.case_interview_app_traffickerorg (
    id bigint NOT NULL,
    name character varying(50) NOT NULL,
    name_en character varying(50),
    name_fr character varying(50),
    name_pt character varying(50)
);


ALTER TABLE public.case_interview_app_traffickerorg OWNER TO tipnet;

--
-- Name: case_interview_app_traffickerorg_id_seq; Type: SEQUENCE; Schema: public; Owner: tipnet
--

ALTER TABLE public.case_interview_app_traffickerorg ALTER COLUMN id ADD GENERATED BY DEFAULT AS IDENTITY (
    SEQUENCE NAME public.case_interview_app_traffickerorg_id_seq
    START WITH 1
    INCREMENT BY 1
    NO MINVALUE
    NO MAXVALUE
    CACHE 1
);


--
-- Name: case_interview_app_traffickingmean; Type: TABLE; Schema: public; Owner: tipnet
--

CREATE TABLE public.case_interview_app_traffickingmean (
    id bigint NOT NULL,
    name character varying(50) NOT NULL,
    name_en character varying(50),
    name_fr character varying(50),
    name_pt character varying(50)
);


ALTER TABLE public.case_interview_app_traffickingmean OWNER TO tipnet;

--
-- Name: case_interview_app_traffickingmean_id_seq; Type: SEQUENCE; Schema: public; Owner: tipnet
--

ALTER TABLE public.case_interview_app_traffickingmean ALTER COLUMN id ADD GENERATED BY DEFAULT AS IDENTITY (
    SEQUENCE NAME public.case_interview_app_traffickingmean_id_seq
    START WITH 1
    INCREMENT BY 1
    NO MINVALUE
    NO MAXVALUE
    CACHE 1
);


--
-- Name: case_interview_app_transitroutedestination; Type: TABLE; Schema: public; Owner: tipnet
--

CREATE TABLE public.case_interview_app_transitroutedestination (
    id bigint NOT NULL,
    city_village_of_origin character varying(50),
    remarks text,
    country_of_dest_id bigint,
    country_of_origin_id bigint,
    victim_id bigint,
    approval_id bigint,
    approval_comments text,
    city_village_of_dest character varying(50),
    interviewer_id bigint,
    created_at timestamp with time zone,
    updated_at timestamp with time zone
);


ALTER TABLE public.case_interview_app_transitroutedestination OWNER TO tipnet;

--
-- Name: case_interview_app_transitroutedestination_id_seq; Type: SEQUENCE; Schema: public; Owner: tipnet
--

ALTER TABLE public.case_interview_app_transitroutedestination ALTER COLUMN id ADD GENERATED BY DEFAULT AS IDENTITY (
    SEQUENCE NAME public.case_interview_app_transitroutedestination_id_seq
    START WITH 1
    INCREMENT BY 1
    NO MINVALUE
    NO MAXVALUE
    CACHE 1
);


--
-- Name: case_interview_app_transitroutedestination_transport_means; Type: TABLE; Schema: public; Owner: tipnet
--

CREATE TABLE public.case_interview_app_transitroutedestination_transport_means (
    id bigint NOT NULL,
    transitroutedestination_id bigint NOT NULL,
    transportmean_id bigint NOT NULL
);


ALTER TABLE public.case_interview_app_transitroutedestination_transport_means OWNER TO tipnet;

--
-- Name: case_interview_app_transitroutedestination_transport_mea_id_seq; Type: SEQUENCE; Schema: public; Owner: tipnet
--

ALTER TABLE public.case_interview_app_transitroutedestination_transport_means ALTER COLUMN id ADD GENERATED BY DEFAULT AS IDENTITY (
    SEQUENCE NAME public.case_interview_app_transitroutedestination_transport_mea_id_seq
    START WITH 1
    INCREMENT BY 1
    NO MINVALUE
    NO MAXVALUE
    CACHE 1
);


--
-- Name: case_interview_app_transportmean; Type: TABLE; Schema: public; Owner: tipnet
--

CREATE TABLE public.case_interview_app_transportmean (
    id bigint NOT NULL,
    name character varying(50) NOT NULL,
    name_en character varying(50),
    name_fr character varying(50),
    name_pt character varying(50)
);


ALTER TABLE public.case_interview_app_transportmean OWNER TO tipnet;

--
-- Name: case_interview_app_transportmean_id_seq; Type: SEQUENCE; Schema: public; Owner: tipnet
--

ALTER TABLE public.case_interview_app_transportmean ALTER COLUMN id ADD GENERATED BY DEFAULT AS IDENTITY (
    SEQUENCE NAME public.case_interview_app_transportmean_id_seq
    START WITH 1
    INCREMENT BY 1
    NO MINVALUE
    NO MAXVALUE
    CACHE 1
);


--
-- Name: case_interview_app_trialcourt; Type: TABLE; Schema: public; Owner: tipnet
--

CREATE TABLE public.case_interview_app_trialcourt (
    id bigint NOT NULL,
    name character varying(50) NOT NULL,
    name_en character varying(50),
    name_fr character varying(50),
    name_pt character varying(50)
);


ALTER TABLE public.case_interview_app_trialcourt OWNER TO tipnet;

--
-- Name: case_interview_app_trialcourt_id_seq; Type: SEQUENCE; Schema: public; Owner: tipnet
--

ALTER TABLE public.case_interview_app_trialcourt ALTER COLUMN id ADD GENERATED BY DEFAULT AS IDENTITY (
    SEQUENCE NAME public.case_interview_app_trialcourt_id_seq
    START WITH 1
    INCREMENT BY 1
    NO MINVALUE
    NO MAXVALUE
    CACHE 1
);


--
-- Name: case_interview_app_verdict; Type: TABLE; Schema: public; Owner: tipnet
--

CREATE TABLE public.case_interview_app_verdict (
    id bigint NOT NULL,
    name character varying(50) NOT NULL,
    name_en character varying(50),
    name_fr character varying(50),
    name_pt character varying(50)
);


ALTER TABLE public.case_interview_app_verdict OWNER TO tipnet;

--
-- Name: case_interview_app_verdict_id_seq; Type: SEQUENCE; Schema: public; Owner: tipnet
--

ALTER TABLE public.case_interview_app_verdict ALTER COLUMN id ADD GENERATED BY DEFAULT AS IDENTITY (
    SEQUENCE NAME public.case_interview_app_verdict_id_seq
    START WITH 1
    INCREMENT BY 1
    NO MINVALUE
    NO MAXVALUE
    CACHE 1
);


--
-- Name: case_interview_app_victimpermissions; Type: TABLE; Schema: public; Owner: tipnet
--

CREATE TABLE public.case_interview_app_victimpermissions (
    id bigint NOT NULL,
    interviewer_id bigint,
    victim_id bigint,
    created_at timestamp with time zone,
    updated_at timestamp with time zone
);


ALTER TABLE public.case_interview_app_victimpermissions OWNER TO tipnet;

--
-- Name: case_interview_app_victimpermissions_id_seq; Type: SEQUENCE; Schema: public; Owner: tipnet
--

ALTER TABLE public.case_interview_app_victimpermissions ALTER COLUMN id ADD GENERATED BY DEFAULT AS IDENTITY (
    SEQUENCE NAME public.case_interview_app_victimpermissions_id_seq
    START WITH 1
    INCREMENT BY 1
    NO MINVALUE
    NO MAXVALUE
    CACHE 1
);


--
-- Name: case_interview_app_victimpermissions_permissions_granted; Type: TABLE; Schema: public; Owner: tipnet
--

CREATE TABLE public.case_interview_app_victimpermissions_permissions_granted (
    id bigint NOT NULL,
    victimpermissions_id bigint NOT NULL,
    accesspermission_id bigint NOT NULL
);


ALTER TABLE public.case_interview_app_victimpermissions_permissions_granted OWNER TO tipnet;

--
-- Name: case_interview_app_victimpermissions_permissions_granted_id_seq; Type: SEQUENCE; Schema: public; Owner: tipnet
--

ALTER TABLE public.case_interview_app_victimpermissions_permissions_granted ALTER COLUMN id ADD GENERATED BY DEFAULT AS IDENTITY (
    SEQUENCE NAME public.case_interview_app_victimpermissions_permissions_granted_id_seq
    START WITH 1
    INCREMENT BY 1
    NO MINVALUE
    NO MAXVALUE
    CACHE 1
);


--
-- Name: case_interview_app_victimpermissions_permissions_requested; Type: TABLE; Schema: public; Owner: tipnet
--

CREATE TABLE public.case_interview_app_victimpermissions_permissions_requested (
    id bigint NOT NULL,
    victimpermissions_id bigint NOT NULL,
    accesspermission_id bigint NOT NULL
);


ALTER TABLE public.case_interview_app_victimpermissions_permissions_requested OWNER TO tipnet;

--
-- Name: case_interview_app_victimpermissions_permissions_request_id_seq; Type: SEQUENCE; Schema: public; Owner: tipnet
--

ALTER TABLE public.case_interview_app_victimpermissions_permissions_requested ALTER COLUMN id ADD GENERATED BY DEFAULT AS IDENTITY (
    SEQUENCE NAME public.case_interview_app_victimpermissions_permissions_request_id_seq
    START WITH 1
    INCREMENT BY 1
    NO MINVALUE
    NO MAXVALUE
    CACHE 1
);


--
-- Name: case_interview_app_victimprofile; Type: TABLE; Schema: public; Owner: tipnet
--

CREATE TABLE public.case_interview_app_victimprofile (
    id bigint NOT NULL,
    place_of_birth character varying(50),
    identification_number character varying(50),
    initials character varying(50),
    age integer,
    address character varying(50),
    email_address character varying(150),
    interview_location character varying(50),
    interview_date date,
    additional_remarks text,
    citizenship_id bigint,
    "countryOfBirth_id" bigint,
    gender_id bigint,
    last_place_of_residence_id bigint,
    race_id bigint,
    approval_id bigint,
    approval_comments text,
    victim_identifier character varying,
    consent_abstain_answer boolean,
    consent_limited_disclosure boolean,
    consent_research boolean,
    consent_share_gov_patner boolean,
    created_at timestamp with time zone,
    updated_at timestamp with time zone,
    interview_country_id bigint
);


ALTER TABLE public.case_interview_app_victimprofile OWNER TO tipnet;

--
-- Name: case_interview_app_victimprofile_id_seq; Type: SEQUENCE; Schema: public; Owner: tipnet
--

ALTER TABLE public.case_interview_app_victimprofile ALTER COLUMN id ADD GENERATED BY DEFAULT AS IDENTITY (
    SEQUENCE NAME public.case_interview_app_victimprofile_id_seq
    START WITH 1
    INCREMENT BY 1
    NO MINVALUE
    NO MAXVALUE
    CACHE 1
);


--
-- Name: case_interview_app_victimprofile_identification_type; Type: TABLE; Schema: public; Owner: tipnet
--

CREATE TABLE public.case_interview_app_victimprofile_identification_type (
    id bigint NOT NULL,
    victimprofile_id bigint NOT NULL,
    idtype_id bigint NOT NULL
);


ALTER TABLE public.case_interview_app_victimprofile_identification_type OWNER TO tipnet;

--
-- Name: case_interview_app_victimprofile_identification_type_id_seq; Type: SEQUENCE; Schema: public; Owner: tipnet
--

ALTER TABLE public.case_interview_app_victimprofile_identification_type ALTER COLUMN id ADD GENERATED BY DEFAULT AS IDENTITY (
    SEQUENCE NAME public.case_interview_app_victimprofile_identification_type_id_seq
    START WITH 1
    INCREMENT BY 1
    NO MINVALUE
    NO MAXVALUE
    CACHE 1
);


--
-- Name: case_interview_app_victimprofile_languages; Type: TABLE; Schema: public; Owner: tipnet
--

CREATE TABLE public.case_interview_app_victimprofile_languages (
    id bigint NOT NULL,
    victimprofile_id bigint NOT NULL,
    language_id bigint NOT NULL
);


ALTER TABLE public.case_interview_app_victimprofile_languages OWNER TO tipnet;

--
-- Name: case_interview_app_victimprofile_languages_id_seq; Type: SEQUENCE; Schema: public; Owner: tipnet
--

ALTER TABLE public.case_interview_app_victimprofile_languages ALTER COLUMN id ADD GENERATED BY DEFAULT AS IDENTITY (
    SEQUENCE NAME public.case_interview_app_victimprofile_languages_id_seq
    START WITH 1
    INCREMENT BY 1
    NO MINVALUE
    NO MAXVALUE
    CACHE 1
);


--
-- Name: case_interview_app_victimquestions; Type: TABLE; Schema: public; Owner: tipnet
--

CREATE TABLE public.case_interview_app_victimquestions (
    id bigint NOT NULL,
    name character varying(50) NOT NULL,
    category character varying(50) NOT NULL,
    ordering integer
);


ALTER TABLE public.case_interview_app_victimquestions OWNER TO tipnet;

--
-- Name: case_interview_app_victimquestions_id_seq; Type: SEQUENCE; Schema: public; Owner: tipnet
--

ALTER TABLE public.case_interview_app_victimquestions ALTER COLUMN id ADD GENERATED BY DEFAULT AS IDENTITY (
    SEQUENCE NAME public.case_interview_app_victimquestions_id_seq
    START WITH 1
    INCREMENT BY 1
    NO MINVALUE
    NO MAXVALUE
    CACHE 1
);


--
-- Name: django_admin_log; Type: TABLE; Schema: public; Owner: tipnet
--

CREATE TABLE public.django_admin_log (
    id integer NOT NULL,
    action_time timestamp with time zone NOT NULL,
    object_id text,
    object_repr character varying(200) NOT NULL,
    action_flag smallint NOT NULL,
    change_message text NOT NULL,
    content_type_id integer,
    user_id integer NOT NULL,
    CONSTRAINT django_admin_log_action_flag_check CHECK ((action_flag >= 0))
);


ALTER TABLE public.django_admin_log OWNER TO tipnet;

--
-- Name: django_admin_log_id_seq; Type: SEQUENCE; Schema: public; Owner: tipnet
--

ALTER TABLE public.django_admin_log ALTER COLUMN id ADD GENERATED BY DEFAULT AS IDENTITY (
    SEQUENCE NAME public.django_admin_log_id_seq
    START WITH 1
    INCREMENT BY 1
    NO MINVALUE
    NO MAXVALUE
    CACHE 1
);


--
-- Name: django_content_type; Type: TABLE; Schema: public; Owner: tipnet
--

CREATE TABLE public.django_content_type (
    id integer NOT NULL,
    app_label character varying(100) NOT NULL,
    model character varying(100) NOT NULL
);


ALTER TABLE public.django_content_type OWNER TO tipnet;

--
-- Name: django_content_type_id_seq; Type: SEQUENCE; Schema: public; Owner: tipnet
--

ALTER TABLE public.django_content_type ALTER COLUMN id ADD GENERATED BY DEFAULT AS IDENTITY (
    SEQUENCE NAME public.django_content_type_id_seq
    START WITH 1
    INCREMENT BY 1
    NO MINVALUE
    NO MAXVALUE
    CACHE 1
);


--
-- Name: django_migrations; Type: TABLE; Schema: public; Owner: tipnet
--

CREATE TABLE public.django_migrations (
    id bigint NOT NULL,
    app character varying(255) NOT NULL,
    name character varying(255) NOT NULL,
    applied timestamp with time zone NOT NULL
);


ALTER TABLE public.django_migrations OWNER TO tipnet;

--
-- Name: django_migrations_id_seq; Type: SEQUENCE; Schema: public; Owner: tipnet
--

ALTER TABLE public.django_migrations ALTER COLUMN id ADD GENERATED BY DEFAULT AS IDENTITY (
    SEQUENCE NAME public.django_migrations_id_seq
    START WITH 1
    INCREMENT BY 1
    NO MINVALUE
    NO MAXVALUE
    CACHE 1
);


--
-- Name: django_session; Type: TABLE; Schema: public; Owner: tipnet
--

CREATE TABLE public.django_session (
    session_key character varying(40) NOT NULL,
    session_data text NOT NULL,
    expire_date timestamp with time zone NOT NULL
);


ALTER TABLE public.django_session OWNER TO tipnet;

--
-- Name: otp_email_emaildevice; Type: TABLE; Schema: public; Owner: tipnet
--

CREATE TABLE public.otp_email_emaildevice (
    id integer NOT NULL,
    name character varying(64) NOT NULL,
    confirmed boolean NOT NULL,
    user_id integer NOT NULL,
    token character varying(16),
    valid_until timestamp with time zone NOT NULL,
    email character varying(254),
    throttling_failure_count integer NOT NULL,
    throttling_failure_timestamp timestamp with time zone,
    last_generated_timestamp timestamp with time zone,
    CONSTRAINT otp_email_emaildevice_throttling_failure_count_check CHECK ((throttling_failure_count >= 0))
);


ALTER TABLE public.otp_email_emaildevice OWNER TO tipnet;

--
-- Name: otp_email_emaildevice_id_seq; Type: SEQUENCE; Schema: public; Owner: tipnet
--

ALTER TABLE public.otp_email_emaildevice ALTER COLUMN id ADD GENERATED BY DEFAULT AS IDENTITY (
    SEQUENCE NAME public.otp_email_emaildevice_id_seq
    START WITH 1
    INCREMENT BY 1
    NO MINVALUE
    NO MAXVALUE
    CACHE 1
);


--
-- Name: otp_static_staticdevice; Type: TABLE; Schema: public; Owner: tipnet
--

CREATE TABLE public.otp_static_staticdevice (
    id integer NOT NULL,
    name character varying(64) NOT NULL,
    confirmed boolean NOT NULL,
    user_id integer NOT NULL,
    throttling_failure_count integer NOT NULL,
    throttling_failure_timestamp timestamp with time zone,
    CONSTRAINT otp_static_staticdevice_throttling_failure_count_check CHECK ((throttling_failure_count >= 0))
);


ALTER TABLE public.otp_static_staticdevice OWNER TO tipnet;

--
-- Name: otp_static_staticdevice_id_seq; Type: SEQUENCE; Schema: public; Owner: tipnet
--

ALTER TABLE public.otp_static_staticdevice ALTER COLUMN id ADD GENERATED BY DEFAULT AS IDENTITY (
    SEQUENCE NAME public.otp_static_staticdevice_id_seq
    START WITH 1
    INCREMENT BY 1
    NO MINVALUE
    NO MAXVALUE
    CACHE 1
);


--
-- Name: otp_static_statictoken; Type: TABLE; Schema: public; Owner: tipnet
--

CREATE TABLE public.otp_static_statictoken (
    id integer NOT NULL,
    token character varying(16) NOT NULL,
    device_id integer NOT NULL
);


ALTER TABLE public.otp_static_statictoken OWNER TO tipnet;

--
-- Name: otp_static_statictoken_id_seq; Type: SEQUENCE; Schema: public; Owner: tipnet
--

ALTER TABLE public.otp_static_statictoken ALTER COLUMN id ADD GENERATED BY DEFAULT AS IDENTITY (
    SEQUENCE NAME public.otp_static_statictoken_id_seq
    START WITH 1
    INCREMENT BY 1
    NO MINVALUE
    NO MAXVALUE
    CACHE 1
);


--
-- Name: otp_totp_totpdevice; Type: TABLE; Schema: public; Owner: tipnet
--

CREATE TABLE public.otp_totp_totpdevice (
    id integer NOT NULL,
    name character varying(64) NOT NULL,
    confirmed boolean NOT NULL,
    key character varying(80) NOT NULL,
    step smallint NOT NULL,
    t0 bigint NOT NULL,
    digits smallint NOT NULL,
    tolerance smallint NOT NULL,
    drift smallint NOT NULL,
    last_t bigint NOT NULL,
    user_id integer NOT NULL,
    throttling_failure_count integer NOT NULL,
    throttling_failure_timestamp timestamp with time zone,
    CONSTRAINT otp_totp_totpdevice_digits_check CHECK ((digits >= 0)),
    CONSTRAINT otp_totp_totpdevice_step_check CHECK ((step >= 0)),
    CONSTRAINT otp_totp_totpdevice_throttling_failure_count_check CHECK ((throttling_failure_count >= 0)),
    CONSTRAINT otp_totp_totpdevice_tolerance_check CHECK ((tolerance >= 0))
);


ALTER TABLE public.otp_totp_totpdevice OWNER TO tipnet;

--
-- Name: otp_totp_totpdevice_id_seq; Type: SEQUENCE; Schema: public; Owner: tipnet
--

ALTER TABLE public.otp_totp_totpdevice ALTER COLUMN id ADD GENERATED BY DEFAULT AS IDENTITY (
    SEQUENCE NAME public.otp_totp_totpdevice_id_seq
    START WITH 1
    INCREMENT BY 1
    NO MINVALUE
    NO MAXVALUE
    CACHE 1
);


--
-- Data for Name: auditlog_logentry; Type: TABLE DATA; Schema: public; Owner: tipnet
--

COPY public.auditlog_logentry (id, object_pk, object_id, object_repr, action, changes, "timestamp", actor_id, content_type_id, remote_addr, additional_data, serialized_data) FROM stdin;
1	161	161	None	0	{"destinations": ["None", "case_interview_app.TransitRouteDestination.None"], "consent_abstain_answer": ["None", "1"], "approval": ["None", "Pending"], "created_at": ["None", "2024-03-03 12:48:33.402766"], "updated_at": ["None", "2024-03-03 12:48:33.402790"], "investigations": ["None", "case_interview_app.ArrestInvestigation.None"], "assistance": ["None", "case_interview_app.Assistance.None"], "victim_permission": ["None", "case_interview_app.VictimPermissions.None"], "exploitation": ["None", "case_interview_app.Exploitation.None"], "id": ["None", "161"], "traffickers": ["None", "case_interview_app.SuspectedTrafficker.None"], "prosecutions": ["None", "case_interview_app.Prosecution.None"], "socio_economic": ["None", "case_interview_app.SocioEconomic.None"], "citizenship": ["None", "Comoros"], "countryOfBirth": ["None", "Botswana"], "gender": ["None", "Male"], "race": ["None", "Black"], "place_of_birth": ["None", "werydo"], "last_place_of_residence": ["None", "Botswana"], "identification_number": ["None", "54322662"], "initials": ["None", "TKA"], "age": ["None", "21"], "address": ["None", "sdrudns"], "email_address": ["None", "tka@gmail.com"], "interview_country": ["None", "Angola"], "interview_location": ["None", "vksjnd"], "interview_date": ["None", "2024-03-01"], "additional_remarks": ["None", ""], "consent_share_gov_patner": ["None", "1"], "consent_limited_disclosure": ["None", "1"], "consent_research": ["None", "1"]}	2024-03-03 12:48:33.443966+00	\N	24	\N	\N	\N
2	161	161	KM-TP-161	1	{"consent_abstain_answer": ["True", "1"], "victim_identifier": ["None", "KM-TP-161"], "consent_share_gov_patner": ["True", "1"], "consent_limited_disclosure": ["True", "1"], "consent_research": ["True", "1"]}	2024-03-03 12:48:33.462387+00	\N	24	\N	\N	\N
3	162	162	None	0	{"destinations": ["None", "case_interview_app.TransitRouteDestination.None"], "consent_abstain_answer": ["None", "1"], "approval": ["None", "Pending"], "created_at": ["None", "2024-03-03 12:52:33.150599"], "updated_at": ["None", "2024-03-03 12:52:33.150622"], "investigations": ["None", "case_interview_app.ArrestInvestigation.None"], "assistance": ["None", "case_interview_app.Assistance.None"], "victim_permission": ["None", "case_interview_app.VictimPermissions.None"], "exploitation": ["None", "case_interview_app.Exploitation.None"], "id": ["None", "162"], "traffickers": ["None", "case_interview_app.SuspectedTrafficker.None"], "prosecutions": ["None", "case_interview_app.Prosecution.None"], "socio_economic": ["None", "case_interview_app.SocioEconomic.None"], "citizenship": ["None", "Botswana"], "countryOfBirth": ["None", "Botswana"], "gender": ["None", "Male"], "race": ["None", "Black"], "place_of_birth": ["None", "gaborone"], "last_place_of_residence": ["None", "Angola"], "identification_number": ["None", "343y425"], "initials": ["None", "cbcb"], "age": ["None", "43"], "address": ["None", "gsgsgfs"], "email_address": ["None", "cbcb@cnb.zc"], "interview_country": ["None", "Comoros"], "interview_location": ["None", "port saja"], "interview_date": ["None", "2024-03-02"], "additional_remarks": ["None", ""], "consent_share_gov_patner": ["None", "1"], "consent_limited_disclosure": ["None", "1"], "consent_research": ["None", "1"]}	2024-03-03 12:52:33.168592+00	\N	24	\N	\N	\N
4	162	162	BW-TP-162	1	{"consent_abstain_answer": ["True", "1"], "victim_identifier": ["None", "BW-TP-162"], "consent_share_gov_patner": ["True", "1"], "consent_limited_disclosure": ["True", "1"], "consent_research": ["True", "1"]}	2024-03-03 12:52:33.185745+00	\N	24	\N	\N	\N
5	163	163	None	0	{"consent_abstain_answer": ["None", "1"], "approval": ["None", "Pending"], "created_at": ["None", "2024-03-03 14:48:33.765877"], "updated_at": ["None", "2024-03-03 14:48:33.765905"], "investigations": ["None", "case_interview_app.ArrestInvestigation.None"], "assistance": ["None", "case_interview_app.Assistance.None"], "traffickers": ["None", "case_interview_app.SuspectedTrafficker.None"], "victim_permission": ["None", "case_interview_app.VictimPermissions.None"], "destinations": ["None", "case_interview_app.TransitRouteDestination.None"], "exploitation": ["None", "case_interview_app.Exploitation.None"], "prosecutions": ["None", "case_interview_app.Prosecution.None"], "id": ["None", "163"], "socio_economic": ["None", "case_interview_app.SocioEconomic.None"], "citizenship": ["None", "Angola"], "countryOfBirth": ["None", "Angola"], "gender": ["None", "Male"], "race": ["None", "Mixed Race"], "place_of_birth": ["None", "wrrtwr"], "last_place_of_residence": ["None", "Comoros"], "identification_number": ["None", "452352"], "initials": ["None", "gsg"], "age": ["None", "21"], "address": ["None", "xvxvxxvx"], "email_address": ["None", "reer@sjds.co"], "interview_country": ["None", "Comoros"], "interview_location": ["None", "alan"], "interview_date": ["None", "2024-03-03"], "additional_remarks": ["None", ""], "consent_share_gov_patner": ["None", "1"], "consent_limited_disclosure": ["None", "1"], "consent_research": ["None", "1"]}	2024-03-03 14:48:33.792708+00	\N	24	\N	\N	\N
6	163	163	AO-TP-163	1	{"consent_abstain_answer": ["True", "1"], "victim_identifier": ["None", "AO-TP-163"], "consent_share_gov_patner": ["True", "1"], "consent_limited_disclosure": ["True", "1"], "consent_research": ["True", "1"]}	2024-03-03 14:48:33.810857+00	\N	24	\N	\N	\N
7	e723nf9fa8c9qlnv2ua8am625cmjqm13	\N	e723nf9fa8c9qlnv2ua8am625cmjqm13	1	{"expire_date": ["2024-03-12 12:03:28.427272", "2024-03-17 15:42:18.281255"], "session_data": [".eJxVjEEOgjAQRe_StSEOllZYuvcMzdCZSrUphhY0Gu4uKgvdzZv3_38Kg2PuzJh4MJ5EI0Bsfn8t2gvHt6AzxlNf2D7mwbfFO1KsNhXHnjgc1uzfQIepW9qa7R7A2V1rVWW1bGvHpCoHsgQgqkrkmmmrylpqTVqSKytgu5MKnAarltGbf-BAJvQnH83k-Saap0iZr6KJYwibz20IMy5iXtH5wOnLfM8D_vgJg1-IyfwV5_kFNVpfEA:1rewBE:18tufBXPEbw7sKkMvpnjS39NooGZnsV83UMeekRqmTs", ".eJxVkMFuhDAMRP8lZ4RqCEnh2Hu_ITKxA2mjsCKBrbraf2_Ycti9efxmRrJvwuCWZ7MlXo0nMQgQ1fNuRPvN8QD0hXFaarvEvPqxPiz1SVP9uRCHj9P7UjBjmktas30HcLYdreqslmPvmFTnQDYARF2D3DO9qaaXWpOW5JoO2LZSgdNgVSm9-l9cyYRl8tHsnq9iuImU-SKGuIVQPWZDmLGA-ymdD5z-Nf_kFZ_4jsEXxWReggd5vKKtRDk2ccxm8jtHMcD9D663Z9w:1rgnyk:ZirIjnHRTuDrydr6FiCT1JUwasU9DSS4KB4hFx0-lVU"]}	2024-03-03 15:42:18.284809+00	\N	6	\N	\N	\N
8	123	123	Exploitation object (123)	0	{"e_criminal_activity": ["None", "False"], "e_forced_labour": ["None", "True"], "e_forced_marriage": ["None", "False"], "e_victim_knew_spouse": ["None", ""], "e_bprice_amount_kind": ["None", ""], "e_child_marriage": ["None", "False"], "e_victim_pregnancy": ["None", ""], "e_children_from_marriage": ["None", "0"], "e_maternal_health_issues": ["None", ""], "e_m_health_issues_description": ["None", ""], "e_armed_group_name": ["None", ""], "e_child_soldier": ["None", "False"], "e_child_soldier_age": ["None", "0"], "e_organ_removed": ["None", "False"], "e_organ_sale_price": ["None", ""], "e_remarks": ["None", "n/a"], "e_recruitment_type": ["None", "Internet advertiser"], "e_recruiter_relationship": ["None", "Friend"], "interviewer": ["None", "Interviewer object (2)"], "approval": ["None", "Pending"], "created_at": ["None", "2024-03-03 15:58:22.377102"], "updated_at": ["None", "2024-03-03 15:58:22.377124"], "id": ["None", "123"], "victim": ["None", "AO-TP-163"], "subject_to_exploitation": ["None", "True"], "intent_to_exploit": ["None", ""], "exploitation_length": ["None", "2"], "exploitation_age": ["None", "Above 18"], "pay_debt": ["None", "False"], "debt_amount": ["None", ""], "freed_method": ["None", "NGO intervention"], "event_description": ["None", "Sold into slavery"], "e_prostitution": ["None", "False"], "e_other_sexual": ["None", "False"], "e_other_sexual_online": ["None", ""], "e_online_porno": ["None", ""]}	2024-03-03 15:58:22.399804+00	\N	37	\N	\N	\N
21	4	4	default (jrarui@strathmore.edu)	1	{"last_generated_timestamp": ["2024-03-03 19:34:23.766058", "None"]}	2024-03-03 19:35:30.516347+00	\N	34	\N	\N	\N
9	e723nf9fa8c9qlnv2ua8am625cmjqm13	\N	e723nf9fa8c9qlnv2ua8am625cmjqm13	1	{"expire_date": ["2024-03-17 15:42:18.281255", "2024-03-17 15:58:32.292557"], "session_data": [".eJxVkMFuhDAMRP8lZ4RqCEnh2Hu_ITKxA2mjsCKBrbraf2_Ycti9efxmRrJvwuCWZ7MlXo0nMQgQ1fNuRPvN8QD0hXFaarvEvPqxPiz1SVP9uRCHj9P7UjBjmktas30HcLYdreqslmPvmFTnQDYARF2D3DO9qaaXWpOW5JoO2LZSgdNgVSm9-l9cyYRl8tHsnq9iuImU-SKGuIVQPWZDmLGA-ymdD5z-Nf_kFZ_4jsEXxWReggd5vKKtRDk2ccxm8jtHMcD9D663Z9w:1rgnyk:ZirIjnHRTuDrydr6FiCT1JUwasU9DSS4KB4hFx0-lVU", ".eJxVjEEOgjAQRe_StSEOllZYuvcMzdCZSrUphhY0Gu4uKgvdzZv3_38Kg2PuzJh4MJ5EI0Bsfn8t2gvHt6AzxlNf2D7mwbfFO1KsNhXHnjgc1uzfQIepW9qa7R7A2V1rVWW1bGvHpCoHsgQgqkrkmmmrylpqTVqSKytgu5MKnAarltGbf-BAJvQnH83k-Saap0iZr6KJYwibz20IMy5iXtH5wOnLfM8D_vgJg1-IyfwV5_kFNVpfEA:1rgoES:QZ8tfbCjrzkGNDYy6J8j7HqktFaog27D--sO26wQIzk"]}	2024-03-03 15:58:32.295601+00	\N	6	\N	\N	\N
10	164	164	None	0	{"consent_abstain_answer": ["None", "1"], "approval": ["None", "Pending"], "created_at": ["None", "2024-03-03 19:12:02.345842"], "updated_at": ["None", "2024-03-03 19:12:02.345864"], "prosecutions": ["None", "case_interview_app.Prosecution.None"], "destinations": ["None", "case_interview_app.TransitRouteDestination.None"], "traffickers": ["None", "case_interview_app.SuspectedTrafficker.None"], "socio_economic": ["None", "case_interview_app.SocioEconomic.None"], "investigations": ["None", "case_interview_app.ArrestInvestigation.None"], "assistance": ["None", "case_interview_app.Assistance.None"], "id": ["None", "164"], "exploitation": ["None", "case_interview_app.Exploitation.None"], "victim_permission": ["None", "case_interview_app.VictimPermissions.None"], "citizenship": ["None", "Botswana"], "countryOfBirth": ["None", "Botswana"], "gender": ["None", "Female"], "race": ["None", "Asian"], "place_of_birth": ["None", "gaborone"], "last_place_of_residence": ["None", "Botswana"], "identification_number": ["None", "0938383"], "initials": ["None", "Q.O.W.A"], "age": ["None", "20"], "address": ["None", "44th-njfjf"], "email_address": ["None", "qwer@gmail.com"], "interview_country": ["None", "Angola"], "interview_location": ["None", "asass"], "interview_date": ["None", "2024-03-03"], "additional_remarks": ["None", ""], "consent_share_gov_patner": ["None", "1"], "consent_limited_disclosure": ["None", "1"], "consent_research": ["None", "1"]}	2024-03-03 19:12:02.369042+00	\N	24	\N	\N	\N
11	164	164	BW-TP-164	1	{"consent_abstain_answer": ["True", "1"], "victim_identifier": ["None", "BW-TP-164"], "consent_share_gov_patner": ["True", "1"], "consent_limited_disclosure": ["True", "1"], "consent_research": ["True", "1"]}	2024-03-03 19:12:02.386475+00	\N	24	\N	\N	\N
12	124	124	Exploitation object (124)	0	{"e_criminal_activity": ["None", "False"], "e_forced_labour": ["None", "True"], "e_forced_marriage": ["None", "False"], "e_victim_knew_spouse": ["None", ""], "e_bprice_amount_kind": ["None", ""], "e_child_marriage": ["None", "False"], "e_victim_pregnancy": ["None", ""], "e_children_from_marriage": ["None", "0"], "e_maternal_health_issues": ["None", ""], "e_m_health_issues_description": ["None", ""], "e_armed_group_name": ["None", ""], "e_child_soldier": ["None", "False"], "e_child_soldier_age": ["None", "0"], "e_organ_removed": ["None", "False"], "e_organ_sale_price": ["None", ""], "e_remarks": ["None", ""], "e_recruitment_type": ["None", "Newspaper advertisement"], "e_recruiter_relationship": ["None", "Acquaintance"], "interviewer": ["None", "Interviewer object (2)"], "approval": ["None", "Pending"], "created_at": ["None", "2024-03-03 19:16:17.553262"], "updated_at": ["None", "2024-03-03 19:16:17.553285"], "id": ["None", "124"], "victim": ["None", "BW-TP-164"], "subject_to_exploitation": ["None", "True"], "intent_to_exploit": ["None", ""], "exploitation_length": ["None", "2"], "exploitation_age": ["None", "Above 18"], "pay_debt": ["None", "False"], "debt_amount": ["None", ""], "freed_method": ["None", "Law enforcement Intervention"], "event_description": ["None", "fraudulent job promise"], "e_prostitution": ["None", "False"], "e_other_sexual": ["None", "False"], "e_other_sexual_online": ["None", ""], "e_online_porno": ["None", ""]}	2024-03-03 19:16:17.57523+00	\N	37	\N	\N	\N
13	121	121	TransitRouteDestination object (121)	0	{"approval": ["None", "Pending"], "created_at": ["None", "2024-03-03 19:23:56.014737"], "id": ["None", "121"], "updated_at": ["None", "2024-03-03 19:23:56.014763"], "victim": ["None", "BW-TP-164"], "country_of_origin": ["None", "Botswana"], "city_village_of_dest": ["None", "hchjbc"], "city_village_of_origin": ["None", "asbhjc"], "country_of_dest": ["None", "Comoros"], "remarks": ["None", "N/a"], "interviewer": ["None", "Interviewer object (2)"]}	2024-03-03 19:23:56.043572+00	\N	25	\N	\N	\N
14	1	1	Interviewer object (1)	1	{"data_entry_purpose": ["TiP Process", "Prosecution"]}	2024-03-03 19:30:38.496575+00	1	14	102.0.3.110	\N	\N
15	e723nf9fa8c9qlnv2ua8am625cmjqm13	\N	e723nf9fa8c9qlnv2ua8am625cmjqm13	1	{"expire_date": ["2024-03-17 15:58:32.292557", "2024-03-17 19:30:47.010741"], "session_data": [".eJxVjEEOgjAQRe_StSEOllZYuvcMzdCZSrUphhY0Gu4uKgvdzZv3_38Kg2PuzJh4MJ5EI0Bsfn8t2gvHt6AzxlNf2D7mwbfFO1KsNhXHnjgc1uzfQIepW9qa7R7A2V1rVWW1bGvHpCoHsgQgqkrkmmmrylpqTVqSKytgu5MKnAarltGbf-BAJvQnH83k-Saap0iZr6KJYwibz20IMy5iXtH5wOnLfM8D_vgJg1-IyfwV5_kFNVpfEA:1rgoES:QZ8tfbCjrzkGNDYy6J8j7HqktFaog27D--sO26wQIzk", ".eJxVkMFuhDAMRP8lZ4RqCEnh2Hu_ITKxA2mjsCKBrbraf2_Ycti9efxmRrJvwuCWZ7MlXo0nMQgQ1fNuRPvN8QD0hXFaarvEvPqxPiz1SVP9uRCHj9P7UjBjmktas30HcLYdreqslmPvmFTnQDYARF2D3DO9qaaXWpOW5JoO2LZSgdNgVSm9-l9cyYRl8tHsnq9iuImU-SKGuIVQPWZDmLGA-ymdD5z-Nf_kFZ_4jsEXxWReggd5vKKtRDk2ccxm8jtHMcD9D663Z9w:1rgrXr:m-6odOFKCvnQxZp_0jAU5WmcHwa1mc5oMNL-iX4XyRo"]}	2024-03-03 19:30:47.01417+00	\N	6	\N	\N	\N
16	e723nf9fa8c9qlnv2ua8am625cmjqm13	\N	e723nf9fa8c9qlnv2ua8am625cmjqm13	2	{"expire_date": ["2024-03-17 19:30:47.010741", "None"], "session_key": ["e723nf9fa8c9qlnv2ua8am625cmjqm13", "None"], "session_data": [".eJxVkMFuhDAMRP8lZ4RqCEnh2Hu_ITKxA2mjsCKBrbraf2_Ycti9efxmRrJvwuCWZ7MlXo0nMQgQ1fNuRPvN8QD0hXFaarvEvPqxPiz1SVP9uRCHj9P7UjBjmktas30HcLYdreqslmPvmFTnQDYARF2D3DO9qaaXWpOW5JoO2LZSgdNgVSm9-l9cyYRl8tHsnq9iuImU-SKGuIVQPWZDmLGA-ymdD5z-Nf_kFZ_4jsEXxWReggd5vKKtRDk2ccxm8jtHMcD9D663Z9w:1rgrXr:m-6odOFKCvnQxZp_0jAU5WmcHwa1mc5oMNL-iX4XyRo", "None"]}	2024-03-03 19:33:42.156661+00	1	6	102.0.3.110	\N	\N
17	m7drioz7oecg8xl4szuutxtfqwnp12dh	\N	m7drioz7oecg8xl4szuutxtfqwnp12dh	0	{"expire_date": ["None", "2024-03-17 19:33:47.205814"], "session_key": ["None", "m7drioz7oecg8xl4szuutxtfqwnp12dh"], "session_data": ["None", ".eJyrVirPrEosSonPyU_PzIsvy0wtV7KqViouSS1QslJKLC3JUNIB8-JTEksSgVK1UG5aZk5qMYSfWlFSlIgkX5aYkwnkpabEo2isrQUAhp8oDA:1rgral:seN4lyh1kSCMTcztNRN7PRTIgSQv83FCuHxeW_7I-yQ"]}	2024-03-03 19:33:47.212724+00	\N	6	\N	\N	\N
18	4	4	default (jrarui@strathmore.edu)	1	{"token": ["None", "363537"], "valid_until": ["2024-02-15 09:05:17.992838", "2024-03-03 19:39:23.766224"], "last_generated_timestamp": ["None", "2024-03-03 19:34:23.766058"]}	2024-03-03 19:34:23.772157+00	\N	34	\N	\N	\N
19	m7drioz7oecg8xl4szuutxtfqwnp12dh	\N	m7drioz7oecg8xl4szuutxtfqwnp12dh	1	{"expire_date": ["2024-03-17 19:33:47.205814", "2024-03-17 19:34:24.686163"], "session_data": [".eJyrVirPrEosSonPyU_PzIsvy0wtV7KqViouSS1QslJKLC3JUNIB8-JTEksSgVK1UG5aZk5qMYSfWlFSlIgkX5aYkwnkpabEo2isrQUAhp8oDA:1rgral:seN4lyh1kSCMTcztNRN7PRTIgSQv83FCuHxeW_7I-yQ", ".eJxNjcsOgjAQRf9l1qTxQTR06d5vaAY64khtCR3ASPh3C8Ho8sy5c-8EI7-xs8aFmr0ZmEbQE0ShFjRIaMhDtqKxKLg47OUO2vfOzZu5saP4U9OcBL2kw-9P4gEdJyJr_suS6CN1pm3S2gE2KrFKuzad7AN9HVQVvHRcqqVfbTaqa7DkLls2W8fJC1coHLwRfhLo_XlX5EWen47z_AFIVFPE:1rgrbM:seiGgd9_35Rjr6uno3ZsB2XsJecRF0leFtOq_wCvWdY"]}	2024-03-03 19:34:24.688424+00	\N	6	\N	\N	\N
20	4	4	default (jrarui@strathmore.edu)	1	{"token": ["363537", "None"], "valid_until": ["2024-03-03 19:39:23.766224", "2024-03-03 19:35:30.506138"]}	2024-03-03 19:35:30.510737+00	\N	34	\N	\N	\N
22	zsw6foxri3s3ked7gu9ylifqamdlbg79	\N	zsw6foxri3s3ked7gu9ylifqamdlbg79	0	{"expire_date": ["None", "2024-03-17 19:35:30.526650"], "session_key": ["None", "zsw6foxri3s3ked7gu9ylifqamdlbg79"], "session_data": ["None", ".eJxVj8FuwjAQRP9lzyEqJICSW1OlKhXlUFGBhCLLxAsYjJ3aDqCi_HsdMNAeZ3a08-YMR_5DNSNCrbkkB45HSM9gLFaQglU7lBBcJGHU0vZGa7uBVNZCBD7gzNLo1Z4zJvBINXp7Ad35-2aUfUUz-vmd75MNxlWU297YsulLXK-yamKyWZy8bpez0Smb5IfpnD_vxv3MvI1wkldQBPAg65S11igtueItfH3hOTrKVuReHQ2ifjSEomk8_4oLNI8B5-aB32bwZDW9jXT6QAV3Chn5t_6--E_Zrat9UxvUpNo5swdeLWnpYsxZbEvlWoWlklbzZdiChP5qwg_FUGQ-G1wo3VZeUsuVJJbvEdLu8CmJkzgeRE3zC737mUo:1rgrcQ:S-mlS-wHzFkwvz8tobNmHtf9mUw5sHIilQmKLWZHyCc"]}	2024-03-03 19:35:30.53122+00	\N	6	\N	\N	\N
23	m7drioz7oecg8xl4szuutxtfqwnp12dh	\N	m7drioz7oecg8xl4szuutxtfqwnp12dh	2	{"expire_date": ["2024-03-17 19:34:24.686163", "None"], "session_key": ["m7drioz7oecg8xl4szuutxtfqwnp12dh", "None"], "session_data": [".eJxNjcsOgjAQRf9l1qTxQTR06d5vaAY64khtCR3ASPh3C8Ho8sy5c-8EI7-xs8aFmr0ZmEbQE0ShFjRIaMhDtqKxKLg47OUO2vfOzZu5saP4U9OcBL2kw-9P4gEdJyJr_suS6CN1pm3S2gE2KrFKuzad7AN9HVQVvHRcqqVfbTaqa7DkLls2W8fJC1coHLwRfhLo_XlX5EWen47z_AFIVFPE:1rgrbM:seiGgd9_35Rjr6uno3ZsB2XsJecRF0leFtOq_wCvWdY", "None"]}	2024-03-03 19:35:30.536+00	\N	6	\N	\N	\N
24	2	2	jrarui@strathmore.edu	1	{"last_login": ["2024-02-15 09:05:18.011696", "2024-03-03 19:35:30.539173"]}	2024-03-03 19:35:30.542024+00	\N	4	\N	\N	\N
25	zsw6foxri3s3ked7gu9ylifqamdlbg79	\N	zsw6foxri3s3ked7gu9ylifqamdlbg79	1	{"expire_date": ["2024-03-17 19:35:30.526650", "2024-03-17 19:35:30.547063"], "session_data": [".eJxVj8FuwjAQRP9lzyEqJICSW1OlKhXlUFGBhCLLxAsYjJ3aDqCi_HsdMNAeZ3a08-YMR_5DNSNCrbkkB45HSM9gLFaQglU7lBBcJGHU0vZGa7uBVNZCBD7gzNLo1Z4zJvBINXp7Ad35-2aUfUUz-vmd75MNxlWU297YsulLXK-yamKyWZy8bpez0Smb5IfpnD_vxv3MvI1wkldQBPAg65S11igtueItfH3hOTrKVuReHQ2ifjSEomk8_4oLNI8B5-aB32bwZDW9jXT6QAV3Chn5t_6--E_Zrat9UxvUpNo5swdeLWnpYsxZbEvlWoWlklbzZdiChP5qwg_FUGQ-G1wo3VZeUsuVJJbvEdLu8CmJkzgeRE3zC737mUo:1rgrcQ:S-mlS-wHzFkwvz8tobNmHtf9mUw5sHIilQmKLWZHyCc", ".eJxVjsFywyAMRP-Fc4cWDI3tY-_9BkYIOaal0DHYySSTfy-OfagvGq3eamfv7OJvMDkT0tlHs3i6sP7OcqFf1sc5hJfnbhwUqOCxy8EHypuma5ngH18g-KrImcNjJQbmMpo502S8Yz2T7HCzgN8UV-C-IJ4TxxTL5C1fLXynmX8mR-Fj9x4CRshj_dYt2kaoFvEkOosOLGmNoIV9a5sBQMmT7uQARIQoCWWnFDohWmsbeNdraCq1OC0eaWu6avoBH_hzbuhVsccfVANvEg:1rgrcQ:voxyXMpQqSteS3fOKPOWqaayQGbOKAwsGnwrddunsPc"]}	2024-03-03 19:35:30.548833+00	\N	6	\N	\N	\N
26	2	2	Interviewer object (2)	1	{"data_entry_purpose": ["TiP Process", "Prosecution"]}	2024-03-03 19:35:42.533934+00	2	14	102.0.3.110	\N	\N
27	zsw6foxri3s3ked7gu9ylifqamdlbg79	\N	zsw6foxri3s3ked7gu9ylifqamdlbg79	1	{"expire_date": ["2024-03-17 19:35:30.547063", "2024-03-17 20:05:19.187871"], "session_data": [".eJxVjsFywyAMRP-Fc4cWDI3tY-_9BkYIOaal0DHYySSTfy-OfagvGq3eamfv7OJvMDkT0tlHs3i6sP7OcqFf1sc5hJfnbhwUqOCxy8EHypuma5ngH18g-KrImcNjJQbmMpo502S8Yz2T7HCzgN8UV-C-IJ4TxxTL5C1fLXynmX8mR-Fj9x4CRshj_dYt2kaoFvEkOosOLGmNoIV9a5sBQMmT7uQARIQoCWWnFDohWmsbeNdraCq1OC0eaWu6avoBH_hzbuhVsccfVANvEg:1rgrcQ:voxyXMpQqSteS3fOKPOWqaayQGbOKAwsGnwrddunsPc", ".eJxVjs1uxCAMhN-F84oWErpJjnvvMyBjnISWQhVItupq373k59BcLI-_8Wge7O5-YbLax8EFvTi6s-7BUqZv1oXZ-8u2awsZCngesnee0q7pJ0_wjy_gXVFk9emxEA1zHvWcaNLOso5JdroZwE8KK7AfEIbIMYY8OcNXCz9o4u_Rkr8d3lPACGks36pBU4m6QbyK1qAFQ0ohKGFem6oHqOVVtbIHIkKUhLKta7RCNMZU8KbW0JhLcVoc0t501fQFzvNt7uilLs5lM1TqwkrbRCHrwS0UWCeef_LseBM:1rgs5H:bcLLFVIDI4kSh0dww8c2HCRHmEi3CfMSatHsRCcbxtc"]}	2024-03-03 20:05:19.190369+00	\N	6	\N	\N	\N
28	165	165	None	0	{"consent_abstain_answer": ["None", "1"], "approval": ["None", "Pending"], "created_at": ["None", "2024-03-03 20:58:59.840652"], "updated_at": ["None", "2024-03-03 20:58:59.840675"], "investigations": ["None", "case_interview_app.ArrestInvestigation.None"], "assistance": ["None", "case_interview_app.Assistance.None"], "exploitation": ["None", "case_interview_app.Exploitation.None"], "prosecutions": ["None", "case_interview_app.Prosecution.None"], "victim_permission": ["None", "case_interview_app.VictimPermissions.None"], "socio_economic": ["None", "case_interview_app.SocioEconomic.None"], "id": ["None", "165"], "address": ["None", "3242fddf"], "citizenship": ["None", "Botswana"], "countryOfBirth": ["None", "Botswana"], "interview_date": ["None", "2024-03-03"], "gender": ["None", "Male"], "race": ["None", "White"], "traffickers": ["None", "case_interview_app.SuspectedTrafficker.None"], "place_of_birth": ["None", "djlsdjj"], "last_place_of_residence": ["None", "Botswana"], "identification_number": ["None", "dffd444554s"], "initials": ["None", "vbvb"], "age": ["None", "23"], "email_address": ["None", "xnbc@cn.co"], "interview_country": ["None", "Botswana"], "interview_location": ["None", "dkjhkjhd"], "destinations": ["None", "case_interview_app.TransitRouteDestination.None"], "additional_remarks": ["None", ""], "consent_share_gov_patner": ["None", "1"], "consent_limited_disclosure": ["None", "1"], "consent_research": ["None", "1"]}	2024-03-03 20:58:59.863629+00	\N	24	\N	\N	\N
29	165	165	BW-PR-165	1	{"consent_abstain_answer": ["True", "1"], "victim_identifier": ["None", "BW-PR-165"], "consent_share_gov_patner": ["True", "1"], "consent_limited_disclosure": ["True", "1"], "consent_research": ["True", "1"]}	2024-03-03 20:58:59.884733+00	\N	24	\N	\N	\N
30	35	35	SuspectedTrafficker object (35)	0	{"prosecutions": ["None", "case_interview_app.Prosecution.None"], "victim": ["None", "BW-PR-165"], "first_name": ["None", "Malek"], "last_name": ["None", "Abdi"], "dob": ["None", "2024-03-03"], "gender": ["None", "Female"], "race": ["None", "Mixed Race"], "age": ["None", "0"], "country_of_birth": ["None", "Comoros"], "citizenship": ["None", "Comoros"], "nationality": ["None", "Comoros"], "id_number": ["None", "384748490"], "id_type": ["None", "Driver's license"], "last_residence": ["None", "iquhdbd"], "address": ["None", "wjjebfbf"], "date_of_arrest": ["None", "2024-03-03"], "traffick_from_country": ["None", "Botswana"], "traffick_from_place": ["None", "gaborone"], "traffick_to_country": ["None", "Comoros"], "traffick_to_place": ["None", "Askad"], "interviewer": ["None", "Interviewer object (2)"], "approval": ["None", "Pending"], "created_at": ["None", "2024-03-03 21:16:51.025336"], "updated_at": ["None", "2024-03-03 21:16:51.025356"], "id": ["None", "35"]}	2024-03-03 21:16:51.060743+00	\N	26	\N	\N	\N
31	166	166	None	0	{"consent_abstain_answer": ["None", "1"], "approval": ["None", "Pending"], "created_at": ["None", "2024-03-03 21:22:18.337257"], "updated_at": ["None", "2024-03-03 21:22:18.337278"], "prosecutions": ["None", "case_interview_app.Prosecution.None"], "destinations": ["None", "case_interview_app.TransitRouteDestination.None"], "assistance": ["None", "case_interview_app.Assistance.None"], "id": ["None", "166"], "investigations": ["None", "case_interview_app.ArrestInvestigation.None"], "address": ["None", "hdsdhgvc"], "exploitation": ["None", "case_interview_app.Exploitation.None"], "victim_permission": ["None", "case_interview_app.VictimPermissions.None"], "traffickers": ["None", "case_interview_app.SuspectedTrafficker.None"], "citizenship": ["None", "Angola"], "countryOfBirth": ["None", "Botswana"], "gender": ["None", "Male"], "race": ["None", "Black"], "socio_economic": ["None", "case_interview_app.SocioEconomic.None"], "place_of_birth": ["None", "ncfdjsk"], "last_place_of_residence": ["None", "Comoros"], "identification_number": ["None", "939848384"], "initials": ["None", "sajj"], "age": ["None", "23"], "email_address": ["None", "bcxnm@gmail.com"], "interview_country": ["None", "Botswana"], "interview_location": ["None", "vcbnjddj"], "interview_date": ["None", "2024-03-03"], "additional_remarks": ["None", ""], "consent_share_gov_patner": ["None", "1"], "consent_limited_disclosure": ["None", "1"], "consent_research": ["None", "1"]}	2024-03-03 21:22:18.356224+00	\N	24	\N	\N	\N
69	4	4	default (jrarui@strathmore.edu)	1	{"token": ["903635", "None"], "valid_until": ["2024-03-10 17:05:53.668595", "2024-03-10 17:01:10.881698"]}	2024-03-10 17:01:10.886063+00	\N	34	\N	\N	\N
32	166	166	AO-PR-166	1	{"consent_abstain_answer": ["True", "1"], "victim_identifier": ["None", "AO-PR-166"], "consent_share_gov_patner": ["True", "1"], "consent_limited_disclosure": ["True", "1"], "consent_research": ["True", "1"]}	2024-03-03 21:22:18.372125+00	\N	24	\N	\N	\N
33	36	36	SuspectedTrafficker object (36)	0	{"prosecutions": ["None", "case_interview_app.Prosecution.None"], "victim": ["None", "AO-PR-166"], "first_name": ["None", "miano"], "last_name": ["None", "basu"], "dob": ["None", "1997-02-14"], "gender": ["None", "Female"], "race": ["None", "White"], "age": ["None", "27"], "country_of_birth": ["None", "Botswana"], "citizenship": ["None", "Botswana"], "nationality": ["None", "Botswana"], "id_number": ["None", "20399393"], "id_type": ["None", "Driver's license"], "last_residence": ["None", "hfdahjh"], "address": ["None", "hsjfvsjbvhj"], "date_of_arrest": ["None", "2024-03-03"], "traffick_from_country": ["None", "Botswana"], "traffick_from_place": ["None", "fksdkv"], "traffick_to_country": ["None", "Angola"], "traffick_to_place": ["None", "knsvkjnjvk"], "interviewer": ["None", "Interviewer object (2)"], "approval": ["None", "Pending"], "created_at": ["None", "2024-03-03 21:25:05.380339"], "updated_at": ["None", "2024-03-03 21:25:05.380362"], "id": ["None", "36"]}	2024-03-03 21:25:05.411691+00	\N	26	\N	\N	\N
34	167	167	None	0	{"consent_abstain_answer": ["None", "1"], "approval": ["None", "Pending"], "created_at": ["None", "2024-03-03 21:33:11.363927"], "updated_at": ["None", "2024-03-03 21:33:11.363949"], "prosecutions": ["None", "case_interview_app.Prosecution.None"], "destinations": ["None", "case_interview_app.TransitRouteDestination.None"], "assistance": ["None", "case_interview_app.Assistance.None"], "id": ["None", "167"], "investigations": ["None", "case_interview_app.ArrestInvestigation.None"], "address": ["None", "snsjdndc"], "exploitation": ["None", "case_interview_app.Exploitation.None"], "victim_permission": ["None", "case_interview_app.VictimPermissions.None"], "traffickers": ["None", "case_interview_app.SuspectedTrafficker.None"], "citizenship": ["None", "Comoros"], "countryOfBirth": ["None", "Comoros"], "gender": ["None", "Male"], "race": ["None", "Asian"], "socio_economic": ["None", "case_interview_app.SocioEconomic.None"], "place_of_birth": ["None", "ponnsdhj"], "last_place_of_residence": ["None", "Botswana"], "identification_number": ["None", "92843u32ie"], "initials": ["None", "odoo"], "age": ["None", "23"], "email_address": ["None", "odirg@gmail.com"], "interview_country": ["None", "Botswana"], "interview_location": ["None", "nvkvnfdk"], "interview_date": ["None", "2024-03-04"], "additional_remarks": ["None", ""], "consent_share_gov_patner": ["None", "1"], "consent_limited_disclosure": ["None", "1"], "consent_research": ["None", "1"]}	2024-03-03 21:33:11.381313+00	\N	24	\N	\N	\N
35	167	167	KM-PR-167	1	{"consent_abstain_answer": ["True", "1"], "victim_identifier": ["None", "KM-PR-167"], "consent_share_gov_patner": ["True", "1"], "consent_limited_disclosure": ["True", "1"], "consent_research": ["True", "1"]}	2024-03-03 21:33:11.397736+00	\N	24	\N	\N	\N
36	37	37	SuspectedTrafficker object (37)	0	{"prosecutions": ["None", "case_interview_app.Prosecution.None"], "victim": ["None", "KM-PR-167"], "first_name": ["None", "Abel"], "last_name": ["None", "nauzi"], "dob": ["None", "1982-10-01"], "gender": ["None", "Female"], "race": ["None", "Black"], "age": ["None", "41"], "country_of_birth": ["None", "Botswana"], "citizenship": ["None", "Angola"], "nationality": ["None", "Angola"], "id_number": ["None", "35676343"], "id_type": ["None", "Driver's license"], "last_residence": ["None", "cgfsdfv"], "address": ["None", "bcvdbgfd"], "date_of_arrest": ["None", "2024-03-03"], "traffick_from_country": ["None", "Botswana"], "traffick_from_place": ["None", "vdv"], "traffick_to_country": ["None", "Angola"], "traffick_to_place": ["None", "cbfggfgf"], "interviewer": ["None", "Interviewer object (2)"], "approval": ["None", "Pending"], "created_at": ["None", "2024-03-03 21:35:48.238617"], "updated_at": ["None", "2024-03-03 21:35:48.238640"], "id": ["None", "37"]}	2024-03-03 21:35:48.263691+00	\N	26	\N	\N	\N
37	32	32	Prosecution object (32)	0	{"id": ["None", "32"], "victim": ["None", "KM-PR-167"], "trafficker": ["None", "SuspectedTrafficker object (37)"], "interviewer": ["None", "Interviewer object (2)"], "status_of_case": ["None", "Awaiting allocation of trial date"], "trial_court": ["None", "High court"], "court_case_no": ["None", "ANG_24234"], "verdict": ["None", "Guilty"], "prosecution_outcome": ["None", "Appeal(s)"], "aquital_reason": ["None", "Unavailability of witnesses"], "review_appeal_outcome": ["None", ""], "approval": ["None", "Pending"], "created_at": ["None", "2024-03-03 21:53:51.827157"], "updated_at": ["None", "2024-03-03 21:53:51.827179"]}	2024-03-03 21:53:51.855276+00	\N	27	\N	\N	\N
38	33	33	Prosecution object (33)	0	{"id": ["None", "33"], "victim": ["None", "KM-PR-167"], "trafficker": ["None", "SuspectedTrafficker object (37)"], "interviewer": ["None", "Interviewer object (2)"], "status_of_case": ["None", "Awaiting allocation of trial date"], "trial_court": ["None", "High court"], "court_case_no": ["None", "ANG_24234"], "verdict": ["None", "Guilty"], "prosecution_outcome": ["None", "Appeal(s)"], "aquital_reason": ["None", "Unavailability of witnesses"], "review_appeal_outcome": ["None", ""], "approval": ["None", "Pending"], "created_at": ["None", "2024-03-03 21:54:27.976703"], "updated_at": ["None", "2024-03-03 21:54:27.976726"]}	2024-03-03 21:54:27.999113+00	\N	27	\N	\N	\N
39	zsw6foxri3s3ked7gu9ylifqamdlbg79	\N	zsw6foxri3s3ked7gu9ylifqamdlbg79	1	{"expire_date": ["2024-03-17 20:05:19.187871", "2024-03-17 21:54:47.382327"], "session_data": [".eJxVjs1uxCAMhN-F84oWErpJjnvvMyBjnISWQhVItupq373k59BcLI-_8Wge7O5-YbLax8EFvTi6s-7BUqZv1oXZ-8u2awsZCngesnee0q7pJ0_wjy_gXVFk9emxEA1zHvWcaNLOso5JdroZwE8KK7AfEIbIMYY8OcNXCz9o4u_Rkr8d3lPACGks36pBU4m6QbyK1qAFQ0ohKGFem6oHqOVVtbIHIkKUhLKta7RCNMZU8KbW0JhLcVoc0t501fQFzvNt7uilLs5lM1TqwkrbRCHrwS0UWCeef_LseBM:1rgs5H:bcLLFVIDI4kSh0dww8c2HCRHmEi3CfMSatHsRCcbxtc", ".eJxVjsFywyAMRP-Fc4cWDI3tY-_9BkYIOaal0DHYySSTfy-OfagvGq3eamfv7OJvMDkT0tlHs3i6sP7OcqFf1sc5hJfnbhwUqOCxy8EHypuma5ngH18g-KrImcNjJQbmMpo502S8Yz2T7HCzgN8UV-C-IJ4TxxTL5C1fLXynmX8mR-Fj9x4CRshj_dYt2kaoFvEkOosOLGmNoIV9a5sBQMmT7uQARIQoCWWnFDohWmsbeNdraCq1OC0eaWu6avoBH_hzbuhVsccfVANvEg:1rgtnD:Z-kkb75CY6Xa2X42H0d0Ibxv3Yrjoc277LivulhmysM"]}	2024-03-03 21:54:47.386298+00	\N	6	\N	\N	\N
40	2	2	Interviewer object (2)	1	{"data_entry_purpose": ["Prosecution", "Investigation"]}	2024-03-04 20:27:23.936157+00	2	14	102.0.3.110	\N	\N
41	21	21	ArrestInvestigation object (21)	0	{"victim": ["None", "KM-PR-167"], "org_crime": ["None", "False"], "suspects_arrested": ["None", "True"], "why_no_arrest": ["None", ""], "victim_smuggled": ["None", "False"], "investigation_done": ["None", "True"], "why_no_investigation": ["None", ""], "investigation_status": ["None", "Pending"], "why_pending": ["None", ""], "withdrawn_closed_reason": ["None", ""], "interviewer": ["None", "Interviewer object (2)"], "approval": ["None", "Pending"], "created_at": ["None", "2024-03-04 20:33:00.331347"], "updated_at": ["None", "2024-03-04 20:33:00.331371"], "id": ["None", "21"]}	2024-03-04 20:33:00.355789+00	\N	28	\N	\N	\N
70	4	4	default (jrarui@strathmore.edu)	1	{"last_generated_timestamp": ["2024-03-10 17:00:53.668507", "None"]}	2024-03-10 17:01:10.891876+00	\N	34	\N	\N	\N
97	u8gqe5mw24x10kk3bqgf0112y26vbryt	\N	u8gqe5mw24x10kk3bqgf0112y26vbryt	0	{"expire_date": ["None", "2024-03-30 20:01:01.942098"], "session_key": ["None", "u8gqe5mw24x10kk3bqgf0112y26vbryt"], "session_data": ["None", ".eJyrVirPrEosSonPyU_PzIsvy0wtV7KqViouSS1QslJKLC3JUNIB8-JTEksSgVK1UG5aZk5qMYSfWlFSlIgkX5aYkwnkpabEo2isrQUAhp8oDA:1rlaDF:ppNhp2_QujjnRSDJvWgXaCGEVrD5PQHGHzG61bAKtT8"]}	2024-03-16 20:01:01.950566+00	\N	6	\N	\N	\N
42	zsw6foxri3s3ked7gu9ylifqamdlbg79	\N	zsw6foxri3s3ked7gu9ylifqamdlbg79	1	{"expire_date": ["2024-03-17 21:54:47.382327", "2024-03-18 20:35:07.857880"], "session_data": [".eJxVjsFywyAMRP-Fc4cWDI3tY-_9BkYIOaal0DHYySSTfy-OfagvGq3eamfv7OJvMDkT0tlHs3i6sP7OcqFf1sc5hJfnbhwUqOCxy8EHypuma5ngH18g-KrImcNjJQbmMpo502S8Yz2T7HCzgN8UV-C-IJ4TxxTL5C1fLXynmX8mR-Fj9x4CRshj_dYt2kaoFvEkOosOLGmNoIV9a5sBQMmT7uQARIQoCWWnFDohWmsbeNdraCq1OC0eaWu6avoBH_hzbuhVsccfVANvEg:1rgtnD:Z-kkb75CY6Xa2X42H0d0Ibxv3Yrjoc277LivulhmysM", ".eJxVjs1uxCAMhN-F84qWBDY_x977DMgYJ6GlpAoku9rVvnvJz6G5WB5_49E82c09YLLaj70LenF0Y-2TxUS_rA2z95dt1xYSZPA6ZOc8xV3TPU3wjy_gXVZk9ekxEw1zGvQcadLOspYV7HQzgN8UVmC_IPQjxzGkyRm-WvhBI_8cLfmPw3sKGCAO-VvVaEoha8RKNAYtGFIKQQnzXpcdgCwq1RQdEBFiQVg0UqIVojamhKtaQ8eUi9PikPamq6YfcJ5vc0dvMjuXzSCu1YXlupFC0r1bKOTb6w9oeXhJ:1rhF1f:JvjOYRfHjqWv79iSIvKne19cj-oaTMiBHbSKuN4OY0o"]}	2024-03-04 20:35:07.860917+00	\N	6	\N	\N	\N
43	zsw6foxri3s3ked7gu9ylifqamdlbg79	\N	zsw6foxri3s3ked7gu9ylifqamdlbg79	1	{"expire_date": ["2024-03-18 20:35:07.857880", "2024-03-18 20:35:19.236293"], "session_data": [".eJxVjs1uxCAMhN-F84qWBDY_x977DMgYJ6GlpAoku9rVvnvJz6G5WB5_49E82c09YLLaj70LenF0Y-2TxUS_rA2z95dt1xYSZPA6ZOc8xV3TPU3wjy_gXVZk9ekxEw1zGvQcadLOspYV7HQzgN8UVmC_IPQjxzGkyRm-WvhBI_8cLfmPw3sKGCAO-VvVaEoha8RKNAYtGFIKQQnzXpcdgCwq1RQdEBFiQVg0UqIVojamhKtaQ8eUi9PikPamq6YfcJ5vc0dvMjuXzSCu1YXlupFC0r1bKOTb6w9oeXhJ:1rhF1f:JvjOYRfHjqWv79iSIvKne19cj-oaTMiBHbSKuN4OY0o", ".eJxVjsFywyAMRP-Fc4cWDI3tY-_9BkYIOaal0DHYySSTfy-OfagvGq3eamfv7OJvMDkT0tlHs3i6sP7OcqFf1sc5hJfnbhwUqOCxy8EHypuma5ngH18g-KrImcNjJQbmMpo502S8Yz2T7HCzgN8UV-C-IJ4TxxTL5C1fLXynmX8mR-Fj9x4CRshj_dYt2kaoFvEkOosOLGmNoIV9a5sBQMmT7uQARIQoCWWnFDohWmsbeNdraCq1OC0eaWu6avoBH_hzbuhVsccfVANvEg:1rhF1r:0Sx0B22xXVcGaLoufWVaS7Q4AfNDkwnYou9HHAAjzmE"]}	2024-03-04 20:35:19.238238+00	\N	6	\N	\N	\N
44	2	2	Interviewer object (2)	1	{"data_entry_purpose": ["Investigation", "Assistance"]}	2024-03-04 20:41:33.593582+00	2	14	102.0.3.110	\N	\N
45	zsw6foxri3s3ked7gu9ylifqamdlbg79	\N	zsw6foxri3s3ked7gu9ylifqamdlbg79	1	{"expire_date": ["2024-03-18 20:35:19.236293", "2024-03-19 01:43:46.812111"], "session_data": [".eJxVjsFywyAMRP-Fc4cWDI3tY-_9BkYIOaal0DHYySSTfy-OfagvGq3eamfv7OJvMDkT0tlHs3i6sP7OcqFf1sc5hJfnbhwUqOCxy8EHypuma5ngH18g-KrImcNjJQbmMpo502S8Yz2T7HCzgN8UV-C-IJ4TxxTL5C1fLXynmX8mR-Fj9x4CRshj_dYt2kaoFvEkOosOLGmNoIV9a5sBQMmT7uQARIQoCWWnFDohWmsbeNdraCq1OC0eaWu6avoBH_hzbuhVsccfVANvEg:1rhF1r:0Sx0B22xXVcGaLoufWVaS7Q4AfNDkwnYou9HHAAjzmE", ".eJxVjs1uxCAMhN-F84oWAt0kx733GZAxTkJLSRVItupq373k59BcLI-_8Wge7O5_YXImjL2PZvF0Z-2DpUzfrI1zCJdtNw4yFPA8ZOcDpV3TT57gH18g-KLImdNjIQbmPJg50WS8Yy2T7HSzgJ8UV-A-IPYjxzHmyVu-WvhBE38fHYXb4T0FDJCG8q1rtJVQNeJVNBYdWNIaQQv7WlcdgJJX3cgOiAhREspGKXRC1NZW8KbX0DGX4rR4pL3pqukLfODb3NGLKs5lM4hKXVipmyhm0_uFYrk9_wBn_nhD:1rhJqM:VSMMw8q6pDCmWk-_okQjnxGQRefdohMLCQU4M1C8JMw"]}	2024-03-05 01:43:46.818447+00	\N	6	\N	\N	\N
46	122	122	TransitRouteDestination object (122)	0	{"approval": ["None", "Pending"], "created_at": ["None", "2024-03-06 09:06:10.503634"], "id": ["None", "122"], "updated_at": ["None", "2024-03-06 09:06:10.503666"], "country_of_origin": ["None", "Comoros"], "city_village_of_dest": ["None", "NA"], "city_village_of_origin": ["None", "NA"], "country_of_dest": ["None", "Angola"], "remarks": ["None", ""], "interviewer": ["None", "Interviewer object (15)"]}	2024-03-06 09:06:10.526026+00	\N	25	\N	\N	\N
47	123	123	TransitRouteDestination object (123)	0	{"approval": ["None", "Pending"], "created_at": ["None", "2024-03-06 09:06:12.499140"], "id": ["None", "123"], "updated_at": ["None", "2024-03-06 09:06:12.499168"], "country_of_origin": ["None", "Comoros"], "city_village_of_dest": ["None", "NA"], "city_village_of_origin": ["None", "NA"], "country_of_dest": ["None", "Angola"], "remarks": ["None", ""], "interviewer": ["None", "Interviewer object (15)"]}	2024-03-06 09:06:12.512861+00	\N	25	\N	\N	\N
48	17	17	AssistanceAggregateData object (17)	0	{"data_supplier": ["None", "NGO"], "id": ["None", "17"], "total_service": ["None", "1"], "eligible_family_service": ["None", "3"], "total_tip_annually": ["None", "10"], "total_anon_contacts": ["None", "1"], "interviewer": ["None", "Interviewer object (2)"], "approval": ["None", "Pending"], "created_at": ["None", "2024-03-09 09:38:51.736905"], "updated_at": ["None", "2024-03-09 09:38:51.736929"]}	2024-03-09 09:38:51.764734+00	\N	65	\N	\N	\N
49	18	18	AssistanceAggregateData object (18)	0	{"data_supplier": ["None", "NGO"], "id": ["None", "18"], "total_service": ["None", "1"], "eligible_family_service": ["None", "3"], "total_tip_annually": ["None", "10"], "total_anon_contacts": ["None", "1"], "interviewer": ["None", "Interviewer object (2)"], "approval": ["None", "Pending"], "created_at": ["None", "2024-03-09 09:40:12.041321"], "updated_at": ["None", "2024-03-09 09:40:12.041372"]}	2024-03-09 09:40:12.055719+00	\N	65	\N	\N	\N
50	19	19	AssistanceAggregateData object (19)	0	{"data_supplier": ["None", "NGO"], "id": ["None", "19"], "total_service": ["None", "1"], "eligible_family_service": ["None", "3"], "total_tip_annually": ["None", "10"], "total_anon_contacts": ["None", "1"], "interviewer": ["None", "Interviewer object (2)"], "approval": ["None", "Pending"], "created_at": ["None", "2024-03-09 09:40:21.227617"], "updated_at": ["None", "2024-03-09 09:40:21.227639"]}	2024-03-09 09:40:21.2396+00	\N	65	\N	\N	\N
51	20	20	AssistanceAggregateData object (20)	0	{"data_supplier": ["None", "NGO"], "id": ["None", "20"], "total_service": ["None", "1"], "eligible_family_service": ["None", "3"], "total_tip_annually": ["None", "10"], "total_anon_contacts": ["None", "1"], "interviewer": ["None", "Interviewer object (2)"], "approval": ["None", "Pending"], "created_at": ["None", "2024-03-09 09:40:29.894813"], "updated_at": ["None", "2024-03-09 09:40:29.894840"]}	2024-03-09 09:40:29.907217+00	\N	65	\N	\N	\N
52	21	21	AssistanceAggregateData object (21)	0	{"data_supplier": ["None", "Labour market"], "id": ["None", "21"], "total_service": ["None", "1"], "eligible_family_service": ["None", "1"], "total_tip_annually": ["None", "1"], "total_anon_contacts": ["None", "1"], "interviewer": ["None", "Interviewer object (2)"], "approval": ["None", "Pending"], "created_at": ["None", "2024-03-09 09:47:22.396991"], "updated_at": ["None", "2024-03-09 09:47:22.397016"]}	2024-03-09 09:47:22.409668+00	\N	65	\N	\N	\N
53	zsw6foxri3s3ked7gu9ylifqamdlbg79	\N	zsw6foxri3s3ked7gu9ylifqamdlbg79	1	{"expire_date": ["2024-03-19 01:43:46.812111", "2024-03-23 12:28:11.931862"], "session_data": [".eJxVjs1uxCAMhN-F84oWAt0kx733GZAxTkJLSRVItupq373k59BcLI-_8Wge7O5_YXImjL2PZvF0Z-2DpUzfrI1zCJdtNw4yFPA8ZOcDpV3TT57gH18g-KLImdNjIQbmPJg50WS8Yy2T7HSzgJ8UV-A-IPYjxzHmyVu-WvhBE38fHYXb4T0FDJCG8q1rtJVQNeJVNBYdWNIaQQv7WlcdgJJX3cgOiAhREspGKXRC1NZW8KbX0DGX4rR4pL3pqukLfODb3NGLKs5lM4hKXVipmyhm0_uFYrk9_wBn_nhD:1rhJqM:VSMMw8q6pDCmWk-_okQjnxGQRefdohMLCQU4M1C8JMw", ".eJxVjsFywyAMRP-Fc4cWDI3tY-_9BkYIOaal0DHYySSTfy-OfagvGq3eamfv7OJvMDkT0tlHs3i6sP7OcqFf1sc5hJfnbhwUqOCxy8EHypuma5ngH18g-KrImcNjJQbmMpo502S8Yz2T7HCzgN8UV-C-IJ4TxxTL5C1fLXynmX8mR-Fj9x4CRshj_dYt2kaoFvEkOosOLGmNoIV9a5sBQMmT7uQARIQoCWWnFDohWmsbeNdraCq1OC0eaWu6avoBH_hzbuhVsccfVANvEg:1rivoB:FzL0AEbQSTecP9t4E7iZSPLr5q3rP-RwTBtJc4Zprj4"]}	2024-03-09 12:28:11.936324+00	\N	6	\N	\N	\N
68	mwata0ef9kxfqttmp83vcg3w9mts7vh9	\N	mwata0ef9kxfqttmp83vcg3w9mts7vh9	1	{"expire_date": ["2024-03-24 17:00:31.036764", "2024-03-24 17:00:54.648468"], "session_data": [".eJyrVirPrEosSonPyU_PzIsvy0wtV7KqViouSS1QslJKLC3JUNIB8-JTEksSgVK1UG5aZk5qMYSfWlFSlIgkX5aYkwnkpabEo2isrQUAhp8oDA:1rjMXH:FSxJzmGDrJ39ro1_Vu0ZtJSsd95hk4dBlSeKA_VUVyA", ".eJxNjUEOgjAQRe8ya9KAxhi7dO8ZmoGOOFJbAwMYSe9uITW6fPP-_L_AzG_srXGhZW8mphn0AoPQEzRI6MhDsaGxKLg6HOUG2o_OxWyu7Gj4qSUmQS_p8fuTeELHicia_7IkxoF68-zS2g4y1dikXZtO9o6-DaoJXnqu1dqvsh3UJVhy55wttnHywg0KB2-EHwS6OlZleSrLwz7GD0e9U68:1rjMXe:34xt1u7sme6YvffUpvyDVeqrrOGqfv3rJyE2I7b3fNA"]}	2024-03-10 17:00:54.650388+00	\N	6	\N	\N	\N
54	zsw6foxri3s3ked7gu9ylifqamdlbg79	\N	zsw6foxri3s3ked7gu9ylifqamdlbg79	1	{"expire_date": ["2024-03-23 12:28:11.931862", "2024-03-23 12:28:22.218764"], "session_data": [".eJxVjsFywyAMRP-Fc4cWDI3tY-_9BkYIOaal0DHYySSTfy-OfagvGq3eamfv7OJvMDkT0tlHs3i6sP7OcqFf1sc5hJfnbhwUqOCxy8EHypuma5ngH18g-KrImcNjJQbmMpo502S8Yz2T7HCzgN8UV-C-IJ4TxxTL5C1fLXynmX8mR-Fj9x4CRshj_dYt2kaoFvEkOosOLGmNoIV9a5sBQMmT7uQARIQoCWWnFDohWmsbeNdraCq1OC0eaWu6avoBH_hzbuhVsccfVANvEg:1rivoB:FzL0AEbQSTecP9t4E7iZSPLr5q3rP-RwTBtJc4Zprj4", ".eJxVjs1uxCAMhN-F84oWErpJjnvvMyBjnISWQhVItupq373k59BcLI-_8Wge7O5-YbLax8EFvTi6s-7BUqZv1oXZ-8u2awsZCngesnee0q7pJ0_wjy_gXVFk9emxEA1zHvWcaNLOso5JdroZwE8KK7AfEIbIMYY8OcNXCz9o4u_Rkr8d3lPACGks36pBU4m6QbyK1qAFQ0ohKGFem6oHqOVVtbIHIkKUhLKta7RCNMZU8KbW0JhLcVoc0t501fQFzvNt7uilLs5lM1TqwkrbRCHrwS0UWCeef_LseBM:1rivoM:YfOC1ElMMFDjcFi84CoRCotVoqNfCdnXAtDIK8etmH0"]}	2024-03-09 12:28:22.221044+00	\N	6	\N	\N	\N
55	22	22	Assistance object (22)	0	{"id": ["None", "22"], "victim": ["None", "LS-TP-35"], "social_assistance_days": ["None", "1"], "micro_ent_income_project": ["None", "Agro business"], "im_emmigration_assistance_status": ["None", "Conditional permanent resident"], "other_community_assistance_type": ["None", "Financial assistance"], "interviewer": ["None", "Interviewer object (2)"], "approval": ["None", "Pending"], "created_at": ["None", "2024-03-09 12:28:35.364556"], "updated_at": ["None", "2024-03-09 12:28:35.364576"]}	2024-03-09 12:28:35.389761+00	2	66	102.0.3.110	\N	\N
56	zsw6foxri3s3ked7gu9ylifqamdlbg79	\N	zsw6foxri3s3ked7gu9ylifqamdlbg79	1	{"expire_date": ["2024-03-23 12:28:22.218764", "2024-03-23 12:28:47.308934"], "session_data": [".eJxVjs1uxCAMhN-F84oWErpJjnvvMyBjnISWQhVItupq373k59BcLI-_8Wge7O5-YbLax8EFvTi6s-7BUqZv1oXZ-8u2awsZCngesnee0q7pJ0_wjy_gXVFk9emxEA1zHvWcaNLOso5JdroZwE8KK7AfEIbIMYY8OcNXCz9o4u_Rkr8d3lPACGks36pBU4m6QbyK1qAFQ0ohKGFem6oHqOVVtbIHIkKUhLKta7RCNMZU8KbW0JhLcVoc0t501fQFzvNt7uilLs5lM1TqwkrbRCHrwS0UWCeef_LseBM:1rivoM:YfOC1ElMMFDjcFi84CoRCotVoqNfCdnXAtDIK8etmH0", ".eJxVjsFywyAMRP-Fc4cWDI3tY-_9BkYIOaal0DHYySSTfy-OfagvGq3eamfv7OJvMDkT0tlHs3i6sP7OcqFf1sc5hJfnbhwUqOCxy8EHypuma5ngH18g-KrImcNjJQbmMpo502S8Yz2T7HCzgN8UV-C-IJ4TxxTL5C1fLXynmX8mR-Fj9x4CRshj_dYt2kaoFvEkOosOLGmNoIV9a5sBQMmT7uQARIQoCWWnFDohWmsbeNdraCq1OC0eaWu6avoBH_hzbuhVsccfVANvEg:1rivol:KUCzwD7CeMzVjS_GDM0cE-yx3tTv_FW8g060sWefSgQ"]}	2024-03-09 12:28:47.310682+00	\N	6	\N	\N	\N
57	zsw6foxri3s3ked7gu9ylifqamdlbg79	\N	zsw6foxri3s3ked7gu9ylifqamdlbg79	1	{"expire_date": ["2024-03-23 12:28:47.308934", "2024-03-23 17:36:51.351386"], "session_data": [".eJxVjsFywyAMRP-Fc4cWDI3tY-_9BkYIOaal0DHYySSTfy-OfagvGq3eamfv7OJvMDkT0tlHs3i6sP7OcqFf1sc5hJfnbhwUqOCxy8EHypuma5ngH18g-KrImcNjJQbmMpo502S8Yz2T7HCzgN8UV-C-IJ4TxxTL5C1fLXynmX8mR-Fj9x4CRshj_dYt2kaoFvEkOosOLGmNoIV9a5sBQMmT7uQARIQoCWWnFDohWmsbeNdraCq1OC0eaWu6avoBH_hzbuhVsccfVANvEg:1rivol:KUCzwD7CeMzVjS_GDM0cE-yx3tTv_FW8g060sWefSgQ", ".eJxVjs1uxCAMhN-F84oWErpJjnvvMyBjnISWQhVItupq373k59BcLI-_8Wge7O5-YbLax8EFvTi6s-7BUqZv1oXZ-8u2awsZCngesnee0q7pJ0_wjy_gXVFk9emxEA1zHvWcaNLOso5JdroZwE8KK7AfEIbIMYY8OcNXCz9o4u_Rkr8d3lPACGks36pBU4m6QbyK1qAFQ0ohKGFem6oHqOVVtbIHIkKUhLKta7RCNMZU8KbW0JhLcVoc0t501fQFzvNt7uilLs5lM1TqwkrbRCHrwS0UWCeef_LseBM:1rj0ct:ipPyAPqDwqa3b2_e9X-IK1m75DzOHnRVEi5iVq_u9ao"]}	2024-03-09 17:36:51.355688+00	\N	6	\N	\N	\N
58	18	18	SocioEconomic object (18)	0	{"id": ["None", "18"], "victim": ["None", "LS-TP-35"], "family_structure": ["None", "Extended family"], "living_with": ["None", "Adopted"], "violence_prior": ["None", "0"], "violence_type": ["None", ""], "education_level": ["None", "High school"], "interviewer": ["None", "Interviewer object (2)"], "approval": ["None", "Pending"], "created_at": ["None", "2024-03-09 17:37:08.680011"], "updated_at": ["None", "2024-03-09 17:37:08.680079"]}	2024-03-09 17:37:08.70878+00	2	64	102.0.3.110	\N	\N
59	2	2	Interviewer object (2)	1	{"data_entry_purpose": ["Assistance", "Investigation"]}	2024-03-10 11:17:32.483515+00	2	14	102.0.3.110	\N	\N
60	zsw6foxri3s3ked7gu9ylifqamdlbg79	\N	zsw6foxri3s3ked7gu9ylifqamdlbg79	1	{"expire_date": ["2024-03-23 17:36:51.351386", "2024-03-24 11:17:33.046623"], "session_data": [".eJxVjs1uxCAMhN-F84oWErpJjnvvMyBjnISWQhVItupq373k59BcLI-_8Wge7O5-YbLax8EFvTi6s-7BUqZv1oXZ-8u2awsZCngesnee0q7pJ0_wjy_gXVFk9emxEA1zHvWcaNLOso5JdroZwE8KK7AfEIbIMYY8OcNXCz9o4u_Rkr8d3lPACGks36pBU4m6QbyK1qAFQ0ohKGFem6oHqOVVtbIHIkKUhLKta7RCNMZU8KbW0JhLcVoc0t501fQFzvNt7uilLs5lM1TqwkrbRCHrwS0UWCeef_LseBM:1rj0ct:ipPyAPqDwqa3b2_e9X-IK1m75DzOHnRVEi5iVq_u9ao", ".eJxVjsFywyAMRP-Fc4cWDI3tY-_9BkYIOaal0DHYySSTfy-OfagvGq3eamfv7OJvMDkT0tlHs3i6sP7OcqFf1sc5hJfnbhwUqOCxy8EHypuma5ngH18g-KrImcNjJQbmMpo502S8Yz2T7HCzgN8UV-C-IJ4TxxTL5C1fLXynmX8mR-Fj9x4CRshj_dYt2kaoFvEkOosOLGmNoIV9a5sBQMmT7uQARIQoCWWnFDohWmsbeNdraCq1OC0eaWu6avoBH_hzbuhVsccfVANvEg:1rjHBN:m7fD9G57H4RzfcER7wpTflq7a7aLpzzoVdPE6s0TQs0"]}	2024-03-10 11:17:33.049982+00	\N	6	\N	\N	\N
61	mxiuifha4khhl8g5queps1mwhip67mh4	\N	mxiuifha4khhl8g5queps1mwhip67mh4	0	{"expire_date": ["None", "2024-03-24 16:13:46.966285"], "session_key": ["None", "mxiuifha4khhl8g5queps1mwhip67mh4"], "session_data": ["None", ".eJyrVirPrEosSonPyU_PzIsvy0wtV7KqViouSS1QslJKLC3JUNIB8-JTEksSgVK1UG5aZk5qMYSfWlFSlIgkX5aYkwnkpabEo2isrQUAhp8oDA:1rjLo2:62S7r2a_0zmqDP_u2TF3dL1cn50v1ym0x819ybEfXlM"]}	2024-03-10 16:13:46.979806+00	\N	6	\N	\N	\N
62	xril3l01yiv4rzpjesnkyrawd3e45ble	\N	xril3l01yiv4rzpjesnkyrawd3e45ble	0	{"expire_date": ["None", "2024-03-24 16:13:46.973148"], "session_key": ["None", "xril3l01yiv4rzpjesnkyrawd3e45ble"], "session_data": ["None", ".eJyrVirPrEosSonPyU_PzIsvy0wtV7KqViouSS1QslJKLC3JUNIB8-JTEksSgVK1UG5aZk5qMYSfWlFSlIgkX5aYkwnkpabEo2isrQUAhp8oDA:1rjLo2:62S7r2a_0zmqDP_u2TF3dL1cn50v1ym0x819ybEfXlM"]}	2024-03-10 16:13:46.980564+00	\N	6	\N	\N	\N
63	47824mk6o8zcv63pa77msh1zxc1djfcu	\N	47824mk6o8zcv63pa77msh1zxc1djfcu	0	{"expire_date": ["None", "2024-03-24 16:13:46.988005"], "session_key": ["None", "47824mk6o8zcv63pa77msh1zxc1djfcu"], "session_data": ["None", ".eJyrVirPrEosSonPyU_PzIsvy0wtV7KqViouSS1QslJKLC3JUNIB8-JTEksSgVK1UG5aZk5qMYSfWlFSlIgkX5aYkwnkpabEo2isrQUAhp8oDA:1rjLo2:62S7r2a_0zmqDP_u2TF3dL1cn50v1ym0x819ybEfXlM"]}	2024-03-10 16:13:46.998353+00	\N	6	\N	\N	\N
64	xril3l01yiv4rzpjesnkyrawd3e45ble	\N	xril3l01yiv4rzpjesnkyrawd3e45ble	1	{"expire_date": ["2024-03-24 16:13:46.973148", "2024-03-24 16:13:47.083510"], "session_data": [".eJyrVirPrEosSonPyU_PzIsvy0wtV7KqViouSS1QslJKLC3JUNIB8-JTEksSgVK1UG5aZk5qMYSfWlFSlIgkX5aYkwnkpabEo2isrQUAhp8oDA:1rjLo2:62S7r2a_0zmqDP_u2TF3dL1cn50v1ym0x819ybEfXlM", ".eJyrVirPrEosSonPyU_PzIsvy0wtV7KqViouSS1QslJKLC3JUNIB8-JTEksSgVK1UG5aZk5qMYSfWlFSlIgkX5aYkwnkpabEo2isrQUAhp8oDA:1rjLo3:wJHp-f6dhgkaWErCtNA6dw1B3CIX3hLpvstvRl1biPo"]}	2024-03-10 16:13:47.087754+00	\N	6	\N	\N	\N
65	xril3l01yiv4rzpjesnkyrawd3e45ble	\N	xril3l01yiv4rzpjesnkyrawd3e45ble	1	{"expire_date": ["2024-03-24 16:13:46.973148", "2024-03-24 16:13:47.086140"], "session_data": [".eJyrVirPrEosSonPyU_PzIsvy0wtV7KqViouSS1QslJKLC3JUNIB8-JTEksSgVK1UG5aZk5qMYSfWlFSlIgkX5aYkwnkpabEo2isrQUAhp8oDA:1rjLo2:62S7r2a_0zmqDP_u2TF3dL1cn50v1ym0x819ybEfXlM", ".eJyrVirPrEosSonPyU_PzIsvy0wtV7KqViouSS1QslJKLC3JUNIB8-JTEksSgVK1UG5aZk5qMYSfWlFSlIgkX5aYkwnkpabEo2isrQUAhp8oDA:1rjLo3:wJHp-f6dhgkaWErCtNA6dw1B3CIX3hLpvstvRl1biPo"]}	2024-03-10 16:13:47.089006+00	\N	6	\N	\N	\N
66	mwata0ef9kxfqttmp83vcg3w9mts7vh9	\N	mwata0ef9kxfqttmp83vcg3w9mts7vh9	0	{"expire_date": ["None", "2024-03-24 17:00:31.036764"], "session_key": ["None", "mwata0ef9kxfqttmp83vcg3w9mts7vh9"], "session_data": ["None", ".eJyrVirPrEosSonPyU_PzIsvy0wtV7KqViouSS1QslJKLC3JUNIB8-JTEksSgVK1UG5aZk5qMYSfWlFSlIgkX5aYkwnkpabEo2isrQUAhp8oDA:1rjMXH:FSxJzmGDrJ39ro1_Vu0ZtJSsd95hk4dBlSeKA_VUVyA"]}	2024-03-10 17:00:31.04292+00	\N	6	\N	\N	\N
67	4	4	default (jrarui@strathmore.edu)	1	{"token": ["None", "903635"], "valid_until": ["2024-03-03 19:35:30.506138", "2024-03-10 17:05:53.668595"], "last_generated_timestamp": ["None", "2024-03-10 17:00:53.668507"]}	2024-03-10 17:00:53.674018+00	\N	34	\N	\N	\N
71	3pluyqyqa9p7v9ln5bwp1kxu4ywonlng	\N	3pluyqyqa9p7v9ln5bwp1kxu4ywonlng	0	{"expire_date": ["None", "2024-03-24 17:01:10.901347"], "session_key": ["None", "3pluyqyqa9p7v9ln5bwp1kxu4ywonlng"], "session_data": ["None", ".eJxVj19PwjAUxb_LfR7LcBm6PSoQxSya-CcaQpqyXqCsa2fXMZDsu9thYfp4zj2553eO0PBvqhkRas0l2XFsIDlCZbCEBIzKUYJ3koRRQ7sbrc0GElkL4bmANbNKrwrOmMCGanT2HKblrkjTqLiZvGxGH3SmojTky_fn_eQQ4bg4TJ7M3fitPHy-Pg5HOV1vdRM-VNP4Pi9mafxlYOFBTzbIaq1RGvKLN3f1C8cxUKYkl-o4CEdhBIu2dfwrLrDqBxzbHr_L4N5oeh5p9Y4KbhUy8m_9ZfGfsnNX96auUJMyt-YVOLWkmY0xa7EtlWvlZ0oazZd-B-K7a-WniqG4dVnvRGm38owariQxvEBIhtfDIIiDIArb9gfQ9JoS:1rjMXu:Asf5hZ65WIW1HYpoN15Int4ZI9s-cjrB2kTQSUwkTos"]}	2024-03-10 17:01:10.905072+00	\N	6	\N	\N	\N
72	mwata0ef9kxfqttmp83vcg3w9mts7vh9	\N	mwata0ef9kxfqttmp83vcg3w9mts7vh9	2	{"expire_date": ["2024-03-24 17:00:54.648468", "None"], "session_key": ["mwata0ef9kxfqttmp83vcg3w9mts7vh9", "None"], "session_data": [".eJxNjUEOgjAQRe8ya9KAxhi7dO8ZmoGOOFJbAwMYSe9uITW6fPP-_L_AzG_srXGhZW8mphn0AoPQEzRI6MhDsaGxKLg6HOUG2o_OxWyu7Gj4qSUmQS_p8fuTeELHicia_7IkxoF68-zS2g4y1dikXZtO9o6-DaoJXnqu1dqvsh3UJVhy55wttnHywg0KB2-EHwS6OlZleSrLwz7GD0e9U68:1rjMXe:34xt1u7sme6YvffUpvyDVeqrrOGqfv3rJyE2I7b3fNA", "None"]}	2024-03-10 17:01:10.910703+00	\N	6	\N	\N	\N
73	2	2	jrarui@strathmore.edu	1	{"last_login": ["2024-03-03 19:35:30.539173", "2024-03-10 17:01:10.912827"]}	2024-03-10 17:01:10.915752+00	\N	4	\N	\N	\N
74	3pluyqyqa9p7v9ln5bwp1kxu4ywonlng	\N	3pluyqyqa9p7v9ln5bwp1kxu4ywonlng	1	{"expire_date": ["2024-03-24 17:01:10.901347", "2024-03-24 17:01:11.010948"], "session_data": [".eJxVj19PwjAUxb_LfR7LcBm6PSoQxSya-CcaQpqyXqCsa2fXMZDsu9thYfp4zj2553eO0PBvqhkRas0l2XFsIDlCZbCEBIzKUYJ3koRRQ7sbrc0GElkL4bmANbNKrwrOmMCGanT2HKblrkjTqLiZvGxGH3SmojTky_fn_eQQ4bg4TJ7M3fitPHy-Pg5HOV1vdRM-VNP4Pi9mafxlYOFBTzbIaq1RGvKLN3f1C8cxUKYkl-o4CEdhBIu2dfwrLrDqBxzbHr_L4N5oeh5p9Y4KbhUy8m_9ZfGfsnNX96auUJMyt-YVOLWkmY0xa7EtlWvlZ0oazZd-B-K7a-WniqG4dVnvRGm38owariQxvEBIhtfDIIiDIArb9gfQ9JoS:1rjMXu:Asf5hZ65WIW1HYpoN15Int4ZI9s-cjrB2kTQSUwkTos", ".eJxVjsFywyAMRP-Fc4cWDI3tY-_9BkYIOaal0DHYySSTfy-OfagvGq3eamfv7OJvMDkT0tlHs3i6sP7OcqFf1sc5hJfnbhwUqOCxy8EHypuma5ngH18g-KrImcNjJQbmMpo502S8Yz2T7HCzgN8UV-C-IJ4TxxTL5C1fLXynmX8mR-Fj9x4CRshj_dYt2kaoFvEkOosOLGmNoIV9a5sBQMmT7uQARIQoCWWnFDohWmsbeNdraCq1OC0eaWu6avoBH_hzbuhVsccfVANvEg:1rjMXv:S_j8bmDxUnCXpTgtSgRIeYej1T7ENGAbLpECCEXzv_8"]}	2024-03-10 17:01:11.013832+00	\N	6	\N	\N	\N
75	oac5t2j1nno4hh7urcplq5oi4xyfgrc5	\N	oac5t2j1nno4hh7urcplq5oi4xyfgrc5	0	{"expire_date": ["None", "2024-03-25 04:57:31.175603"], "session_key": ["None", "oac5t2j1nno4hh7urcplq5oi4xyfgrc5"], "session_data": ["None", ".eJyrVirPrEosSonPyU_PzIsvy0wtV7KqViouSS1QslJKLC3JUNIB8-JTEksSgVK1UG5aZk5qMYSfWlFSlIgkX5aYkwnkpabEo2isrQUAhp8oDA:1rjXj9:Tg50tkwzdLIgT2WGTz3ZT0zMzaw4REvju2JesmppYjw"]}	2024-03-11 04:57:31.193487+00	\N	6	\N	\N	\N
76	pqr27yziwa832ijaj7gq2zd5ikgy9r23	\N	pqr27yziwa832ijaj7gq2zd5ikgy9r23	0	{"expire_date": ["None", "2024-03-25 04:57:31.172344"], "session_key": ["None", "pqr27yziwa832ijaj7gq2zd5ikgy9r23"], "session_data": ["None", ".eJyrVirPrEosSonPyU_PzIsvy0wtV7KqViouSS1QslJKLC3JUNIB8-JTEksSgVK1UG5aZk5qMYSfWlFSlIgkX5aYkwnkpabEo2isrQUAhp8oDA:1rjXj9:Tg50tkwzdLIgT2WGTz3ZT0zMzaw4REvju2JesmppYjw"]}	2024-03-11 04:57:31.192643+00	\N	6	\N	\N	\N
77	pqr27yziwa832ijaj7gq2zd5ikgy9r23	\N	pqr27yziwa832ijaj7gq2zd5ikgy9r23	1	{"expire_date": ["2024-03-25 04:57:31.172344", "2024-03-25 04:57:31.313207"]}	2024-03-11 04:57:31.316003+00	\N	6	\N	\N	\N
78	pqr27yziwa832ijaj7gq2zd5ikgy9r23	\N	pqr27yziwa832ijaj7gq2zd5ikgy9r23	1	{"expire_date": ["2024-03-25 04:57:31.313207", "2024-03-25 04:57:31.333436"]}	2024-03-11 04:57:31.339942+00	\N	6	\N	\N	\N
79	pqr27yziwa832ijaj7gq2zd5ikgy9r23	\N	pqr27yziwa832ijaj7gq2zd5ikgy9r23	1	{"expire_date": ["2024-03-25 04:57:31.313207", "2024-03-25 04:57:31.345888"]}	2024-03-11 04:57:31.348163+00	\N	6	\N	\N	\N
80	2ec79ai76gwkf5w3qwbhwnnl5rh0ftsa	\N	2ec79ai76gwkf5w3qwbhwnnl5rh0ftsa	0	{"expire_date": ["None", "2024-03-25 17:44:41.441031"], "session_key": ["None", "2ec79ai76gwkf5w3qwbhwnnl5rh0ftsa"], "session_data": ["None", ".eJyrVirPrEosSonPyU_PzIsvy0wtV7KqViouSS1QslJKLC3JUNIB8-JTEksSgVK1UG5aZk5qMYSfWlFSlIgkX5aYkwnkpabEo2isrQUAhp8oDA:1rjjhZ:PCniRnRn2SkGjaVZy27seI0m74xm7VCIzw1ghkhAxI8"]}	2024-03-11 17:44:41.449445+00	\N	6	\N	\N	\N
81	3pluyqyqa9p7v9ln5bwp1kxu4ywonlng	\N	3pluyqyqa9p7v9ln5bwp1kxu4ywonlng	1	{"expire_date": ["2024-03-24 17:01:11.010948", "2024-03-25 21:03:37.884952"], "session_data": [".eJxVjsFywyAMRP-Fc4cWDI3tY-_9BkYIOaal0DHYySSTfy-OfagvGq3eamfv7OJvMDkT0tlHs3i6sP7OcqFf1sc5hJfnbhwUqOCxy8EHypuma5ngH18g-KrImcNjJQbmMpo502S8Yz2T7HCzgN8UV-C-IJ4TxxTL5C1fLXynmX8mR-Fj9x4CRshj_dYt2kaoFvEkOosOLGmNoIV9a5sBQMmT7uQARIQoCWWnFDohWmsbeNdraCq1OC0eaWu6avoBH_hzbuhVsccfVANvEg:1rjMXv:S_j8bmDxUnCXpTgtSgRIeYej1T7ENGAbLpECCEXzv_8", ".eJxVjs1uxCAMhN-F84oWErpJjnvvMyBjnISWQhVItupq373k59BcLI-_8Wge7O5-YbLax8EFvTi6s-7BUqZv1oXZ-8u2awsZCngesnee0q7pJ0_wjy_gXVFk9emxEA1zHvWcaNLOso5JdroZwE8KK7AfEIbIMYY8OcNXCz9o4u_Rkr8d3lPACGks36pBU4m6QbyK1qAFQ0ohKGFem6oHqOVVtbIHIkKUhLKta7RCNMZU8KbW0JhLcVoc0t501fQFzvNt7uilLs5lM1TqwkrbRCHrwS0UWCeef_LseBM:1rjmo5:ObKeeVksgjYdsPk3rC78X3Crkh7yBV6BU29pqCdaH8w"]}	2024-03-11 21:03:37.890147+00	\N	6	\N	\N	\N
82	3pluyqyqa9p7v9ln5bwp1kxu4ywonlng	\N	3pluyqyqa9p7v9ln5bwp1kxu4ywonlng	1	{"expire_date": ["2024-03-25 21:03:37.884952", "2024-03-25 21:04:08.385314"], "session_data": [".eJxVjs1uxCAMhN-F84oWErpJjnvvMyBjnISWQhVItupq373k59BcLI-_8Wge7O5-YbLax8EFvTi6s-7BUqZv1oXZ-8u2awsZCngesnee0q7pJ0_wjy_gXVFk9emxEA1zHvWcaNLOso5JdroZwE8KK7AfEIbIMYY8OcNXCz9o4u_Rkr8d3lPACGks36pBU4m6QbyK1qAFQ0ohKGFem6oHqOVVtbIHIkKUhLKta7RCNMZU8KbW0JhLcVoc0t501fQFzvNt7uilLs5lM1TqwkrbRCHrwS0UWCeef_LseBM:1rjmo5:ObKeeVksgjYdsPk3rC78X3Crkh7yBV6BU29pqCdaH8w", ".eJxVjs1uxCAMhN-F84oWErpJjnvvMyBjnISWQhVItupq373k59BcLI-_8Wge7O5-YbLax8EFvTi6s-7BUqZv1oXZ-8u2awsZCngesnee0q7pJ0_wjy_gXVFk9emxEA1zHvWcaNLOso5JdroZwE8KK7AfEIbIMYY8OcNXCz9o4u_Rkr8d3lPACGks36pBU4m6QbyK1qAFQ0ohKGFem6oHqOVVtbIHIkKUhLKta7RCNMZU8KbW0JhLcVoc0t501fQFzvNt7uilLs5lM1TqwkrbRCHrwS0UWCeef_LseBM:1rjmoa:wTMlNZUR8ifEBGfGf4-Ku7Mw9ywa3rX3AMaBJ9rdghU"]}	2024-03-11 21:04:08.38721+00	\N	6	\N	\N	\N
83	3pluyqyqa9p7v9ln5bwp1kxu4ywonlng	\N	3pluyqyqa9p7v9ln5bwp1kxu4ywonlng	1	{"expire_date": ["2024-03-25 21:04:08.385314", "2024-03-25 21:17:00.732875"], "session_data": [".eJxVjs1uxCAMhN-F84oWErpJjnvvMyBjnISWQhVItupq373k59BcLI-_8Wge7O5-YbLax8EFvTi6s-7BUqZv1oXZ-8u2awsZCngesnee0q7pJ0_wjy_gXVFk9emxEA1zHvWcaNLOso5JdroZwE8KK7AfEIbIMYY8OcNXCz9o4u_Rkr8d3lPACGks36pBU4m6QbyK1qAFQ0ohKGFem6oHqOVVtbIHIkKUhLKta7RCNMZU8KbW0JhLcVoc0t501fQFzvNt7uilLs5lM1TqwkrbRCHrwS0UWCeef_LseBM:1rjmoa:wTMlNZUR8ifEBGfGf4-Ku7Mw9ywa3rX3AMaBJ9rdghU", ".eJxVjs1uxCAMhN-F84oWErpJjnvvMyBjnISWQhVItupq373k59BcLI-_8Wge7O5-YbLax8EFvTi6s-7BUqZv1oXZ-8u2awsZCngesnee0q7pJ0_wjy_gXVFk9emxEA1zHvWcaNLOso5JdroZwE8KK7AfEIbIMYY8OcNXCz9o4u_Rkr8d3lPACGks36pBU4m6QbyK1qAFQ0ohKGFem6oHqOVVtbIHIkKUhLKta7RCNMZU8KbW0JhLcVoc0t501fQFzvNt7uilLs5lM1TqwkrbRCHrwS0UWCeef_LseBM:1rjn12:_YeGKPSDmZtlZizuzvLzbkAFRUGWQlOy7AnrB8UMFP0"]}	2024-03-11 21:17:00.734913+00	\N	6	\N	\N	\N
84	3pluyqyqa9p7v9ln5bwp1kxu4ywonlng	\N	3pluyqyqa9p7v9ln5bwp1kxu4ywonlng	1	{"expire_date": ["2024-03-25 21:17:00.732875", "2024-03-25 21:17:18.043003"], "session_data": [".eJxVjs1uxCAMhN-F84oWErpJjnvvMyBjnISWQhVItupq373k59BcLI-_8Wge7O5-YbLax8EFvTi6s-7BUqZv1oXZ-8u2awsZCngesnee0q7pJ0_wjy_gXVFk9emxEA1zHvWcaNLOso5JdroZwE8KK7AfEIbIMYY8OcNXCz9o4u_Rkr8d3lPACGks36pBU4m6QbyK1qAFQ0ohKGFem6oHqOVVtbIHIkKUhLKta7RCNMZU8KbW0JhLcVoc0t501fQFzvNt7uilLs5lM1TqwkrbRCHrwS0UWCeef_LseBM:1rjn12:_YeGKPSDmZtlZizuzvLzbkAFRUGWQlOy7AnrB8UMFP0", ".eJxVjs1uxCAMhN-F84oWErpJjnvvMyBjnISWQhVItupq373k59BcLI-_8Wge7O5-YbLax8EFvTi6s-7BUqZv1oXZ-8u2awsZCngesnee0q7pJ0_wjy_gXVFk9emxEA1zHvWcaNLOso5JdroZwE8KK7AfEIbIMYY8OcNXCz9o4u_Rkr8d3lPACGks36pBU4m6QbyK1qAFQ0ohKGFem6oHqOVVtbIHIkKUhLKta7RCNMZU8KbW0JhLcVoc0t501fQFzvNt7uilLs5lM1TqwkrbRCHrwS0UWCeef_LseBM:1rjn1K:7swFIENGZWrfvmLWWT4_NwwKzZG76rufPTzRHFi1bnU"]}	2024-03-11 21:17:18.045007+00	\N	6	\N	\N	\N
85	3pluyqyqa9p7v9ln5bwp1kxu4ywonlng	\N	3pluyqyqa9p7v9ln5bwp1kxu4ywonlng	1	{"expire_date": ["2024-03-25 21:17:18.043003", "2024-03-25 21:17:44.418131"], "session_data": [".eJxVjs1uxCAMhN-F84oWErpJjnvvMyBjnISWQhVItupq373k59BcLI-_8Wge7O5-YbLax8EFvTi6s-7BUqZv1oXZ-8u2awsZCngesnee0q7pJ0_wjy_gXVFk9emxEA1zHvWcaNLOso5JdroZwE8KK7AfEIbIMYY8OcNXCz9o4u_Rkr8d3lPACGks36pBU4m6QbyK1qAFQ0ohKGFem6oHqOVVtbIHIkKUhLKta7RCNMZU8KbW0JhLcVoc0t501fQFzvNt7uilLs5lM1TqwkrbRCHrwS0UWCeef_LseBM:1rjn1K:7swFIENGZWrfvmLWWT4_NwwKzZG76rufPTzRHFi1bnU", ".eJxVjs1uxCAMhN-F84oWErpJjnvvMyBjnISWQhVItupq373k59BcLI-_8Wge7O5-YbLax8EFvTi6s-7BUqZv1oXZ-8u2awsZCngesnee0q7pJ0_wjy_gXVFk9emxEA1zHvWcaNLOso5JdroZwE8KK7AfEIbIMYY8OcNXCz9o4u_Rkr8d3lPACGks36pBU4m6QbyK1qAFQ0ohKGFem6oHqOVVtbIHIkKUhLKta7RCNMZU8KbW0JhLcVoc0t501fQFzvNt7uilLs5lM1TqwkrbRCHrwS0UWCeef_LseBM:1rjn1k:cM4J02x0RSF37ESoplIZ3e0dGfRpAa1mJ9Dml5SGDXs"]}	2024-03-11 21:17:44.420328+00	\N	6	\N	\N	\N
86	3pluyqyqa9p7v9ln5bwp1kxu4ywonlng	\N	3pluyqyqa9p7v9ln5bwp1kxu4ywonlng	1	{"expire_date": ["2024-03-25 21:17:44.418131", "2024-03-25 21:18:00.782458"], "session_data": [".eJxVjs1uxCAMhN-F84oWErpJjnvvMyBjnISWQhVItupq373k59BcLI-_8Wge7O5-YbLax8EFvTi6s-7BUqZv1oXZ-8u2awsZCngesnee0q7pJ0_wjy_gXVFk9emxEA1zHvWcaNLOso5JdroZwE8KK7AfEIbIMYY8OcNXCz9o4u_Rkr8d3lPACGks36pBU4m6QbyK1qAFQ0ohKGFem6oHqOVVtbIHIkKUhLKta7RCNMZU8KbW0JhLcVoc0t501fQFzvNt7uilLs5lM1TqwkrbRCHrwS0UWCeef_LseBM:1rjn1k:cM4J02x0RSF37ESoplIZ3e0dGfRpAa1mJ9Dml5SGDXs", ".eJxVjs1uxCAMhN-F84oWErpJjnvvMyBjnISWQhVItupq373k59BcLI-_8Wge7O5-YbLax8EFvTi6s-7BUqZv1oXZ-8u2awsZCngesnee0q7pJ0_wjy_gXVFk9emxEA1zHvWcaNLOso5JdroZwE8KK7AfEIbIMYY8OcNXCz9o4u_Rkr8d3lPACGks36pBU4m6QbyK1qAFQ0ohKGFem6oHqOVVtbIHIkKUhLKta7RCNMZU8KbW0JhLcVoc0t501fQFzvNt7uilLs5lM1TqwkrbRCHrwS0UWCeef_LseBM:1rjn20:e0VxJhboxzRcWD6duWOODPrpaoSGndf4XimdWBz2X_U"]}	2024-03-11 21:18:00.784633+00	\N	6	\N	\N	\N
87	3pluyqyqa9p7v9ln5bwp1kxu4ywonlng	\N	3pluyqyqa9p7v9ln5bwp1kxu4ywonlng	1	{"expire_date": ["2024-03-25 21:18:00.782458", "2024-03-25 21:18:55.209987"], "session_data": [".eJxVjs1uxCAMhN-F84oWErpJjnvvMyBjnISWQhVItupq373k59BcLI-_8Wge7O5-YbLax8EFvTi6s-7BUqZv1oXZ-8u2awsZCngesnee0q7pJ0_wjy_gXVFk9emxEA1zHvWcaNLOso5JdroZwE8KK7AfEIbIMYY8OcNXCz9o4u_Rkr8d3lPACGks36pBU4m6QbyK1qAFQ0ohKGFem6oHqOVVtbIHIkKUhLKta7RCNMZU8KbW0JhLcVoc0t501fQFzvNt7uilLs5lM1TqwkrbRCHrwS0UWCeef_LseBM:1rjn20:e0VxJhboxzRcWD6duWOODPrpaoSGndf4XimdWBz2X_U", ".eJxVjs1uxCAMhN-F84oWErpJjnvvMyBjnISWQhVItupq373k59BcLI-_8Wge7O5-YbLax8EFvTi6s-7BUqZv1oXZ-8u2awsZCngesnee0q7pJ0_wjy_gXVFk9emxEA1zHvWcaNLOso5JdroZwE8KK7AfEIbIMYY8OcNXCz9o4u_Rkr8d3lPACGks36pBU4m6QbyK1qAFQ0ohKGFem6oHqOVVtbIHIkKUhLKta7RCNMZU8KbW0JhLcVoc0t501fQFzvNt7uilLs5lM1TqwkrbRCHrwS0UWCeef_LseBM:1rjn2t:6L1KZZLUZSnEGmIoabRE30K-LV-ckFuWXMcdjAQa1Wo"]}	2024-03-11 21:18:55.212375+00	\N	6	\N	\N	\N
88	4yihr0ouypoccr4yzdt1fvhjmpfv1iuv	\N	4yihr0ouypoccr4yzdt1fvhjmpfv1iuv	0	{"expire_date": ["None", "2024-03-26 06:38:26.490669"], "session_key": ["None", "4yihr0ouypoccr4yzdt1fvhjmpfv1iuv"], "session_data": ["None", ".eJyrVirPrEosSonPyU_PzIsvy0wtV7KqViouSS1QslJKLC3JUNIB8-JTEksSgVK1UG5aZk5qMYSfWlFSlIgkX5aYkwnkpabEo2isrQUAhp8oDA:1rjvmM:oGQ-ey-0dpKXQdwkLCKk22irVZFaxlhoReO0Y9qOgng"]}	2024-03-12 06:38:26.50459+00	\N	6	\N	\N	\N
89	azx6maqp4ng7iz475xsnqotn05hwu6oj	\N	azx6maqp4ng7iz475xsnqotn05hwu6oj	0	{"expire_date": ["None", "2024-03-26 06:38:48.727325"], "session_key": ["None", "azx6maqp4ng7iz475xsnqotn05hwu6oj"], "session_data": ["None", ".eJxNzc0OgjAMB_B32ZksQGI0O3r3GZbCKlbmRkYBI9m7O3BGb_33149VLPSCYLT1HTk9Ey5CrWJkHIRyk7XFXmsDDBvAxLcPxCxXsjj-aI0J8MkBvjspz2ApJTT6_1iCacSgh14oUZUixwbaHp1JPXMH13nZeseBGrk9kFlHefEG7TnPFvt3dEwtMHmnmR4oVHWsyro-HOpTjG_gslM7:1rjvmi:mx8ER3vF0WlIt1O4mQYmEuhBQBUjN5ibJncNtXZ26Co"]}	2024-03-12 06:38:48.731121+00	\N	6	\N	\N	\N
90	4yihr0ouypoccr4yzdt1fvhjmpfv1iuv	\N	4yihr0ouypoccr4yzdt1fvhjmpfv1iuv	2	{"expire_date": ["2024-03-26 06:38:26.490669", "None"], "session_key": ["4yihr0ouypoccr4yzdt1fvhjmpfv1iuv", "None"], "session_data": [".eJyrVirPrEosSonPyU_PzIsvy0wtV7KqViouSS1QslJKLC3JUNIB8-JTEksSgVK1UG5aZk5qMYSfWlFSlIgkX5aYkwnkpabEo2isrQUAhp8oDA:1rjvmM:oGQ-ey-0dpKXQdwkLCKk22irVZFaxlhoReO0Y9qOgng", "None"]}	2024-03-12 06:38:48.737369+00	\N	6	\N	\N	\N
91	10	10	james.ndungu@gmail.com	1	{"last_login": ["2024-03-03 07:53:29.796710", "2024-03-12 06:38:48.740079"]}	2024-03-12 06:38:48.742964+00	\N	4	\N	\N	\N
92	azx6maqp4ng7iz475xsnqotn05hwu6oj	\N	azx6maqp4ng7iz475xsnqotn05hwu6oj	1	{"expire_date": ["2024-03-26 06:38:48.727325", "2024-03-26 06:38:48.850358"], "session_data": [".eJxNzc0OgjAMB_B32ZksQGI0O3r3GZbCKlbmRkYBI9m7O3BGb_33149VLPSCYLT1HTk9Ey5CrWJkHIRyk7XFXmsDDBvAxLcPxCxXsjj-aI0J8MkBvjspz2ApJTT6_1iCacSgh14oUZUixwbaHp1JPXMH13nZeseBGrk9kFlHefEG7TnPFvt3dEwtMHmnmR4oVHWsyro-HOpTjG_gslM7:1rjvmi:mx8ER3vF0WlIt1O4mQYmEuhBQBUjN5ibJncNtXZ26Co", ".eJxVjEEOgjAQRe_StSGUQhGW7j1DM-1MpdoUQwsYiXcXlYXs5v33_yxsdk8YUPn-4oKaHM2sXVhMdGdtGL0_fG-FkGAVrw2t8xR_TI80wJ-fwLuVCNVuuBoFY-rUGGlQDlnLeM52oQZzo_AxeIVw6TPThzQ4nX0q2WZjdu6R_Gnr7h50ELt1bTSUlnLLJQiBhZC1AcilPvIGNGDFZUUGK2krjkbUVkrbHKkUsinIFjWy1xuYGF_K:1rjvmi:jeDsT4zQOMjj_jhdd1PrtEuX5m7LBQfX-CrueNx8Frc"]}	2024-03-12 06:38:48.852497+00	\N	6	\N	\N	\N
93	2	2	Interviewer object (2)	1	{"data_entry_purpose": ["Investigation", "TiP Process"]}	2024-03-13 05:10:10.771291+00	2	14	102.0.3.110	\N	\N
94	3pluyqyqa9p7v9ln5bwp1kxu4ywonlng	\N	3pluyqyqa9p7v9ln5bwp1kxu4ywonlng	1	{"expire_date": ["2024-03-25 21:18:55.209987", "2024-03-27 05:10:11.255582"], "session_data": [".eJxVjs1uxCAMhN-F84oWErpJjnvvMyBjnISWQhVItupq373k59BcLI-_8Wge7O5-YbLax8EFvTi6s-7BUqZv1oXZ-8u2awsZCngesnee0q7pJ0_wjy_gXVFk9emxEA1zHvWcaNLOso5JdroZwE8KK7AfEIbIMYY8OcNXCz9o4u_Rkr8d3lPACGks36pBU4m6QbyK1qAFQ0ohKGFem6oHqOVVtbIHIkKUhLKta7RCNMZU8KbW0JhLcVoc0t501fQFzvNt7uilLs5lM1TqwkrbRCHrwS0UWCeef_LseBM:1rjn2t:6L1KZZLUZSnEGmIoabRE30K-LV-ckFuWXMcdjAQa1Wo", ".eJxVjsFywyAMRP-Fc4cWDI3tY-_9BkYIOaal0DHYySSTfy-OfagvGq3eamfv7OJvMDkT0tlHs3i6sP7OcqFf1sc5hJfnbhwUqOCxy8EHypuma5ngH18g-KrImcNjJQbmMpo502S8Yz2T7HCzgN8UV-C-IJ4TxxTL5C1fLXynmX8mR-Fj9x4CRshj_dYt2kaoFvEkOosOLGmNoIV9a5sBQMmT7uQARIQoCWWnFDohWmsbeNdraCq1OC0eaWu6avoBH_hzbuhVsccfVANvEg:1rkGsV:9TBx0hu4ORsHP2eSy5cPanZo6L6-gogC7S9Px-sk_n8"]}	2024-03-13 05:10:11.259001+00	\N	6	\N	\N	\N
95	3pluyqyqa9p7v9ln5bwp1kxu4ywonlng	\N	3pluyqyqa9p7v9ln5bwp1kxu4ywonlng	1	{"expire_date": ["2024-03-27 05:10:11.255582", "2024-03-30 17:05:32.298982"], "session_data": [".eJxVjsFywyAMRP-Fc4cWDI3tY-_9BkYIOaal0DHYySSTfy-OfagvGq3eamfv7OJvMDkT0tlHs3i6sP7OcqFf1sc5hJfnbhwUqOCxy8EHypuma5ngH18g-KrImcNjJQbmMpo502S8Yz2T7HCzgN8UV-C-IJ4TxxTL5C1fLXynmX8mR-Fj9x4CRshj_dYt2kaoFvEkOosOLGmNoIV9a5sBQMmT7uQARIQoCWWnFDohWmsbeNdraCq1OC0eaWu6avoBH_hzbuhVsccfVANvEg:1rkGsV:9TBx0hu4ORsHP2eSy5cPanZo6L6-gogC7S9Px-sk_n8", ".eJxVjkFuwyAQRe_CuqIFQ2Jn2X3PgIZhHJNSUxniRIly90DsRbwZ6c2b-fp3dvE3mJwJ8ehHM3u6sMOdpUz_7MDgnAf28SLjIENRjxV7HygtTNc8wZufIfhC5MzmsRhTA8050WS8K_mSbXYW8JfGKtwJxmPkGMc8ecvrCV9t4j_RUfhebzcBA6ShfOsWbSNUi7gXnUUHlrRG0MJ-tU0PoORed7IHIkKUhLJTCp0QrbUN7HQNjbkUp9kjLU0r0x_4wF9zUZ-KPZ6uCW9N:1rlXTQ:1dv8GaI8PDqwOrAVIm5XK_DK0QgGbb8VxKv4kQPJFr4"]}	2024-03-16 17:05:32.303273+00	\N	6	\N	\N	\N
96	3pluyqyqa9p7v9ln5bwp1kxu4ywonlng	\N	3pluyqyqa9p7v9ln5bwp1kxu4ywonlng	1	{"expire_date": ["2024-03-30 17:05:32.298982", "2024-03-30 19:59:09.157080"], "session_data": [".eJxVjkFuwyAQRe_CuqIFQ2Jn2X3PgIZhHJNSUxniRIly90DsRbwZ6c2b-fp3dvE3mJwJ8ehHM3u6sMOdpUz_7MDgnAf28SLjIENRjxV7HygtTNc8wZufIfhC5MzmsRhTA8050WS8K_mSbXYW8JfGKtwJxmPkGMc8ecvrCV9t4j_RUfhebzcBA6ShfOsWbSNUi7gXnUUHlrRG0MJ-tU0PoORed7IHIkKUhLJTCp0QrbUN7HQNjbkUp9kjLU0r0x_4wF9zUZ-KPZ6uCW9N:1rlXTQ:1dv8GaI8PDqwOrAVIm5XK_DK0QgGbb8VxKv4kQPJFr4", ".eJxVjkFuwyAQRe_CuqIFm8b2svueAQ3D2KalUBniRIly90LsRb1Berw_X__OLu4Gi9U-Ti7o1dGFDXeWMv2ygcE5z-zlSdpChqIeO47OU9qYrnmBf34F7wqR1YfDYnQt1OdEi3a29Et2-DOA3xSqsF8Qpsgxhrw4w2uE7zbxz2jJf-zZQ8EMaS7XqkPTiLZDPIneoAVDSiEoYd66ZgRo5Un1cgQiQpSEsm9btEJ0xjTwrmppzGU4rQ5pW1qZfsB5_nw39dqWZNmYKGQ9uZUCG8TjD7xAdZo:1rlaBR:lybXv8QgZyIh-IuQcPs-N8pbNgC9H5VsyH3XNRBDzfg"]}	2024-03-16 19:59:09.163711+00	\N	6	\N	\N	\N
98	168	168	None	0	{"consent_abstain_answer": ["None", "1"], "approval": ["None", "Pending"], "created_at": ["None", "2024-03-16 20:17:40.493783"], "exploitation": ["None", "case_interview_app.Exploitation.None"], "investigations": ["None", "case_interview_app.ArrestInvestigation.None"], "updated_at": ["None", "2024-03-16 20:17:40.493801"], "victim_permission": ["None", "case_interview_app.VictimPermissions.None"], "socio_economic": ["None", "case_interview_app.SocioEconomic.None"], "id": ["None", "168"], "traffickers": ["None", "case_interview_app.SuspectedTrafficker.None"], "address": ["None", "Kiota"], "destinations": ["None", "case_interview_app.TransitRouteDestination.None"], "citizenship": ["None", "Kingdom of Eswatini"], "assistance": ["None", "case_interview_app.Assistance.None"], "countryOfBirth": ["None", "Kingdom of Eswatini"], "gender": ["None", "Male"], "prosecutions": ["None", "case_interview_app.Prosecution.None"], "race": ["None", "Black"], "place_of_birth": ["None", "Kointa"], "last_place_of_residence": ["None", "Comoros"], "identification_number": ["None", "36353455"], "initials": ["None", "KLA"], "age": ["None", "19"], "email_address": ["None", ""], "interview_country": ["None", "Madagascar"], "interview_location": ["None", "fjkfdshk"], "interview_date": ["None", "2024-03-15"], "consent_share_gov_patner": ["None", "1"], "consent_limited_disclosure": ["None", "1"], "consent_research": ["None", "1"]}	2024-03-16 20:17:40.516484+00	2	24	102.0.3.110	\N	\N
99	168	168	SZ-TP-168	1	{"consent_abstain_answer": ["True", "1"], "victim_identifier": ["None", "SZ-TP-168"], "consent_share_gov_patner": ["True", "1"], "consent_limited_disclosure": ["True", "1"], "consent_research": ["True", "1"]}	2024-03-16 20:17:40.536512+00	2	24	102.0.3.110	\N	\N
100	3pluyqyqa9p7v9ln5bwp1kxu4ywonlng	\N	3pluyqyqa9p7v9ln5bwp1kxu4ywonlng	1	{"expire_date": ["2024-03-30 19:59:09.157080", "2024-03-30 20:17:40.664824"], "session_data": [".eJxVjkFuwyAQRe_CuqIFm8b2svueAQ3D2KalUBniRIly90LsRb1Berw_X__OLu4Gi9U-Ti7o1dGFDXeWMv2ygcE5z-zlSdpChqIeO47OU9qYrnmBf34F7wqR1YfDYnQt1OdEi3a29Et2-DOA3xSqsF8Qpsgxhrw4w2uE7zbxz2jJf-zZQ8EMaS7XqkPTiLZDPIneoAVDSiEoYd66ZgRo5Un1cgQiQpSEsm9btEJ0xjTwrmppzGU4rQ5pW1qZfsB5_nw39dqWZNmYKGQ9uZUCG8TjD7xAdZo:1rlaBR:lybXv8QgZyIh-IuQcPs-N8pbNgC9H5VsyH3XNRBDzfg", ".eJxVj81uwyAQhN-Fc-UWGxLbx9z7DGhZ1va2LlSGOFWivHvwz6G-IA3fzGj2IW58h8mZMfTszcx0E-1DxES_ohVwTYN4W5VxkCCj5y47Hilumv7SBP_4DCNnRc4cgpmYpdBcI02GXe4vxeHPAn6TX4D7At-HAoNPE9tisRQ7jcVncDRedu-hYIA45LSu0VZS1Yhn2Vh0YElrBC3tR111AKo866bsgIgQS8KyUQqdlLW1FZz0UhpSHk4zI21LF00_wGOxvht6V9mZN0byyfQ8kxetzPevEXmqny_aC3iF:1rlaTM:vIKg_Xr-1lNWjcyvnujC-3xZupSonWfW7d28ZT3sfTY"]}	2024-03-16 20:17:40.668297+00	\N	6	\N	\N	\N
101	3pluyqyqa9p7v9ln5bwp1kxu4ywonlng	\N	3pluyqyqa9p7v9ln5bwp1kxu4ywonlng	1	{"expire_date": ["2024-03-30 20:17:40.664824", "2024-03-31 09:28:10.687357"], "session_data": [".eJxVj81uwyAQhN-Fc-UWGxLbx9z7DGhZ1va2LlSGOFWivHvwz6G-IA3fzGj2IW58h8mZMfTszcx0E-1DxES_ohVwTYN4W5VxkCCj5y47Hilumv7SBP_4DCNnRc4cgpmYpdBcI02GXe4vxeHPAn6TX4D7At-HAoNPE9tisRQ7jcVncDRedu-hYIA45LSu0VZS1Yhn2Vh0YElrBC3tR111AKo866bsgIgQS8KyUQqdlLW1FZz0UhpSHk4zI21LF00_wGOxvht6V9mZN0byyfQ8kxetzPevEXmqny_aC3iF:1rlaTM:vIKg_Xr-1lNWjcyvnujC-3xZupSonWfW7d28ZT3sfTY", ".eJxVjkFuwyAQRe_CuqIFQ2Jn2X3PgIZhHJNSUxniRIly90DsRbwZ6c2b-fp3dvE3mJwJ8ehHM3u6sMOdpUz_7MDgnAf28SLjIENRjxV7HygtTNc8wZufIfhC5MzmsRhTA8050WS8K_mSbXYW8JfGKtwJxmPkGMc8ecvrCV9t4j_RUfhebzcBA6ShfOsWbSNUi7gXnUUHlrRG0MJ-tU0PoORed7IHIkKUhLJTCp0QrbUN7HQNjbkUp9kjLU0r0x_4wF9zUZ-KPZ6uCW9N:1rlmoM:GlflW9F-KnGxRaYtaSqlqOvcpMPCozlmJ3devgoEX5c"]}	2024-03-17 09:28:10.693768+00	\N	6	\N	\N	\N
102	3pluyqyqa9p7v9ln5bwp1kxu4ywonlng	\N	3pluyqyqa9p7v9ln5bwp1kxu4ywonlng	1	{"expire_date": ["2024-03-31 09:28:10.687357", "2024-03-31 09:28:38.259148"], "session_data": [".eJxVjkFuwyAQRe_CuqIFQ2Jn2X3PgIZhHJNSUxniRIly90DsRbwZ6c2b-fp3dvE3mJwJ8ehHM3u6sMOdpUz_7MDgnAf28SLjIENRjxV7HygtTNc8wZufIfhC5MzmsRhTA8050WS8K_mSbXYW8JfGKtwJxmPkGMc8ecvrCV9t4j_RUfhebzcBA6ShfOsWbSNUi7gXnUUHlrRG0MJ-tU0PoORed7IHIkKUhLJTCp0QrbUN7HQNjbkUp9kjLU0r0x_4wF9zUZ-KPZ6uCW9N:1rlmoM:GlflW9F-KnGxRaYtaSqlqOvcpMPCozlmJ3devgoEX5c", ".eJxVjkFuwyAQRe_CuqIFm8b2svueAQ3D2KalUBniRIly90LsRb1Berw_X__OLu4Gi9U-Ti7o1dGFDXeWMv2ygcE5z-zlSdpChqIeO47OU9qYrnmBf34F7wqR1YfDYnQt1OdEi3a29Et2-DOA3xSqsF8Qpsgxhrw4w2uE7zbxz2jJf-zZQ8EMaS7XqkPTiLZDPIneoAVDSiEoYd66ZgRo5Un1cgQiQpSEsm9btEJ0xjTwrmppzGU4rQ5pW1qZfsB5_nw39dqWZNmYKGQ9uZUCG8TjD7xAdZo:1rlmoo:LTZffrzsB6ARxlEDFIsOUgJA3P_-z5d97Vr9-hljG3Q"]}	2024-03-17 09:28:38.261606+00	\N	6	\N	\N	\N
103	464v166rmst3hnjhe54w4ug8zd5qzaaz	\N	464v166rmst3hnjhe54w4ug8zd5qzaaz	0	{"expire_date": ["None", "2024-03-31 09:29:35.975530"], "session_key": ["None", "464v166rmst3hnjhe54w4ug8zd5qzaaz"], "session_data": ["None", ".eJyrVirPrEosSonPyU_PzIsvy0wtV7KqViouSS1QslJKLC3JUNIB8-JTEksSgVK1UG5aZk5qMYSfWlFSlIgkX5aYkwnkpabEo2isrQUAhp8oDA:1rlmpj:IXczXiP6jRCC1AdUwVl1UDdFuzQXSVzaoQ_SOIxQCoE"]}	2024-03-17 09:29:35.983191+00	\N	6	\N	\N	\N
104	3pluyqyqa9p7v9ln5bwp1kxu4ywonlng	\N	3pluyqyqa9p7v9ln5bwp1kxu4ywonlng	1	{"expire_date": ["2024-03-31 09:28:38.259148", "2024-03-31 11:38:06.254357"], "session_data": [".eJxVjkFuwyAQRe_CuqIFm8b2svueAQ3D2KalUBniRIly90LsRb1Berw_X__OLu4Gi9U-Ti7o1dGFDXeWMv2ygcE5z-zlSdpChqIeO47OU9qYrnmBf34F7wqR1YfDYnQt1OdEi3a29Et2-DOA3xSqsF8Qpsgxhrw4w2uE7zbxz2jJf-zZQ8EMaS7XqkPTiLZDPIneoAVDSiEoYd66ZgRo5Un1cgQiQpSEsm9btEJ0xjTwrmppzGU4rQ5pW1qZfsB5_nw39dqWZNmYKGQ9uZUCG8TjD7xAdZo:1rlmoo:LTZffrzsB6ARxlEDFIsOUgJA3P_-z5d97Vr9-hljG3Q", ".eJxVjkFuwyAQRe_CuqIFQ2Jn2X3PgIZhHJNSUxniRIly90DsRbwZ6c2b-fp3dvE3mJwJ8ehHM3u6sMOdpUz_7MDgnAf28SLjIENRjxV7HygtTNc8wZufIfhC5MzmsRhTA8050WS8K_mSbXYW8JfGKtwJxmPkGMc8ecvrCV9t4j_RUfhebzcBA6ShfOsWbSNUi7gXnUUHlrRG0MJ-tU0PoORed7IHIkKUhLJTCp0QrbUN7HQNjbkUp9kjLU0r0x_4wF9zUZ-KPZ6uCW9N:1rloq6:HmJmAWkaEUh_dtuuqLhThMAtoCBT4RwGOyKQ-FOqaPY"]}	2024-03-17 11:38:06.258705+00	\N	6	\N	\N	\N
105	3pluyqyqa9p7v9ln5bwp1kxu4ywonlng	\N	3pluyqyqa9p7v9ln5bwp1kxu4ywonlng	1	{"expire_date": ["2024-03-31 11:38:06.254357", "2024-03-31 11:38:16.019256"], "session_data": [".eJxVjkFuwyAQRe_CuqIFQ2Jn2X3PgIZhHJNSUxniRIly90DsRbwZ6c2b-fp3dvE3mJwJ8ehHM3u6sMOdpUz_7MDgnAf28SLjIENRjxV7HygtTNc8wZufIfhC5MzmsRhTA8050WS8K_mSbXYW8JfGKtwJxmPkGMc8ecvrCV9t4j_RUfhebzcBA6ShfOsWbSNUi7gXnUUHlrRG0MJ-tU0PoORed7IHIkKUhLJTCp0QrbUN7HQNjbkUp9kjLU0r0x_4wF9zUZ-KPZ6uCW9N:1rloq6:HmJmAWkaEUh_dtuuqLhThMAtoCBT4RwGOyKQ-FOqaPY", ".eJxVjkFuwyAQRe_CuqIFm8b2svueAQ3D2KalUBniRIly90LsRb1Berw_X__OLu4Gi9U-Ti7o1dGFDXeWMv2ygcE5z-zlSdpChqIeO47OU9qYrnmBf34F7wqR1YfDYnQt1OdEi3a29Et2-DOA3xSqsF8Qpsgxhrw4w2uE7zbxz2jJf-zZQ8EMaS7XqkPTiLZDPIneoAVDSiEoYd66ZgRo5Un1cgQiQpSEsm9btEJ0xjTwrmppzGU4rQ5pW1qZfsB5_nw39dqWZNmYKGQ9uZUCG8TjD7xAdZo:1rloqG:_cLaNaIBe6Dnqj7pEizdrX5DSlKzzKLf8Q8JaDf3Ed4"]}	2024-03-17 11:38:16.021642+00	\N	6	\N	\N	\N
115	zsw6foxri3s3ked7gu9ylifqamdlbg79	\N	zsw6foxri3s3ked7gu9ylifqamdlbg79	1	{"expire_date": ["2024-04-01 17:44:15.734883", "2024-04-01 17:46:56.596275"], "session_data": [".eJxVjkFuwyAQRe_CuqIFQ2Jn2X3PgIZhHJNSUxniRIly90DsRbwZ6c2b-fp3dvE3mJwJ8ehHM3u6sMOdpUz_7MDgnAf28SLjIENRjxV7HygtTNc8wZufIfhC5MzmsRhTA8050WS8K_mSbXYW8JfGKtwJxmPkGMc8ecvrCV9t4j_RUfhebzcBA6ShfOsWbSNUi7gXnUUHlrRG0MJ-tU0PoORed7IHIkKUhLJTCp0QrbUN7HQNjbkUp9kjLU0r0x_4wF9zUZ-KPZ6uCW9N:1rmH1z:TbDJcRxiZYgBkE0-9tPGPziOx_0PZursZHcyYdET3ks", ".eJxVjkFuwyAQRe_CuqIFQ2Jn2X3PgIZhHJNSUxniRIly90DsRbwZ6c2b-fp3dvE3mJwJ8ehHM3u6sMOdpUz_7MDgnAf28SLjIENRjxV7HygtTNc8wZufIfhC5MzmsRhTA8050WS8K_mSbXYW8JfGKtwJxmPkGMc8ecvrCV9t4j_RUfhebzcBA6ShfOsWbSNUi7gXnUUHlrRG0MJ-tU0PoORed7IHIkKUhLJTCp0QrbUN7HQNjbkUp9kjLU0r0x_4wF9zUZ-KPZ6uCW9N:1rmH4a:UYONkATncOznj38kQZdXiO3PPHlfgLkzg_eYQ69BOK0"]}	2024-03-18 17:46:56.598122+00	\N	6	\N	\N	\N
205	l3k7dqi9z64uqsjx1mf76nuyo3t6i98y	\N	l3k7dqi9z64uqsjx1mf76nuyo3t6i98y	2	{"expire_date": ["2024-04-13 05:31:54.955739", "None"], "session_key": ["l3k7dqi9z64uqsjx1mf76nuyo3t6i98y", "None"], "session_data": [".eJyrVirPrEosSonPyU_PzIsvy0wtV7KqViouSS1QslJKLC3JUNIB8-JTEksSgVK1UG5aZk5qMYSfWlFSlIgkX5aYkwnkpabEo2isrQUAhp8oDA:1rqRJq:CNpGj87jbq8xZZZZVV-7_LB-igQzw1cKexdIecvlCm0", "None"]}	2024-03-30 05:32:36.729487+00	\N	6	\N	\N	\N
106	1	1	None	0	{"citizenship": ["None", "Botswana"], "countryOfBirth": ["None", "Botswana"], "gender": ["None", "Female"], "race": ["None", "White"], "place_of_birth": ["None", "gabz"], "last_place_of_residence": ["None", "Botswana"], "identification_number": ["None", "3245332"], "initials": ["None", "Tre"], "cases": ["None", "case_interview_app.SomCase.None"], "age": ["None", "21"], "address": ["None", "bvffdg"], "email_address": ["None", "gsg@gm.c"], "interview_country": ["None", "Botswana"], "interview_location": ["None", "gabz"], "interview_date": ["None", "2024-03-17"], "additional_remarks": ["None", "wwrwrw"], "consent_share_gov_patner": ["None", "1"], "som_investigations": ["None", "case_interview_app.SomArrestInvestigation.None"], "consent_limited_disclosure": ["None", "1"], "consent_research": ["None", "1"], "som_socio_economic": ["None", "case_interview_app.SomSocioEconomic.None"], "consent_abstain_answer": ["None", "1"], "approval": ["None", "Pending"], "created_at": ["None", "2024-03-17 16:40:32.447954"], "updated_at": ["None", "2024-03-17 16:40:32.447978"], "som_prosecutions": ["None", "case_interview_app.SomProsecution.None"], "som_traffickers": ["None", "case_interview_app.SomSuspectedTrafficker.None"], "som_assistance": ["None", "case_interview_app.SomAssistance.None"], "id": ["None", "1"], "som_destinations": ["None", "case_interview_app.SomTransitRouteDestination.None"]}	2024-03-17 16:40:32.475254+00	\N	75	\N	\N	\N
107	1	1	BW-TP-1	1	{"victim_identifier": ["None", "BW-TP-1"], "consent_share_gov_patner": ["True", "1"], "consent_limited_disclosure": ["True", "1"], "consent_research": ["True", "1"], "consent_abstain_answer": ["True", "1"]}	2024-03-17 16:40:32.495452+00	\N	75	\N	\N	\N
108	2	2	None	0	{"citizenship": ["None", "Botswana"], "countryOfBirth": ["None", "Botswana"], "gender": ["None", "Female"], "race": ["None", "White"], "place_of_birth": ["None", "gabz"], "last_place_of_residence": ["None", "Botswana"], "identification_number": ["None", "3245332"], "initials": ["None", "Tre"], "cases": ["None", "case_interview_app.SomCase.None"], "age": ["None", "21"], "address": ["None", "bvffdg"], "email_address": ["None", "gsg@gm.c"], "interview_country": ["None", "Botswana"], "interview_location": ["None", "gabz"], "interview_date": ["None", "2024-03-17"], "additional_remarks": ["None", "wwrwrw"], "consent_share_gov_patner": ["None", "1"], "som_investigations": ["None", "case_interview_app.SomArrestInvestigation.None"], "consent_limited_disclosure": ["None", "1"], "consent_research": ["None", "1"], "som_socio_economic": ["None", "case_interview_app.SomSocioEconomic.None"], "consent_abstain_answer": ["None", "1"], "approval": ["None", "Pending"], "created_at": ["None", "2024-03-17 16:40:39.556668"], "updated_at": ["None", "2024-03-17 16:40:39.556694"], "som_prosecutions": ["None", "case_interview_app.SomProsecution.None"], "som_traffickers": ["None", "case_interview_app.SomSuspectedTrafficker.None"], "som_assistance": ["None", "case_interview_app.SomAssistance.None"], "id": ["None", "2"], "som_destinations": ["None", "case_interview_app.SomTransitRouteDestination.None"]}	2024-03-17 16:40:39.573968+00	\N	75	\N	\N	\N
109	2	2	BW-TP-2	1	{"victim_identifier": ["None", "BW-TP-2"], "consent_share_gov_patner": ["True", "1"], "consent_limited_disclosure": ["True", "1"], "consent_research": ["True", "1"], "consent_abstain_answer": ["True", "1"]}	2024-03-17 16:40:39.591074+00	\N	75	\N	\N	\N
110	3	3	None	0	{"som_investigations": ["None", "case_interview_app.SomArrestInvestigation.None"], "citizenship": ["None", "Botswana"], "countryOfBirth": ["None", "Botswana"], "gender": ["None", "Female"], "race": ["None", "White"], "place_of_birth": ["None", "gabz"], "last_place_of_residence": ["None", "Botswana"], "identification_number": ["None", "3245332"], "initials": ["None", "Tre"], "age": ["None", "21"], "address": ["None", "bvffdg"], "email_address": ["None", "gsg@gm.c"], "interview_country": ["None", "Botswana"], "interview_location": ["None", "gabz"], "interview_date": ["None", "2024-03-17"], "additional_remarks": ["None", "wwrwrw"], "consent_share_gov_patner": ["None", "1"], "consent_limited_disclosure": ["None", "1"], "consent_research": ["None", "1"], "consent_abstain_answer": ["None", "1"], "approval": ["None", "Pending"], "created_at": ["None", "2024-03-17 16:54:30.324651"], "updated_at": ["None", "2024-03-17 16:54:30.324677"], "id": ["None", "3"], "som_prosecutions": ["None", "case_interview_app.SomProsecution.None"], "som_assistance": ["None", "case_interview_app.SomAssistance.None"], "som_destinations": ["None", "case_interview_app.SomTransitRouteDestination.None"], "som_socio_economic": ["None", "case_interview_app.SomSocioEconomic.None"], "cases": ["None", "case_interview_app.SomCase.None"], "som_traffickers": ["None", "case_interview_app.SomSuspectedTrafficker.None"]}	2024-03-17 16:54:30.347293+00	\N	75	\N	\N	\N
111	3	3	BW-TP-3	1	{"victim_identifier": ["None", "BW-TP-3"], "consent_share_gov_patner": ["True", "1"], "consent_limited_disclosure": ["True", "1"], "consent_research": ["True", "1"], "consent_abstain_answer": ["True", "1"]}	2024-03-17 16:54:30.364394+00	\N	75	\N	\N	\N
112	1	1	SomCase object (1)	0	{"id": ["None", "1"], "date_of_arrest": ["None", "2024-03-17"], "traffick_from_country": ["None", "Angola"], "traffick_from_place": ["None", "shhs"], "traffick_to_country": ["None", "Botswana"], "som_victimprofile": ["None", "case_interview_app.SomVictimProfile.None"], "traffick_to_place": ["None", "wsdd"], "approval": ["None", "Pending"], "created_at": ["None", "2024-03-17 18:10:22.812562"], "updated_at": ["None", "2024-03-17 18:10:22.812589"]}	2024-03-17 18:10:22.831441+00	\N	73	\N	\N	\N
113	zsw6foxri3s3ked7gu9ylifqamdlbg79	\N	zsw6foxri3s3ked7gu9ylifqamdlbg79	1	{"expire_date": ["2024-03-24 11:17:33.046623", "2024-04-01 17:44:15.734883"], "session_data": [".eJxVjsFywyAMRP-Fc4cWDI3tY-_9BkYIOaal0DHYySSTfy-OfagvGq3eamfv7OJvMDkT0tlHs3i6sP7OcqFf1sc5hJfnbhwUqOCxy8EHypuma5ngH18g-KrImcNjJQbmMpo502S8Yz2T7HCzgN8UV-C-IJ4TxxTL5C1fLXynmX8mR-Fj9x4CRshj_dYt2kaoFvEkOosOLGmNoIV9a5sBQMmT7uQARIQoCWWnFDohWmsbeNdraCq1OC0eaWu6avoBH_hzbuhVsccfVANvEg:1rjHBN:m7fD9G57H4RzfcER7wpTflq7a7aLpzzoVdPE6s0TQs0", ".eJxVjkFuwyAQRe_CuqIFQ2Jn2X3PgIZhHJNSUxniRIly90DsRbwZ6c2b-fp3dvE3mJwJ8ehHM3u6sMOdpUz_7MDgnAf28SLjIENRjxV7HygtTNc8wZufIfhC5MzmsRhTA8050WS8K_mSbXYW8JfGKtwJxmPkGMc8ecvrCV9t4j_RUfhebzcBA6ShfOsWbSNUi7gXnUUHlrRG0MJ-tU0PoORed7IHIkKUhLJTCp0QrbUN7HQNjbkUp9kjLU0r0x_4wF9zUZ-KPZ6uCW9N:1rmH1z:TbDJcRxiZYgBkE0-9tPGPziOx_0PZursZHcyYdET3ks"]}	2024-03-18 17:44:15.741051+00	\N	6	\N	\N	\N
114	3pluyqyqa9p7v9ln5bwp1kxu4ywonlng	\N	3pluyqyqa9p7v9ln5bwp1kxu4ywonlng	1	{"expire_date": ["2024-03-31 11:38:16.019256", "2024-04-01 17:44:36.307494"], "session_data": [".eJxVjkFuwyAQRe_CuqIFm8b2svueAQ3D2KalUBniRIly90LsRb1Berw_X__OLu4Gi9U-Ti7o1dGFDXeWMv2ygcE5z-zlSdpChqIeO47OU9qYrnmBf34F7wqR1YfDYnQt1OdEi3a29Et2-DOA3xSqsF8Qpsgxhrw4w2uE7zbxz2jJf-zZQ8EMaS7XqkPTiLZDPIneoAVDSiEoYd66ZgRo5Un1cgQiQpSEsm9btEJ0xjTwrmppzGU4rQ5pW1qZfsB5_nw39dqWZNmYKGQ9uZUCG8TjD7xAdZo:1rloqG:_cLaNaIBe6Dnqj7pEizdrX5DSlKzzKLf8Q8JaDf3Ed4", ".eJxVjkFuwyAQRe_CuqIFm8b2svueAQ3D2KalUBniRIly90LsRb1Berw_X__OLu4Gi9U-Ti7o1dGFDXeWMv2ygcE5z-zlSdpChqIeO47OU9qYrnmBf34F7wqR1YfDYnQt1OdEi3a29Et2-DOA3xSqsF8Qpsgxhrw4w2uE7zbxz2jJf-zZQ8EMaS7XqkPTiLZDPIneoAVDSiEoYd66ZgRo5Un1cgQiQpSEsm9btEJ0xjTwrmppzGU4rQ5pW1qZfsB5_nw39dqWZNmYKGQ9uZUCG8TjD7xAdZo:1rmH2K:STPC8sYgKBtH0nkDq0KHWLP6bklhM4cModYlEdll8NI"]}	2024-03-18 17:44:36.312679+00	\N	6	\N	\N	\N
193	6r4675gu2c90ejzz2jol9qd4s930pej1	\N	6r4675gu2c90ejzz2jol9qd4s930pej1	2	{"expire_date": ["2024-04-13 05:22:22.203631", "None"], "session_key": ["6r4675gu2c90ejzz2jol9qd4s930pej1", "None"], "session_data": [".eJyrVirPrEosSonPyU_PzIsvy0wtV7KqViouSS1QslJKLC3JUNIB8-JTEksSgVK1UG5aZk5qMYSfWlFSlIgkX5aYkwnkpabEo2isrQUAhp8oDA:1rqRAc:qtLpjj35diRXOBNFuAfOfVTcItj4tFRLkdR_H3WVNic", "None"]}	2024-03-30 05:22:42.396623+00	\N	6	\N	\N	\N
116	zsw6foxri3s3ked7gu9ylifqamdlbg79	\N	zsw6foxri3s3ked7gu9ylifqamdlbg79	2	{"expire_date": ["2024-04-01 17:46:56.596275", "None"], "session_key": ["zsw6foxri3s3ked7gu9ylifqamdlbg79", "None"], "session_data": [".eJxVjkFuwyAQRe_CuqIFQ2Jn2X3PgIZhHJNSUxniRIly90DsRbwZ6c2b-fp3dvE3mJwJ8ehHM3u6sMOdpUz_7MDgnAf28SLjIENRjxV7HygtTNc8wZufIfhC5MzmsRhTA8050WS8K_mSbXYW8JfGKtwJxmPkGMc8ecvrCV9t4j_RUfhebzcBA6ShfOsWbSNUi7gXnUUHlrRG0MJ-tU0PoORed7IHIkKUhLJTCp0QrbUN7HQNjbkUp9kjLU0r0x_4wF9zUZ-KPZ6uCW9N:1rmH4a:UYONkATncOznj38kQZdXiO3PPHlfgLkzg_eYQ69BOK0", "None"]}	2024-03-18 17:47:02.847367+00	2	6	102.0.3.110	\N	\N
117	1	1	rarui	1	{"last_login": ["2024-02-27 12:03:28.418977", "2024-03-18 17:47:02.852611"]}	2024-03-18 17:47:02.855973+00	2	4	102.0.3.110	\N	\N
118	gz9gquws40o1gcwsyithxulti0awgzj1	\N	gz9gquws40o1gcwsyithxulti0awgzj1	0	{"expire_date": ["None", "2024-04-01 17:47:02.863607"], "session_key": ["None", "gz9gquws40o1gcwsyithxulti0awgzj1"], "session_data": ["None", ".eJxVjEEOgjAQRe_StSEOllZYuvcMzdCZSrUphhY0Gu4uKgvdzZv3_38Kg2PuzJh4MJ5EI0Bsfn8t2gvHt6AzxlNf2D7mwbfFO1KsNhXHnjgc1uzfQIepW9qa7R7A2V1rVWW1bGvHpCoHsgQgqkrkmmmrylpqTVqSKytgu5MKnAarltGbf-BAJvQnH83k-Saap0iZr6KJYwibz20IMy5iXtH5wOnLfM8D_vgJg1-IyfwV5_kFNVpfEA:1rmH4g:xzhwJLCmIxe6kDN9l82ooUq4JYULSZTJxozT95ryfbQ"]}	2024-03-18 17:47:02.86782+00	\N	6	\N	\N	\N
119	1	1	Interviewer object (1)	1	{"data_entry_purpose": ["Prosecution", "TiP Process"]}	2024-03-18 17:52:00.763332+00	1	14	102.0.3.110	\N	\N
120	gz9gquws40o1gcwsyithxulti0awgzj1	\N	gz9gquws40o1gcwsyithxulti0awgzj1	1	{"expire_date": ["2024-04-01 17:47:02.863607", "2024-04-01 17:52:04.030006"], "session_data": [".eJxVjEEOgjAQRe_StSEOllZYuvcMzdCZSrUphhY0Gu4uKgvdzZv3_38Kg2PuzJh4MJ5EI0Bsfn8t2gvHt6AzxlNf2D7mwbfFO1KsNhXHnjgc1uzfQIepW9qa7R7A2V1rVWW1bGvHpCoHsgQgqkrkmmmrylpqTVqSKytgu5MKnAarltGbf-BAJvQnH83k-Saap0iZr6KJYwibz20IMy5iXtH5wOnLfM8D_vgJg1-IyfwV5_kFNVpfEA:1rmH4g:xzhwJLCmIxe6kDN9l82ooUq4JYULSZTJxozT95ryfbQ", ".eJxVkMFugzAQRP_FZ4SyxNiFY-_9BmvxrsGtZSJsSJUo_16TckhuO_tmRtq9C4NrnsyaeDGeRC9AVK-7Ae0Pxx3QN8Zxru0c8-KHerfUB03110wcPg_vW8GEaSppzfYDwNnzYFVrtRw6x6RaB7IBIGob5I7ppJpOak1akmtaYHuWCpwGq0rp1d9wIRPm0Uezeb6K_i5S5ovo4xpC9ZwNYcYCHod0PnD61_ybF3zhGwZfFJN5C-7k-QqoRDk2ccxm9BvHsnn8Aa6PZ9o:1rmH9Y:bGrszy80Ikn_yVhDDFUNnWahp4RhF5c2Flfq4lGgf9A"]}	2024-03-18 17:52:04.032537+00	\N	6	\N	\N	\N
121	3pluyqyqa9p7v9ln5bwp1kxu4ywonlng	\N	3pluyqyqa9p7v9ln5bwp1kxu4ywonlng	1	{"expire_date": ["2024-04-01 17:44:36.307494", "2024-04-01 18:06:43.656698"], "session_data": [".eJxVjkFuwyAQRe_CuqIFm8b2svueAQ3D2KalUBniRIly90LsRb1Berw_X__OLu4Gi9U-Ti7o1dGFDXeWMv2ygcE5z-zlSdpChqIeO47OU9qYrnmBf34F7wqR1YfDYnQt1OdEi3a29Et2-DOA3xSqsF8Qpsgxhrw4w2uE7zbxz2jJf-zZQ8EMaS7XqkPTiLZDPIneoAVDSiEoYd66ZgRo5Un1cgQiQpSEsm9btEJ0xjTwrmppzGU4rQ5pW1qZfsB5_nw39dqWZNmYKGQ9uZUCG8TjD7xAdZo:1rmH2K:STPC8sYgKBtH0nkDq0KHWLP6bklhM4cModYlEdll8NI", ".eJxVjkFuwyAQRe_CuqIFm8b2svueAQ3D2KalUBniRIly90LsRb1Berw_X__OLu4Gi9U-Ti7o1dGFDXeWMv2ygcE5z-zlSdpChqIeO47OU9qYrnmBf34F7wqR1YfDYnQt1OdEi3a29Et2-DOA3xSqsF8Qpsgxhrw4w2uE7zbxz2jJf-zZQ8EMaS7XqkPTiLZDPIneoAVDSiEoYd66ZgRo5Un1cgQiQpSEsm9btEJ0xjTwrmppzGU4rQ5pW1qZfsB5_nw39dqWZNmYKGQ9uZUCG8TjD7xAdZo:1rmHNj:HJGxBXasLZ0c_zZcW7OJbsemQHAjnStpaLWBmIAjtbo"]}	2024-03-18 18:06:43.658417+00	\N	6	\N	\N	\N
122	3pluyqyqa9p7v9ln5bwp1kxu4ywonlng	\N	3pluyqyqa9p7v9ln5bwp1kxu4ywonlng	1	{"expire_date": ["2024-04-01 18:06:43.656698", "2024-04-01 18:10:52.415753"], "session_data": [".eJxVjkFuwyAQRe_CuqIFm8b2svueAQ3D2KalUBniRIly90LsRb1Berw_X__OLu4Gi9U-Ti7o1dGFDXeWMv2ygcE5z-zlSdpChqIeO47OU9qYrnmBf34F7wqR1YfDYnQt1OdEi3a29Et2-DOA3xSqsF8Qpsgxhrw4w2uE7zbxz2jJf-zZQ8EMaS7XqkPTiLZDPIneoAVDSiEoYd66ZgRo5Un1cgQiQpSEsm9btEJ0xjTwrmppzGU4rQ5pW1qZfsB5_nw39dqWZNmYKGQ9uZUCG8TjD7xAdZo:1rmHNj:HJGxBXasLZ0c_zZcW7OJbsemQHAjnStpaLWBmIAjtbo", ".eJxVjkFuwyAQRe_CuqIFQ2Jn2X3PgIZhHJNSUxniRIly90DsRbwZ6c2b-fp3dvE3mJwJ8ehHM3u6sMOdpUz_7MDgnAf28SLjIENRjxV7HygtTNc8wZufIfhC5MzmsRhTA8050WS8K_mSbXYW8JfGKtwJxmPkGMc8ecvrCV9t4j_RUfhebzcBA6ShfOsWbSNUi7gXnUUHlrRG0MJ-tU0PoORed7IHIkKUhLJTCp0QrbUN7HQNjbkUp9kjLU0r0x_4wF9zUZ-KPZ6uCW9N:1rmHRk:WwQxYqIhPh4JcjVHFqV4Pa3GFWU9mF_mpO-4gQLAqgs"]}	2024-03-18 18:10:52.417765+00	\N	6	\N	\N	\N
123	dcjcs97572vccoovtgg3toyrifn0xglq	\N	dcjcs97572vccoovtgg3toyrifn0xglq	0	{"expire_date": ["None", "2024-04-02 21:55:29.752408"], "session_key": ["None", "dcjcs97572vccoovtgg3toyrifn0xglq"], "session_data": ["None", ".eJyrVirPrEosSonPyU_PzIsvy0wtV7KqViouSS1QslJKLC3JUNIB8-JTEksSgVK1UG5aZk5qMYSfWlFSlIgkX5aYkwnkpabEo2isrQUAhp8oDA:1rmhQf:y7XsfFgqrB1Ti4iYUfL8rtZRk3Mgkg89XB1sFSt-4QM"]}	2024-03-19 21:55:29.764417+00	\N	6	\N	\N	\N
124	gz9gquws40o1gcwsyithxulti0awgzj1	\N	gz9gquws40o1gcwsyithxulti0awgzj1	1	{"expire_date": ["2024-04-01 17:52:04.030006", "2024-04-02 22:43:45.315491"], "session_data": [".eJxVkMFugzAQRP_FZ4SyxNiFY-_9BmvxrsGtZSJsSJUo_16TckhuO_tmRtq9C4NrnsyaeDGeRC9AVK-7Ae0Pxx3QN8Zxru0c8-KHerfUB03110wcPg_vW8GEaSppzfYDwNnzYFVrtRw6x6RaB7IBIGob5I7ppJpOak1akmtaYHuWCpwGq0rp1d9wIRPm0Uezeb6K_i5S5ovo4xpC9ZwNYcYCHod0PnD61_ybF3zhGwZfFJN5C-7k-QqoRDk2ccxm9BvHsnn8Aa6PZ9o:1rmH9Y:bGrszy80Ikn_yVhDDFUNnWahp4RhF5c2Flfq4lGgf9A", ".eJxVjEEOgjAQRe_StSEOllZYuvcMzdCZSrUphhY0Gu4uKgvdzZv3_38Kg2PuzJh4MJ5EI0Bsfn8t2gvHt6AzxlNf2D7mwbfFO1KsNhXHnjgc1uzfQIepW9qa7R7A2V1rVWW1bGvHpCoHsgQgqkrkmmmrylpqTVqSKytgu5MKnAarltGbf-BAJvQnH83k-Saap0iZr6KJYwibz20IMy5iXtH5wOnLfM8D_vgJg1-IyfwV5_kFNVpfEA:1rmiBN:dLMgWLXTaO9DvNZ0VJiFwJd3rg3cHW8HHnFMVcgzniQ"]}	2024-03-19 22:43:45.322953+00	\N	6	\N	\N	\N
125	sevqrdbyolte0w3nn6hi4jsplcyq5v6p	\N	sevqrdbyolte0w3nn6hi4jsplcyq5v6p	0	{"expire_date": ["None", "2024-04-03 04:40:23.652794"], "session_key": ["None", "sevqrdbyolte0w3nn6hi4jsplcyq5v6p"], "session_data": ["None", ".eJyrVirPrEosSonPyU_PzIsvy0wtV7KqViouSS1QslJKLC3JUNIB8-JTEksSgVK1UG5aZk5qMYSfWlFSlIgkX5aYkwnkpabEo2isrQUAhp8oDA:1rmnkV:P13yPAvNPwz-RROO4v1_bDU8jMRnvQ7BdVelWBmAzXE"]}	2024-03-20 04:40:23.671084+00	\N	6	\N	\N	\N
126	17m0u2gp9creng0z19rby4nhu9vskr4b	\N	17m0u2gp9creng0z19rby4nhu9vskr4b	0	{"expire_date": ["None", "2024-04-03 04:40:28.407248"], "session_key": ["None", "17m0u2gp9creng0z19rby4nhu9vskr4b"], "session_data": ["None", ".eJyrVirPrEosSonPyU_PzIsvy0wtV7KqViouSS1QslJKLC3JUNIB8-JTEksSgVK1UG5aZk5qMYSfWlFSlIgkX5aYkwnkpabEo2isrQUAhp8oDA:1rmnka:mKCj-x7n81LKxJ2FD3CgdrELudVWbBzOkCZpcY7VEXY"]}	2024-03-20 04:40:28.412955+00	\N	6	\N	\N	\N
127	epf1bkw9y8sjfl7521s82dar7pskhg1e	\N	epf1bkw9y8sjfl7521s82dar7pskhg1e	0	{"expire_date": ["None", "2024-04-03 04:40:35.190365"], "session_key": ["None", "epf1bkw9y8sjfl7521s82dar7pskhg1e"], "session_data": ["None", ".eJyrVirPrEosSonPyU_PzIsvy0wtV7KqViouSS1QslJKLC3JUNIB8-JTEksSgVK1UG5aZk5qMYSfWlFSlIgkX5aYkwnkpabEo2isrQUAhp8oDA:1rmnkh:H3KJRKD_47nr1UV4wHRaoLEp6PM0f29PG_c8gXXo_3g"]}	2024-03-20 04:40:35.19658+00	\N	6	\N	\N	\N
128	dbew2gpoig3i90nswgohqna0p3p39flw	\N	dbew2gpoig3i90nswgohqna0p3p39flw	0	{"expire_date": ["None", "2024-04-03 04:40:40.590857"], "session_key": ["None", "dbew2gpoig3i90nswgohqna0p3p39flw"], "session_data": ["None", ".eJyrVirPrEosSonPyU_PzIsvy0wtV7KqViouSS1QslJKLC3JUNIB8-JTEksSgVK1UG5aZk5qMYSfWlFSlIgkX5aYkwnkpabEo2isrQUAhp8oDA:1rmnkm:jexWGVVDCwfOL9SNPanCb2uZ7U97qlNuXkaHQbhaKHw"]}	2024-03-20 04:40:40.596159+00	\N	6	\N	\N	\N
129	4sdi7b5kestl2sfm9fc6kg7ir8tgj9zv	\N	4sdi7b5kestl2sfm9fc6kg7ir8tgj9zv	0	{"expire_date": ["None", "2024-04-03 04:40:47.582932"], "session_key": ["None", "4sdi7b5kestl2sfm9fc6kg7ir8tgj9zv"], "session_data": ["None", ".eJyrVirPrEosSonPyU_PzIsvy0wtV7KqViouSS1QslJKLC3JUNIB8-JTEksSgVK1UG5aZk5qMYSfWlFSlIgkX5aYkwnkpabEo2isrQUAhp8oDA:1rmnkt:yRk3JzaGp8OLWuMK5spdnfaaG_WJhlbtjSMrhoA_NUw"]}	2024-03-20 04:40:47.589074+00	\N	6	\N	\N	\N
130	b9o6mjf33bn5dzj06d986n8v9y8xuu34	\N	b9o6mjf33bn5dzj06d986n8v9y8xuu34	0	{"expire_date": ["None", "2024-04-11 20:46:49.197697"], "session_key": ["None", "b9o6mjf33bn5dzj06d986n8v9y8xuu34"], "session_data": ["None", ".eJyrVirPrEosSonPyU_PzIsvy0wtV7KqViouSS1QslJKLC3JUNIB8-JTEksSgVK1UG5aZk5qMYSfWlFSlIgkX5aYkwnkpabEo2isrQUAhp8oDA:1rpwe9:p7ZtvXUfETkhYzT-xNYTM_AKM_ns2ZU70DGNXI4Go_w"]}	2024-03-28 20:46:49.217193+00	\N	6	\N	\N	\N
131	lcogol0h9ru9ckl7buap6qsmmtgvoxwa	\N	lcogol0h9ru9ckl7buap6qsmmtgvoxwa	0	{"expire_date": ["None", "2024-04-11 20:46:57.343298"], "session_key": ["None", "lcogol0h9ru9ckl7buap6qsmmtgvoxwa"], "session_data": ["None", ".eJxNzUsOwiAQBuC7sG6ILLQNS_eegUzLWMciNEBbY8PdpRWju_nnm8fKFnqB18q4nqyaCRcmVxYijkzayZhqr5WGCBvAFG8fSEWuZDD8aE0Z8Bk9fHdynsFQTqjV_7EMU0CvxoFJJg6sxBa6Aa3OPX0H2zveORs9tXx7wIsGfnEazbnMVvt3tJE6iOSsivRAJkUtxOnYNKJO6Q3hClNH:1rpweH:XtpBbW9t7cnEmJFOZmYKceN_KxIenAjG2S7xarKNOFE"]}	2024-03-28 20:46:57.346835+00	\N	6	\N	\N	\N
132	b9o6mjf33bn5dzj06d986n8v9y8xuu34	\N	b9o6mjf33bn5dzj06d986n8v9y8xuu34	2	{"expire_date": ["2024-04-11 20:46:49.197697", "None"], "session_key": ["b9o6mjf33bn5dzj06d986n8v9y8xuu34", "None"], "session_data": [".eJyrVirPrEosSonPyU_PzIsvy0wtV7KqViouSS1QslJKLC3JUNIB8-JTEksSgVK1UG5aZk5qMYSfWlFSlIgkX5aYkwnkpabEo2isrQUAhp8oDA:1rpwe9:p7ZtvXUfETkhYzT-xNYTM_AKM_ns2ZU70DGNXI4Go_w", "None"]}	2024-03-28 20:46:57.356996+00	\N	6	\N	\N	\N
133	10	10	james.ndungu@gmail.com	1	{"last_login": ["2024-03-12 06:38:48.740079", "2024-03-28 20:46:57.359434"]}	2024-03-28 20:46:57.362351+00	\N	4	\N	\N	\N
134	lcogol0h9ru9ckl7buap6qsmmtgvoxwa	\N	lcogol0h9ru9ckl7buap6qsmmtgvoxwa	1	{"expire_date": ["2024-04-11 20:46:57.343298", "2024-04-11 20:46:57.467485"], "session_data": [".eJxNzUsOwiAQBuC7sG6ILLQNS_eegUzLWMciNEBbY8PdpRWju_nnm8fKFnqB18q4nqyaCRcmVxYijkzayZhqr5WGCBvAFG8fSEWuZDD8aE0Z8Bk9fHdynsFQTqjV_7EMU0CvxoFJJg6sxBa6Aa3OPX0H2zveORs9tXx7wIsGfnEazbnMVvt3tJE6iOSsivRAJkUtxOnYNKJO6Q3hClNH:1rpweH:XtpBbW9t7cnEmJFOZmYKceN_KxIenAjG2S7xarKNOFE", ".eJxVjEEOgjAQRe_StSGUQhGW7j1DM-1MpdoUQwsYiXcXlYXs5v33_yxsdk8YUPn-4oKaHM2sXVhMdGdtGL0_fG-FkGAVrw2t8xR_TI80wJ-fwLuVCNVuuBoFY-rUGGlQDlnLeM52oQZzo_AxeIVw6TPThzQ4nX0q2WZjdu6R_Gnr7h50ELt1bTSUlnLLJQiBhZC1AcilPvIGNGDFZUUGK2krjkbUVkrbHKkUsinIFjWy1xuYGF_K:1rpweH:i9iZBBdiMQhhZJEB-SfsWoWjTixEEo3dZ7hKl530V6A"]}	2024-03-28 20:46:57.47048+00	\N	6	\N	\N	\N
135	lcogol0h9ru9ckl7buap6qsmmtgvoxwa	\N	lcogol0h9ru9ckl7buap6qsmmtgvoxwa	1	{"expire_date": ["2024-04-11 20:46:57.467485", "2024-04-11 20:48:04.140346"], "session_data": [".eJxVjEEOgjAQRe_StSGUQhGW7j1DM-1MpdoUQwsYiXcXlYXs5v33_yxsdk8YUPn-4oKaHM2sXVhMdGdtGL0_fG-FkGAVrw2t8xR_TI80wJ-fwLuVCNVuuBoFY-rUGGlQDlnLeM52oQZzo_AxeIVw6TPThzQ4nX0q2WZjdu6R_Gnr7h50ELt1bTSUlnLLJQiBhZC1AcilPvIGNGDFZUUGK2krjkbUVkrbHKkUsinIFjWy1xuYGF_K:1rpweH:i9iZBBdiMQhhZJEB-SfsWoWjTixEEo3dZ7hKl530V6A", ".eJxVjctyhCAQRf-FdcoSUXwss59voBq6URIKpwSdVKb898GJi7jr2-c-nuzhfmFB5efRBbU5erDhyWKiOxvC6v3H-1YICTLYT2mdp_in6Sct8I9v4F1WhOoSzETBmia1RlqUQzYwXrLLU4P5pnAQ_IIwzoWZQ1qcLg5LcdJY3GYk_3l6LwUTxCmnjYbaUmm5BCGwErI1AKXUHe9BAzZcNmSwkbbhaERrpbR9R7WQfUW2ao_SvBwpJDW6jQIb-P4CjwpmFw:1rpwfM:W1ra9yi44njTCodAdWvxeeQRlQGaCmkEAhdlTEw-j1A"]}	2024-03-28 20:48:04.142962+00	\N	6	\N	\N	\N
136	177	177	None	0	{"consent_abstain_answer": ["None", "1"], "approval": ["None", "Pending"], "traffickers": ["None", "case_interview_app.SuspectedTrafficker.None"], "created_at": ["None", "2024-03-28 21:33:30.442518"], "updated_at": ["None", "2024-03-28 21:33:30.442539"], "prosecutions": ["None", "case_interview_app.Prosecution.None"], "victim_permission": ["None", "case_interview_app.VictimPermissions.None"], "socio_economic": ["None", "case_interview_app.SocioEconomic.None"], "assistance": ["None", "case_interview_app.Assistance.None"], "investigations": ["None", "case_interview_app.ArrestInvestigation.None"], "id": ["None", "177"], "address": ["None", "XX"], "exploitation": ["None", "case_interview_app.Exploitation.None"], "citizenship": ["None", "Angola"], "countryOfBirth": ["None", "Comoros"], "gender": ["None", "Female"], "race": ["None", "Black"], "destinations": ["None", "case_interview_app.TransitRouteDestination.None"], "place_of_birth": ["None", "UNKNOWN"], "last_place_of_residence": ["None", "Comoros"], "identification_number": ["None", "999999"], "initials": ["None", "JN"], "age": ["None", "55"], "email_address": ["None", "jn@email.com"], "interview_country": ["None", "Botswana"], "interview_location": ["None", "UNKNOWN"], "interview_date": ["None", "2024-03-28"], "additional_remarks": ["None", "UNKNOWN"], "consent_share_gov_patner": ["None", "1"], "consent_limited_disclosure": ["None", "1"], "consent_research": ["None", "1"]}	2024-03-28 21:33:30.464375+00	\N	24	\N	\N	\N
137	177	177	AO-TP-177	1	{"consent_abstain_answer": ["True", "1"], "victim_identifier": ["None", "AO-TP-177"], "consent_share_gov_patner": ["True", "1"], "consent_limited_disclosure": ["True", "1"], "consent_research": ["True", "1"]}	2024-03-28 21:33:30.482033+00	\N	24	\N	\N	\N
138	125	125	Exploitation object (125)	0	{"victim": ["None", "AO-TP-177"], "subject_to_exploitation": ["None", "True"], "intent_to_exploit": ["None", ""], "exploitation_length": ["None", ""], "pay_debt": ["None", "True"], "debt_amount": ["None", "0"], "freed_method": ["None", "Client"], "event_description": ["None", "UNKNOWN "], "e_prostitution": ["None", "True"], "id": ["None", "125"], "e_other_sexual": ["None", "True"], "e_other_sexual_online": ["None", "True"], "e_online_porno": ["None", "True"], "e_criminal_activity": ["None", ""], "e_forced_labour": ["None", "True"], "e_forced_marriage": ["None", "True"], "e_victim_knew_spouse": ["None", "True"], "e_bprice_amount_kind": ["None", ""], "e_child_marriage": ["None", "True"], "e_victim_pregnancy": ["None", "True"], "e_children_from_marriage": ["None", "0"], "e_maternal_health_issues": ["None", ""], "e_m_health_issues_description": ["None", ""], "e_armed_group_name": ["None", ""], "e_child_soldier": ["None", "True"], "e_child_soldier_age": ["None", "55"], "e_organ_removed": ["None", "False"], "e_organ_sale_price": ["None", ""], "e_remarks": ["None", ""], "interviewer": ["None", "Interviewer object (15)"], "approval": ["None", "Pending"], "created_at": ["None", "2024-03-28 21:34:42.529584"], "updated_at": ["None", "2024-03-28 21:34:42.529610"]}	2024-03-28 21:34:42.563947+00	\N	37	\N	\N	\N
139	124	124	TransitRouteDestination object (124)	0	{"victim": ["None", "AO-TP-177"], "country_of_origin": ["None", "Angola"], "city_village_of_dest": ["None", ""], "city_village_of_origin": ["None", ""], "country_of_dest": ["None", "Botswana"], "remarks": ["None", ""], "interviewer": ["None", "Interviewer object (15)"], "approval": ["None", "Pending"], "created_at": ["None", "2024-03-28 21:34:59.218784"], "updated_at": ["None", "2024-03-28 21:34:59.218810"], "id": ["None", "124"]}	2024-03-28 21:34:59.248536+00	\N	25	\N	\N	\N
140	125	125	TransitRouteDestination object (125)	0	{"victim": ["None", "AO-TP-177"], "country_of_origin": ["None", "Angola"], "city_village_of_dest": ["None", ""], "city_village_of_origin": ["None", ""], "country_of_dest": ["None", "Botswana"], "remarks": ["None", ""], "interviewer": ["None", "Interviewer object (15)"], "approval": ["None", "Pending"], "created_at": ["None", "2024-03-28 21:35:07.181184"], "updated_at": ["None", "2024-03-28 21:35:07.181212"], "id": ["None", "125"]}	2024-03-28 21:35:07.200683+00	\N	25	\N	\N	\N
141	126	126	TransitRouteDestination object (126)	0	{"victim": ["None", "AO-TP-177"], "country_of_origin": ["None", "Angola"], "city_village_of_dest": ["None", ""], "city_village_of_origin": ["None", ""], "country_of_dest": ["None", "Botswana"], "interviewer": ["None", "Interviewer object (15)"], "approval": ["None", "Pending"], "created_at": ["None", "2024-03-28 21:35:17.818505"], "updated_at": ["None", "2024-03-28 21:35:17.818528"], "id": ["None", "126"]}	2024-03-28 21:35:17.833541+00	\N	25	\N	\N	\N
142	127	127	TransitRouteDestination object (127)	0	{"victim": ["None", "AO-TP-177"], "country_of_origin": ["None", "Angola"], "city_village_of_dest": ["None", ""], "city_village_of_origin": ["None", ""], "country_of_dest": ["None", "Botswana"], "interviewer": ["None", "Interviewer object (15)"], "approval": ["None", "Pending"], "created_at": ["None", "2024-03-28 21:35:25.060704"], "updated_at": ["None", "2024-03-28 21:35:25.060731"], "id": ["None", "127"]}	2024-03-28 21:35:25.078753+00	\N	25	\N	\N	\N
143	128	128	TransitRouteDestination object (128)	0	{"victim": ["None", "AO-TP-177"], "country_of_origin": ["None", "Angola"], "city_village_of_dest": ["None", "UNKNOWN "], "city_village_of_origin": ["None", "UNKNOWN "], "country_of_dest": ["None", "Botswana"], "interviewer": ["None", "Interviewer object (15)"], "approval": ["None", "Pending"], "created_at": ["None", "2024-03-28 21:35:51.100870"], "updated_at": ["None", "2024-03-28 21:35:51.100898"], "id": ["None", "128"]}	2024-03-28 21:35:51.118817+00	\N	25	\N	\N	\N
144	129	129	TransitRouteDestination object (129)	0	{"victim": ["None", "AO-TP-177"], "country_of_origin": ["None", "Angola"], "city_village_of_dest": ["None", "UNKNOWN "], "city_village_of_origin": ["None", "UNKNOWN "], "country_of_dest": ["None", "Botswana"], "interviewer": ["None", "Interviewer object (15)"], "approval": ["None", "Pending"], "created_at": ["None", "2024-03-28 21:35:52.915806"], "updated_at": ["None", "2024-03-28 21:35:52.915832"], "id": ["None", "129"]}	2024-03-28 21:35:52.933653+00	\N	25	\N	\N	\N
145	130	130	TransitRouteDestination object (130)	0	{"victim": ["None", "AO-TP-177"], "country_of_origin": ["None", "Angola"], "city_village_of_dest": ["None", "UNKNOWN "], "city_village_of_origin": ["None", "UNKNOWN "], "country_of_dest": ["None", "Botswana"], "interviewer": ["None", "Interviewer object (15)"], "approval": ["None", "Pending"], "created_at": ["None", "2024-03-28 21:35:58.592452"], "updated_at": ["None", "2024-03-28 21:35:58.592477"], "id": ["None", "130"]}	2024-03-28 21:35:58.607362+00	\N	25	\N	\N	\N
146	131	131	TransitRouteDestination object (131)	0	{"victim": ["None", "AO-TP-177"], "country_of_origin": ["None", "Angola"], "city_village_of_dest": ["None", "UNKNOWN "], "city_village_of_origin": ["None", "UNKNOWN "], "country_of_dest": ["None", "Botswana"], "interviewer": ["None", "Interviewer object (15)"], "approval": ["None", "Pending"], "created_at": ["None", "2024-03-28 21:35:59.775414"], "updated_at": ["None", "2024-03-28 21:35:59.775441"], "id": ["None", "131"]}	2024-03-28 21:35:59.794307+00	\N	25	\N	\N	\N
147	132	132	TransitRouteDestination object (132)	0	{"victim": ["None", "AO-TP-177"], "country_of_origin": ["None", "Angola"], "city_village_of_dest": ["None", "UNKNOWN "], "city_village_of_origin": ["None", "UNKNOWN "], "country_of_dest": ["None", "Botswana"], "interviewer": ["None", "Interviewer object (15)"], "approval": ["None", "Pending"], "created_at": ["None", "2024-03-28 21:36:05.887401"], "updated_at": ["None", "2024-03-28 21:36:05.887427"], "id": ["None", "132"]}	2024-03-28 21:36:05.907058+00	\N	25	\N	\N	\N
148	lcogol0h9ru9ckl7buap6qsmmtgvoxwa	\N	lcogol0h9ru9ckl7buap6qsmmtgvoxwa	1	{"expire_date": ["2024-04-11 20:48:04.140346", "2024-04-12 00:51:19.194228"], "session_data": [".eJxVjctyhCAQRf-FdcoSUXwss59voBq6URIKpwSdVKb898GJi7jr2-c-nuzhfmFB5efRBbU5erDhyWKiOxvC6v3H-1YICTLYT2mdp_in6Sct8I9v4F1WhOoSzETBmia1RlqUQzYwXrLLU4P5pnAQ_IIwzoWZQ1qcLg5LcdJY3GYk_3l6LwUTxCmnjYbaUmm5BCGwErI1AKXUHe9BAzZcNmSwkbbhaERrpbR9R7WQfUW2ao_SvBwpJDW6jQIb-P4CjwpmFw:1rpwfM:W1ra9yi44njTCodAdWvxeeQRlQGaCmkEAhdlTEw-j1A", ".eJxVjEEOgjAQRe_StSGUQhGW7j1DM-1MpdoUQwsYiXcXlYXs5v33_yxsdk8YUPn-4oKaHM2sXVhMdGdtGL0_fG-FkGAVrw2t8xR_TI80wJ-fwLuVCNVuuBoFY-rUGGlQDlnLeM52oQZzo_AxeIVw6TPThzQ4nX0q2WZjdu6R_Gnr7h50ELt1bTSUlnLLJQiBhZC1AcilPvIGNGDFZUUGK2krjkbUVkrbHKkUsinIFjWy1xuYGF_K:1rq0Sl:hy0irI_ukDfgSqgzFibP8KLF5uPJxh5FZCdx8BrEpBA"]}	2024-03-29 00:51:19.19779+00	\N	6	\N	\N	\N
149	lcogol0h9ru9ckl7buap6qsmmtgvoxwa	\N	lcogol0h9ru9ckl7buap6qsmmtgvoxwa	1	{"expire_date": ["2024-04-12 00:51:19.194228", "2024-04-12 00:51:30.714945"], "session_data": [".eJxVjEEOgjAQRe_StSGUQhGW7j1DM-1MpdoUQwsYiXcXlYXs5v33_yxsdk8YUPn-4oKaHM2sXVhMdGdtGL0_fG-FkGAVrw2t8xR_TI80wJ-fwLuVCNVuuBoFY-rUGGlQDlnLeM52oQZzo_AxeIVw6TPThzQ4nX0q2WZjdu6R_Gnr7h50ELt1bTSUlnLLJQiBhZC1AcilPvIGNGDFZUUGK2krjkbUVkrbHKkUsinIFjWy1xuYGF_K:1rq0Sl:hy0irI_ukDfgSqgzFibP8KLF5uPJxh5FZCdx8BrEpBA", ".eJxVjctyhCAQRf-FdcoSUXwss59voBq6URIKpwSdVKb898GJi7jr2-c-nuzhfmFB5efRBbU5erDhyWKiOxvC6v3H-1YICTLYT2mdp_in6Sct8I9v4F1WhOoSzETBmia1RlqUQzYwXrLLU4P5pnAQ_IIwzoWZQ1qcLg5LcdJY3GYk_3l6LwUTxCmnjYbaUmm5BCGwErI1AKXUHe9BAzZcNmSwkbbhaERrpbR9R7WQfUW2ao_SvBwpJDW6jQIb-P4CjwpmFw:1rq0Sw:-sik44t3oa8u6QjW6OLXkzseS-UhByIrThgPAUZbxQA"]}	2024-03-29 00:51:30.718054+00	\N	6	\N	\N	\N
150	178	178	None	0	{"consent_abstain_answer": ["None", "1"], "approval": ["None", "Pending"], "created_at": ["None", "2024-03-29 00:53:16.469769"], "updated_at": ["None", "2024-03-29 00:53:16.469787"], "destinations": ["None", "case_interview_app.TransitRouteDestination.None"], "victim_permission": ["None", "case_interview_app.VictimPermissions.None"], "investigations": ["None", "case_interview_app.ArrestInvestigation.None"], "prosecutions": ["None", "case_interview_app.Prosecution.None"], "id": ["None", "178"], "traffickers": ["None", "case_interview_app.SuspectedTrafficker.None"], "socio_economic": ["None", "case_interview_app.SocioEconomic.None"], "assistance": ["None", "case_interview_app.Assistance.None"], "exploitation": ["None", "case_interview_app.Exploitation.None"], "citizenship": ["None", "Djibouti"], "countryOfBirth": ["None", "Djibouti"], "gender": ["None", "Female"], "race": ["None", "Black"], "place_of_birth": ["None", "UNKNOWN"], "last_place_of_residence": ["None", "Djibouti"], "identification_number": ["None", "010101"], "initials": ["None", "JN"], "age": ["None", "55"], "address": ["None", "NONE"], "email_address": ["None", ""], "interview_country": ["None", "Zimbabwe"], "interview_location": ["None", "FIELD"], "interview_date": ["None", "2024-03-29"], "additional_remarks": ["None", ""], "consent_share_gov_patner": ["None", "1"], "consent_limited_disclosure": ["None", "1"], "consent_research": ["None", "1"]}	2024-03-29 00:53:16.491553+00	10	24	41.80.113.243	\N	\N
151	178	178	DJ-TP-178	1	{"consent_abstain_answer": ["True", "1"], "victim_identifier": ["None", "DJ-TP-178"], "consent_share_gov_patner": ["True", "1"], "consent_limited_disclosure": ["True", "1"], "consent_research": ["True", "1"]}	2024-03-29 00:53:16.507802+00	10	24	41.80.113.243	\N	\N
152	lcogol0h9ru9ckl7buap6qsmmtgvoxwa	\N	lcogol0h9ru9ckl7buap6qsmmtgvoxwa	1	{"expire_date": ["2024-04-12 00:51:30.714945", "2024-04-12 00:53:16.531457"], "session_data": [".eJxVjctyhCAQRf-FdcoSUXwss59voBq6URIKpwSdVKb898GJi7jr2-c-nuzhfmFB5efRBbU5erDhyWKiOxvC6v3H-1YICTLYT2mdp_in6Sct8I9v4F1WhOoSzETBmia1RlqUQzYwXrLLU4P5pnAQ_IIwzoWZQ1qcLg5LcdJY3GYk_3l6LwUTxCmnjYbaUmm5BCGwErI1AKXUHe9BAzZcNmSwkbbhaERrpbR9R7WQfUW2ao_SvBwpJDW6jQIb-P4CjwpmFw:1rq0Sw:-sik44t3oa8u6QjW6OLXkzseS-UhByIrThgPAUZbxQA", ".eJxVj8uSgyAQRf-F9ZQlEvGxnH2-gWroRslQmBI0qaTy78GMi7jr2-fefjzZzT1gRuWnwQW1Orqx_slioivrw-L9z6dWCAkyeO3SOk_xX9M9zfDFV_AuK0J1CGaiYEmjWiLNyiHrGS_ZoanB_FHYCF4gDFNhppBmp4vNUuw0FucJyf_u3sOAEeKY00bDyVJpuQQhsBKyMQCl1C3vQAPWXNZksJa25mhEY6W0XUsnIbuKbNVsQ_PmSCGpwa0UWM_zW5-bedO-3gI3aQM:1rq0Ue:rzT_i5SpySGrIFz3ty0r3p76Z9vitxKTCIDAb2FaFtY"]}	2024-03-29 00:53:16.533279+00	\N	6	\N	\N	\N
153	126	126	Exploitation object (126)	0	{"victim": ["None", "DJ-TP-178"], "subject_to_exploitation": ["None", "1"], "exploitation_length": ["None", "5 YEARS"], "pay_debt": ["None", "0"], "freed_method": ["None", "Self"], "event_description": ["None", "VICTIM FLED FROM CAPTORS"], "e_prostitution": ["None", "1"], "id": ["None", "126"], "e_other_sexual": ["None", "1"], "e_other_sexual_online": ["None", "0"], "e_online_porno": ["None", "1"], "e_criminal_activity": ["None", "1"], "e_forced_marriage": ["None", "0"], "e_child_marriage": ["None", "0"], "e_forced_military_type": ["None", "Irregular"], "e_armed_group_name": ["None", "UNKNOWN"], "e_child_soldier": ["None", "1"], "e_child_soldier_age": ["None", "10"], "e_organ_removed": ["None", "0"], "interviewer": ["None", "Interviewer object (15)"], "approval": ["None", "Pending"], "created_at": ["None", "2024-03-29 00:55:43.008713"], "updated_at": ["None", "2024-03-29 00:55:43.008734"]}	2024-03-29 00:55:43.029704+00	10	37	41.80.113.243	\N	\N
154	133	133	TransitRouteDestination object (133)	0	{"victim": ["None", "DJ-TP-178"], "country_of_origin": ["None", "Djibouti"], "city_village_of_dest": ["None", ""], "city_village_of_origin": ["None", ""], "country_of_dest": ["None", "Uganda"], "remarks": ["None", ""], "interviewer": ["None", "Interviewer object (15)"], "approval": ["None", "Pending"], "created_at": ["None", "2024-03-29 00:56:21.838772"], "updated_at": ["None", "2024-03-29 00:56:21.838792"], "id": ["None", "133"]}	2024-03-29 00:56:21.855289+00	10	25	41.80.113.243	\N	\N
155	lcogol0h9ru9ckl7buap6qsmmtgvoxwa	\N	lcogol0h9ru9ckl7buap6qsmmtgvoxwa	1	{"expire_date": ["2024-04-12 00:53:16.531457", "2024-04-12 00:56:22.221448"], "session_data": [".eJxVj8uSgyAQRf-F9ZQlEvGxnH2-gWroRslQmBI0qaTy78GMi7jr2-fefjzZzT1gRuWnwQW1Orqx_slioivrw-L9z6dWCAkyeO3SOk_xX9M9zfDFV_AuK0J1CGaiYEmjWiLNyiHrGS_ZoanB_FHYCF4gDFNhppBmp4vNUuw0FucJyf_u3sOAEeKY00bDyVJpuQQhsBKyMQCl1C3vQAPWXNZksJa25mhEY6W0XUsnIbuKbNVsQ_PmSCGpwa0UWM_zW5-bedO-3gI3aQM:1rq0Ue:rzT_i5SpySGrIFz3ty0r3p76Z9vitxKTCIDAb2FaFtY", ".eJxVjEEOgjAQRe_StSGUQhGW7j1DM-1MpdoUQwsYiXcXlYXs5v33_yxsdk8YUPn-4oKaHM2sXVhMdGdtGL0_fG-FkGAVrw2t8xR_TI80wJ-fwLuVCNVuuBoFY-rUGGlQDlnLeM52oQZzo_AxeIVw6TPThzQ4nX0q2WZjdu6R_Gnr7h50ELt1bTSUlnLLJQiBhZC1AcilPvIGNGDFZUUGK2krjkbUVkrbHKkUsinIFjWy1xuYGF_K:1rq0Xe:u97D8n8IFZ1UCxicI59Tnim77aCT1WCvjTYYURAI9vc"]}	2024-03-29 00:56:22.223122+00	\N	6	\N	\N	\N
156	lcogol0h9ru9ckl7buap6qsmmtgvoxwa	\N	lcogol0h9ru9ckl7buap6qsmmtgvoxwa	1	{"expire_date": ["2024-04-12 00:56:22.221448", "2024-04-12 01:00:15.288593"], "session_data": [".eJxVjEEOgjAQRe_StSGUQhGW7j1DM-1MpdoUQwsYiXcXlYXs5v33_yxsdk8YUPn-4oKaHM2sXVhMdGdtGL0_fG-FkGAVrw2t8xR_TI80wJ-fwLuVCNVuuBoFY-rUGGlQDlnLeM52oQZzo_AxeIVw6TPThzQ4nX0q2WZjdu6R_Gnr7h50ELt1bTSUlnLLJQiBhZC1AcilPvIGNGDFZUUGK2krjkbUVkrbHKkUsinIFjWy1xuYGF_K:1rq0Xe:u97D8n8IFZ1UCxicI59Tnim77aCT1WCvjTYYURAI9vc", ".eJxVjctyhCAQRf-FdcoSUXwss59voBq6URIKpwSdVKb898GJi7jr2-c-nuzhfmFB5efRBbU5erDhyWKiOxvC6v3H-1YICTLYT2mdp_in6Sct8I9v4F1WhOoSzETBmia1RlqUQzYwXrLLU4P5pnAQ_IIwzoWZQ1qcLg5LcdJY3GYk_3l6LwUTxCmnjYbaUmm5BCGwErI1AKXUHe9BAzZcNmSwkbbhaERrpbR9R7WQfUW2ao_SvBwpJDW6jQIb-P4CjwpmFw:1rq0bP:1bvG0qs3KXuDcpkQca-jfW30BSVjvYuDGnVoGjmQcC4"]}	2024-03-29 01:00:15.291256+00	\N	6	\N	\N	\N
157	15	15	Interviewer object (15)	1	{"data_entry_purpose": ["TiP Process", "Investigation"]}	2024-03-29 01:13:44.770718+00	10	14	41.80.113.243	\N	\N
158	lcogol0h9ru9ckl7buap6qsmmtgvoxwa	\N	lcogol0h9ru9ckl7buap6qsmmtgvoxwa	1	{"expire_date": ["2024-04-12 01:00:15.288593", "2024-04-12 01:13:45.133090"], "session_data": [".eJxVjctyhCAQRf-FdcoSUXwss59voBq6URIKpwSdVKb898GJi7jr2-c-nuzhfmFB5efRBbU5erDhyWKiOxvC6v3H-1YICTLYT2mdp_in6Sct8I9v4F1WhOoSzETBmia1RlqUQzYwXrLLU4P5pnAQ_IIwzoWZQ1qcLg5LcdJY3GYk_3l6LwUTxCmnjYbaUmm5BCGwErI1AKXUHe9BAzZcNmSwkbbhaERrpbR9R7WQfUW2ao_SvBwpJDW6jQIb-P4CjwpmFw:1rq0bP:1bvG0qs3KXuDcpkQca-jfW30BSVjvYuDGnVoGjmQcC4", ".eJxVjEEOgjAQRe_StSGUQhGW7j1DM-1MpdoUQwsYiXcXlYXs5v33_yxsdk8YUPn-4oKaHM2sXVhMdGdtGL0_fG-FkGAVrw2t8xR_TI80wJ-fwLuVCNVuuBoFY-rUGGlQDlnLeM52oQZzo_AxeIVw6TPThzQ4nX0q2WZjdu6R_Gnr7h50ELt1bTSUlnLLJQiBhZC1AcilPvIGNGDFZUUGK2krjkbUVkrbHKkUsinIFjWy1xuYGF_K:1rq0oT:WRXTHinwRIazE75gIX6qJqyoAvNpo2QxqoQFfexkZVQ"]}	2024-03-29 01:13:45.134787+00	\N	6	\N	\N	\N
159	lcogol0h9ru9ckl7buap6qsmmtgvoxwa	\N	lcogol0h9ru9ckl7buap6qsmmtgvoxwa	1	{"expire_date": ["2024-04-12 01:13:45.133090", "2024-04-12 01:14:07.502200"], "session_data": [".eJxVjEEOgjAQRe_StSGUQhGW7j1DM-1MpdoUQwsYiXcXlYXs5v33_yxsdk8YUPn-4oKaHM2sXVhMdGdtGL0_fG-FkGAVrw2t8xR_TI80wJ-fwLuVCNVuuBoFY-rUGGlQDlnLeM52oQZzo_AxeIVw6TPThzQ4nX0q2WZjdu6R_Gnr7h50ELt1bTSUlnLLJQiBhZC1AcilPvIGNGDFZUUGK2krjkbUVkrbHKkUsinIFjWy1xuYGF_K:1rq0oT:WRXTHinwRIazE75gIX6qJqyoAvNpo2QxqoQFfexkZVQ", ".eJxVjctyhCAQRf-FdcoSUXwss59voBq6URIKpwSdVKb898GJi7jr2-c-nuzhfmFB5efRBbU5erDhyWKiOxvC6v3H-1YICTLYT2mdp_in6Sct8I9v4F1WhOoSzETBmia1RlqUQzYwXrLLU4P5pnAQ_IIwzoWZQ1qcLg5LcdJY3GYk_3l6LwUTxCmnjYbaUmm5BCGwErI1AKXUHe9BAzZcNmSwkbbhaERrpbR9R7WQfUW2ao_SvBwpJDW6jQIb-P4CjwpmFw:1rq0op:g4sQ86UQeO7qIuFVq5eii97yEkeo82iXBfC7U3EJqPE"]}	2024-03-29 01:14:07.50496+00	\N	6	\N	\N	\N
160	179	179	None	0	{"consent_abstain_answer": ["None", "1"], "approval": ["None", "Pending"], "created_at": ["None", "2024-03-29 01:16:50.735704"], "updated_at": ["None", "2024-03-29 01:16:50.735730"], "destinations": ["None", "case_interview_app.TransitRouteDestination.None"], "victim_permission": ["None", "case_interview_app.VictimPermissions.None"], "investigations": ["None", "case_interview_app.ArrestInvestigation.None"], "prosecutions": ["None", "case_interview_app.Prosecution.None"], "id": ["None", "179"], "traffickers": ["None", "case_interview_app.SuspectedTrafficker.None"], "socio_economic": ["None", "case_interview_app.SocioEconomic.None"], "assistance": ["None", "case_interview_app.Assistance.None"], "exploitation": ["None", "case_interview_app.Exploitation.None"], "citizenship": ["None", "Uganda"], "countryOfBirth": ["None", "Uganda"], "gender": ["None", "Female"], "race": ["None", "Black"], "place_of_birth": ["None", "UNKNOWN"], "last_place_of_residence": ["None", "Uganda"], "identification_number": ["None", "999999"], "initials": ["None", "ZZ"], "age": ["None", "44"], "address": ["None", "UNKNOWN"], "email_address": ["None", ""], "interview_country": ["None", "Zimbabwe"], "interview_location": ["None", "UNKNOWN"], "interview_date": ["None", "2024-03-29"], "additional_remarks": ["None", "UNKNOWN"], "consent_share_gov_patner": ["None", "1"], "consent_limited_disclosure": ["None", "1"], "consent_research": ["None", "1"]}	2024-03-29 01:16:50.75755+00	10	24	41.80.113.243	\N	\N
161	179	179	UG-IV-179	1	{"consent_abstain_answer": ["True", "1"], "victim_identifier": ["None", "UG-IV-179"], "consent_share_gov_patner": ["True", "1"], "consent_limited_disclosure": ["True", "1"], "consent_research": ["True", "1"]}	2024-03-29 01:16:50.778772+00	10	24	41.80.113.243	\N	\N
162	lcogol0h9ru9ckl7buap6qsmmtgvoxwa	\N	lcogol0h9ru9ckl7buap6qsmmtgvoxwa	1	{"expire_date": ["2024-04-12 01:14:07.502200", "2024-04-12 01:16:50.809588"], "session_data": [".eJxVjctyhCAQRf-FdcoSUXwss59voBq6URIKpwSdVKb898GJi7jr2-c-nuzhfmFB5efRBbU5erDhyWKiOxvC6v3H-1YICTLYT2mdp_in6Sct8I9v4F1WhOoSzETBmia1RlqUQzYwXrLLU4P5pnAQ_IIwzoWZQ1qcLg5LcdJY3GYk_3l6LwUTxCmnjYbaUmm5BCGwErI1AKXUHe9BAzZcNmSwkbbhaERrpbR9R7WQfUW2ao_SvBwpJDW6jQIb-P4CjwpmFw:1rq0op:g4sQ86UQeO7qIuFVq5eii97yEkeo82iXBfC7U3EJqPE", ".eJxVj02SgyAQhe_CesoSiRhdzn7OQDV0o2QoTAmaqaS8e9BxEXf9-nuvf17s4Z4wofJj74JaHD1Y92Ix0Z11Yfb-a68VQoIM1kNa5yn-a_pLE3zwBbzLilCdgpkomNOg5kiTcsg6xkt2amowvxQ2gjcI_ViYMaTJ6WKzFAeNxc-I5L8P72nAAHHIaaPhYqm0XIIQWAnZGIBS6itvQQPWXNZksJa25mhEY6W07ZUuQrYV2arZhubNkUJSvVsosI7nt_abedOubwI5aQQ:1rq0rS:Uq0ondaRf6IlwOarI8_mpubMOUXAPo-Zcst7bpLfbys"]}	2024-03-29 01:16:50.81251+00	\N	6	\N	\N	\N
163	22	22	ArrestInvestigation object (22)	0	{"investigation_done": ["None", "1"], "created_at": ["None", "2024-03-29 01:17:33.967707"], "updated_at": ["None", "2024-03-29 01:17:33.967736"], "victim": ["None", "UG-IV-179"], "org_crime": ["None", "1"], "suspects_arrested": ["None", "1"], "why_no_arrest": ["None", ""], "victim_smuggled": ["None", "0"], "id": ["None", "22"], "why_no_investigation": ["None", ""], "investigation_status": ["None", "Case file closed"], "why_pending": ["None", ""], "withdrawn_closed_reason": ["None", ""], "interviewer": ["None", "Interviewer object (15)"], "approval": ["None", "Pending"]}	2024-03-29 01:17:33.994726+00	10	28	41.80.113.243	\N	\N
194	10	10	james.ndungu@gmail.com	1	{"last_login": ["2024-03-28 20:46:57.359434", "2024-03-30 05:22:42.399439"]}	2024-03-30 05:22:42.402628+00	\N	4	\N	\N	\N
206	10	10	james.ndungu@gmail.com	1	{"last_login": ["2024-03-30 05:22:42.399439", "2024-03-30 05:32:36.732111"]}	2024-03-30 05:32:36.734681+00	\N	4	\N	\N	\N
339	35	35	LS-TP-35	1	{"consent_share_gov_patner": ["True", "1"], "consent_limited_disclosure": ["True", "1"], "consent_research": ["True", "1"], "consent_abstain_answer": ["True", "1"]}	2024-04-08 16:15:26.492594+00	\N	24	\N	\N	\N
164	38	38	SuspectedTrafficker object (38)	0	{"id": ["None", "38"], "victim": ["None", "UG-IV-179"], "prosecutions": ["None", "case_interview_app.Prosecution.None"], "first_name": ["None", "ZZ"], "dob": ["None", "1970-03-01"], "last_name": ["None", "AA"], "gender": ["None", "Female"], "age": ["None", "54"], "race": ["None", "White"], "country_of_birth": ["None", "Angola"], "citizenship": ["None", "Angola"], "nationality": ["None", "Angola"], "id_number": ["None", "000000"], "id_type": ["None", "ID Document"], "last_residence": ["None", "UNKNOWN"], "address": ["None", "UNKNOWN"], "date_of_arrest": ["None", "2020-03-29"], "traffick_from_country": ["None", "Djibouti"], "traffick_from_place": ["None", "UNKNOWN"], "traffick_to_country": ["None", "Zimbabwe"], "traffick_to_place": ["None", "UNKNOWN"], "interviewer": ["None", "Interviewer object (15)"], "approval": ["None", "Pending"], "created_at": ["None", "2024-03-29 01:20:43.903478"], "updated_at": ["None", "2024-03-29 01:20:43.903500"]}	2024-03-29 01:20:43.93975+00	10	26	41.80.113.243	\N	\N
165	lcogol0h9ru9ckl7buap6qsmmtgvoxwa	\N	lcogol0h9ru9ckl7buap6qsmmtgvoxwa	1	{"expire_date": ["2024-04-12 01:16:50.809588", "2024-04-12 01:20:57.774661"], "session_data": [".eJxVj02SgyAQhe_CesoSiRhdzn7OQDV0o2QoTAmaqaS8e9BxEXf9-nuvf17s4Z4wofJj74JaHD1Y92Ix0Z11Yfb-a68VQoIM1kNa5yn-a_pLE3zwBbzLilCdgpkomNOg5kiTcsg6xkt2amowvxQ2gjcI_ViYMaTJ6WKzFAeNxc-I5L8P72nAAHHIaaPhYqm0XIIQWAnZGIBS6itvQQPWXNZksJa25mhEY6W07ZUuQrYV2arZhubNkUJSvVsosI7nt_abedOubwI5aQQ:1rq0rS:Uq0ondaRf6IlwOarI8_mpubMOUXAPo-Zcst7bpLfbys", ".eJxVjEEOgjAQRe_StSGUQhGW7j1DM-1MpdoUQwsYiXcXlYXs5v33_yxsdk8YUPn-4oKaHM2sXVhMdGdtGL0_fG-FkGAVrw2t8xR_TI80wJ-fwLuVCNVuuBoFY-rUGGlQDlnLeM52oQZzo_AxeIVw6TPThzQ4nX0q2WZjdu6R_Gnr7h50ELt1bTSUlnLLJQiBhZC1AcilPvIGNGDFZUUGK2krjkbUVkrbHKkUsinIFjWy1xuYGF_K:1rq0vR:1RHLjD25MOCNdlM_qeT4MY_RWXfjeft2PmCe3ue2JzY"]}	2024-03-29 01:20:57.776288+00	\N	6	\N	\N	\N
166	lcogol0h9ru9ckl7buap6qsmmtgvoxwa	\N	lcogol0h9ru9ckl7buap6qsmmtgvoxwa	1	{"expire_date": ["2024-04-12 01:20:57.774661", "2024-04-12 01:21:08.407982"], "session_data": [".eJxVjEEOgjAQRe_StSGUQhGW7j1DM-1MpdoUQwsYiXcXlYXs5v33_yxsdk8YUPn-4oKaHM2sXVhMdGdtGL0_fG-FkGAVrw2t8xR_TI80wJ-fwLuVCNVuuBoFY-rUGGlQDlnLeM52oQZzo_AxeIVw6TPThzQ4nX0q2WZjdu6R_Gnr7h50ELt1bTSUlnLLJQiBhZC1AcilPvIGNGDFZUUGK2krjkbUVkrbHKkUsinIFjWy1xuYGF_K:1rq0vR:1RHLjD25MOCNdlM_qeT4MY_RWXfjeft2PmCe3ue2JzY", ".eJxVjctyhCAQRf-FdcoSUXwss59voBq6URIKpwSdVKb898GJi7jr2-c-nuzhfmFB5efRBbU5erDhyWKiOxvC6v3H-1YICTLYT2mdp_in6Sct8I9v4F1WhOoSzETBmia1RlqUQzYwXrLLU4P5pnAQ_IIwzoWZQ1qcLg5LcdJY3GYk_3l6LwUTxCmnjYbaUmm5BCGwErI1AKXUHe9BAzZcNmSwkbbhaERrpbR9R7WQfUW2ao_SvBwpJDW6jQIb-P4CjwpmFw:1rq0vc:uYb-QZ72d0LbguydfilLdzQZx-b2ueo7sHKtj3QaWbU"]}	2024-03-29 01:21:08.410055+00	\N	6	\N	\N	\N
167	180	180	None	0	{"consent_abstain_answer": ["None", "1"], "approval": ["None", "Pending"], "created_at": ["None", "2024-03-29 01:43:44.546075"], "updated_at": ["None", "2024-03-29 01:43:44.546093"], "destinations": ["None", "case_interview_app.TransitRouteDestination.None"], "victim_permission": ["None", "case_interview_app.VictimPermissions.None"], "investigations": ["None", "case_interview_app.ArrestInvestigation.None"], "prosecutions": ["None", "case_interview_app.Prosecution.None"], "id": ["None", "180"], "traffickers": ["None", "case_interview_app.SuspectedTrafficker.None"], "socio_economic": ["None", "case_interview_app.SocioEconomic.None"], "assistance": ["None", "case_interview_app.Assistance.None"], "exploitation": ["None", "case_interview_app.Exploitation.None"], "citizenship": ["None", "Djibouti"], "countryOfBirth": ["None", "Djibouti"], "gender": ["None", "Male"], "race": ["None", "White"], "place_of_birth": ["None", "UNKNOWN"], "last_place_of_residence": ["None", "Djibouti"], "identification_number": ["None", "000000"], "initials": ["None", "QQ"], "age": ["None", "45"], "address": ["None", "UNKNOWN"], "email_address": ["None", ""], "interview_country": ["None", "Zimbabwe"], "interview_location": ["None", "FIELD"], "interview_date": ["None", "2024-03-29"], "additional_remarks": ["None", "NONE"], "consent_share_gov_patner": ["None", "1"], "consent_limited_disclosure": ["None", "1"], "consent_research": ["None", "1"]}	2024-03-29 01:43:44.562198+00	10	24	41.80.113.243	\N	\N
168	180	180	DJ-IV-180	1	{"consent_abstain_answer": ["True", "1"], "victim_identifier": ["None", "DJ-IV-180"], "consent_share_gov_patner": ["True", "1"], "consent_limited_disclosure": ["True", "1"], "consent_research": ["True", "1"]}	2024-03-29 01:43:44.579474+00	10	24	41.80.113.243	\N	\N
169	lcogol0h9ru9ckl7buap6qsmmtgvoxwa	\N	lcogol0h9ru9ckl7buap6qsmmtgvoxwa	1	{"expire_date": ["2024-04-12 01:21:08.407982", "2024-04-12 01:43:44.601463"], "session_data": [".eJxVjctyhCAQRf-FdcoSUXwss59voBq6URIKpwSdVKb898GJi7jr2-c-nuzhfmFB5efRBbU5erDhyWKiOxvC6v3H-1YICTLYT2mdp_in6Sct8I9v4F1WhOoSzETBmia1RlqUQzYwXrLLU4P5pnAQ_IIwzoWZQ1qcLg5LcdJY3GYk_3l6LwUTxCmnjYbaUmm5BCGwErI1AKXUHe9BAzZcNmSwkbbhaERrpbR9R7WQfUW2ao_SvBwpJDW6jQIb-P4CjwpmFw:1rq0vc:uYb-QZ72d0LbguydfilLdzQZx-b2ueo7sHKtj3QaWbU", ".eJxVj8uSgyAQRf-FdcoSifhYZj_fQDV0o0woTAmaqaTy78HExbjr2-fefjzZ3T1gRuWnwQW1Orqz_sliohvrw-L96VMrhAQZvHZpnaf41fSXZvjHV_AuK0J1CGaiYEmjWiLNyiHrGS_ZoanBXClsBH8hDFNhppBmp4vNUuw0Fj8Tkr_s3sOAEeKY00bD2VJpuQQhsBKyMQCl1C3vQAPWXNZksJa25mhEY6W0XUtnIbuKbNVsQ_PmSCGpwa0UWM_zW5-beVu-3gIqaPw:1rq1HU:ULfH__tmSEvXI0DLABo_0gH11hIYp2tETbsy7IbF2bo"]}	2024-03-29 01:43:44.603163+00	\N	6	\N	\N	\N
170	lcogol0h9ru9ckl7buap6qsmmtgvoxwa	\N	lcogol0h9ru9ckl7buap6qsmmtgvoxwa	1	{"expire_date": ["2024-04-12 01:43:44.601463", "2024-04-12 01:56:22.096649"], "session_data": [".eJxVj8uSgyAQRf-FdcoSifhYZj_fQDV0o0woTAmaqaTy78HExbjr2-fefjzZ3T1gRuWnwQW1Orqz_sliohvrw-L96VMrhAQZvHZpnaf41fSXZvjHV_AuK0J1CGaiYEmjWiLNyiHrGS_ZoanBXClsBH8hDFNhppBmp4vNUuw0Fj8Tkr_s3sOAEeKY00bD2VJpuQQhsBKyMQCl1C3vQAPWXNZksJa25mhEY6W0XUtnIbuKbNVsQ_PmSCGpwa0UWM_zW5-beVu-3gIqaPw:1rq1HU:ULfH__tmSEvXI0DLABo_0gH11hIYp2tETbsy7IbF2bo", ".eJxVjEEOgjAQRe_StSGUQhGW7j1DM-1MpdoUQwsYiXcXlYXs5v33_yxsdk8YUPn-4oKaHM2sXVhMdGdtGL0_fG-FkGAVrw2t8xR_TI80wJ-fwLuVCNVuuBoFY-rUGGlQDlnLeM52oQZzo_AxeIVw6TPThzQ4nX0q2WZjdu6R_Gnr7h50ELt1bTSUlnLLJQiBhZC1AcilPvIGNGDFZUUGK2krjkbUVkrbHKkUsinIFjWy1xuYGF_K:1rq1Ti:ZUhFL6cilpK4p3_ZNIkf-hONWAWhTgfSEk6wo1XX3jY"]}	2024-03-29 01:56:22.098462+00	\N	6	\N	\N	\N
171	181	181	None	0	{"consent_abstain_answer": ["None", "1"], "approval": ["None", "Pending"], "created_at": ["None", "2024-03-29 02:02:51.583045"], "updated_at": ["None", "2024-03-29 02:02:51.583067"], "destinations": ["None", "case_interview_app.TransitRouteDestination.None"], "victim_permission": ["None", "case_interview_app.VictimPermissions.None"], "investigations": ["None", "case_interview_app.ArrestInvestigation.None"], "prosecutions": ["None", "case_interview_app.Prosecution.None"], "id": ["None", "181"], "traffickers": ["None", "case_interview_app.SuspectedTrafficker.None"], "socio_economic": ["None", "case_interview_app.SocioEconomic.None"], "assistance": ["None", "case_interview_app.Assistance.None"], "exploitation": ["None", "case_interview_app.Exploitation.None"], "citizenship": ["None", "Comoros"], "countryOfBirth": ["None", "Comoros"], "gender": ["None", "Male"], "race": ["None", "White"], "place_of_birth": ["None", "UNKNOWN "], "last_place_of_residence": ["None", "Comoros"], "identification_number": ["None", "99999"], "initials": ["None", "JN"], "age": ["None", "56"], "address": ["None", "UNKNOWN "], "email_address": ["None", "c@123.com"], "interview_country": ["None", "Comoros"], "interview_location": ["None", "UNKNOWN"], "interview_date": ["None", "2024-03-28"], "additional_remarks": ["None", ""], "consent_share_gov_patner": ["None", "1"], "consent_limited_disclosure": ["None", "1"], "consent_research": ["None", "1"]}	2024-03-29 02:02:51.599081+00	\N	24	\N	\N	\N
172	181	181	KM-IV-181	1	{"consent_abstain_answer": ["True", "1"], "victim_identifier": ["None", "KM-IV-181"], "consent_share_gov_patner": ["True", "1"], "consent_limited_disclosure": ["True", "1"], "consent_research": ["True", "1"]}	2024-03-29 02:02:51.61633+00	\N	24	\N	\N	\N
173	39	39	SuspectedTrafficker object (39)	0	{"id": ["None", "39"], "victim": ["None", "KM-IV-181"], "prosecutions": ["None", "case_interview_app.Prosecution.None"], "first_name": ["None", "SspctFN1"], "dob": ["None", "1999-03-29"], "last_name": ["None", "SspctLN1"], "gender": ["None", "Male"], "age": ["None", "25"], "race": ["None", "Other"], "country_of_birth": ["None", "Comoros"], "citizenship": ["None", "Angola"], "nationality": ["None", "Angola"], "id_number": ["None", "909099"], "id_type": ["None", "Driver's license"], "last_residence": ["None", "UNKNOWN"], "address": ["None", "UNKNOWN"], "date_of_arrest": ["None", "2023-03-29"], "traffick_from_country": ["None", "Angola"], "traffick_from_place": ["None", "UNKNOWN"], "traffick_to_country": ["None", "Comoros"], "traffick_to_place": ["None", "UNKNOWN"], "interviewer": ["None", "Interviewer object (15)"], "approval": ["None", "Pending"], "created_at": ["None", "2024-03-29 02:07:47.314004"], "updated_at": ["None", "2024-03-29 02:07:47.314023"]}	2024-03-29 02:07:47.335782+00	\N	26	\N	\N	\N
174	25	25	ArrestInvestigation object (25)	0	{"investigation_done": ["None", "True"], "created_at": ["None", "2024-03-29 02:08:35.275506"], "updated_at": ["None", "2024-03-29 02:08:35.275533"], "victim": ["None", "KM-IV-181"], "org_crime": ["None", "True"], "suspects_arrested": ["None", "False"], "why_no_arrest": ["None", "UNKNOWN"], "victim_smuggled": ["None", "True"], "id": ["None", "25"], "why_no_investigation": ["None", ""], "investigation_status": ["None", "Completed"], "why_pending": ["None", ""], "withdrawn_closed_reason": ["None", ""], "interviewer": ["None", "Interviewer object (15)"], "approval": ["None", "Pending"]}	2024-03-29 02:08:35.294261+00	\N	28	\N	\N	\N
175	2	2	SomCase object (2)	0	{"id": ["None", "2"], "date_of_arrest": ["None", "1999-03-03"], "traffick_from_country": ["None", "Angola"], "traffick_from_place": ["None", "UNKNOWN"], "traffick_to_country": ["None", "Angola"], "traffick_to_place": ["None", "UNKNOWN"], "approval": ["None", "Pending"], "created_at": ["None", "2024-03-29 02:20:19.455298"], "updated_at": ["None", "2024-03-29 02:20:19.455338"], "som_victimprofile": ["None", "case_interview_app.SomVictimProfile.None"]}	2024-03-29 02:20:19.482156+00	\N	73	\N	\N	\N
176	1	1	SomArrestInvestigation object (1)	0	{"org_crime": ["None", "True"], "suspects_arrested": ["None", "True"], "why_no_arrest": ["None", ""], "victim_smuggled": ["None", "True"], "investigation_done": ["None", "True"], "why_no_investigation": ["None", ""], "investigation_status": ["None", "Pending"], "why_pending": ["None", ""], "withdrawn_closed_reason": ["None", ""], "interviewer": ["None", "Interviewer object (15)"], "id": ["None", "1"], "approval": ["None", "Pending"], "created_at": ["None", "2024-03-29 02:20:46.587981"], "updated_at": ["None", "2024-03-29 02:20:46.588004"]}	2024-03-29 02:20:46.60312+00	\N	78	\N	\N	\N
177	2	2	SomArrestInvestigation object (2)	0	{"org_crime": ["None", ""], "suspects_arrested": ["None", ""], "why_no_arrest": ["None", ""], "victim_smuggled": ["None", ""], "investigation_done": ["None", ""], "why_no_investigation": ["None", ""], "why_pending": ["None", ""], "withdrawn_closed_reason": ["None", ""], "interviewer": ["None", "Interviewer object (15)"], "id": ["None", "2"], "approval": ["None", "Pending"], "created_at": ["None", "2024-03-29 02:23:50.770618"], "updated_at": ["None", "2024-03-29 02:23:50.770638"]}	2024-03-29 02:23:50.780189+00	\N	78	\N	\N	\N
178	lcogol0h9ru9ckl7buap6qsmmtgvoxwa	\N	lcogol0h9ru9ckl7buap6qsmmtgvoxwa	1	{"expire_date": ["2024-04-12 01:56:22.096649", "2024-04-12 02:49:45.620487"], "session_data": [".eJxVjEEOgjAQRe_StSGUQhGW7j1DM-1MpdoUQwsYiXcXlYXs5v33_yxsdk8YUPn-4oKaHM2sXVhMdGdtGL0_fG-FkGAVrw2t8xR_TI80wJ-fwLuVCNVuuBoFY-rUGGlQDlnLeM52oQZzo_AxeIVw6TPThzQ4nX0q2WZjdu6R_Gnr7h50ELt1bTSUlnLLJQiBhZC1AcilPvIGNGDFZUUGK2krjkbUVkrbHKkUsinIFjWy1xuYGF_K:1rq1Ti:ZUhFL6cilpK4p3_ZNIkf-hONWAWhTgfSEk6wo1XX3jY", ".eJxVjctyhCAQRf-FdcoSUXwss59voBq6URIKpwSdVKb898GJi7jr2-c-nuzhfmFB5efRBbU5erDhyWKiOxvC6v3H-1YICTLYT2mdp_in6Sct8I9v4F1WhOoSzETBmia1RlqUQzYwXrLLU4P5pnAQ_IIwzoWZQ1qcLg5LcdJY3GYk_3l6LwUTxCmnjYbaUmm5BCGwErI1AKXUHe9BAzZcNmSwkbbhaERrpbR9R7WQfUW2ao_SvBwpJDW6jQIb-P4CjwpmFw:1rq2JN:Jhk_L75yGekihb0bgTdNuMRuxYsV402585RO1imn0wc"]}	2024-03-29 02:49:45.623572+00	\N	6	\N	\N	\N
179	lcogol0h9ru9ckl7buap6qsmmtgvoxwa	\N	lcogol0h9ru9ckl7buap6qsmmtgvoxwa	1	{"expire_date": ["2024-04-12 02:49:45.620487", "2024-04-12 09:34:47.174720"], "session_data": [".eJxVjctyhCAQRf-FdcoSUXwss59voBq6URIKpwSdVKb898GJi7jr2-c-nuzhfmFB5efRBbU5erDhyWKiOxvC6v3H-1YICTLYT2mdp_in6Sct8I9v4F1WhOoSzETBmia1RlqUQzYwXrLLU4P5pnAQ_IIwzoWZQ1qcLg5LcdJY3GYk_3l6LwUTxCmnjYbaUmm5BCGwErI1AKXUHe9BAzZcNmSwkbbhaERrpbR9R7WQfUW2ao_SvBwpJDW6jQIb-P4CjwpmFw:1rq2JN:Jhk_L75yGekihb0bgTdNuMRuxYsV402585RO1imn0wc", ".eJxVjEEOgjAQRe_StSGUQhGW7j1DM-1MpdoUQwsYiXcXlYXs5v33_yxsdk8YUPn-4oKaHM2sXVhMdGdtGL0_fG-FkGAVrw2t8xR_TI80wJ-fwLuVCNVuuBoFY-rUGGlQDlnLeM52oQZzo_AxeIVw6TPThzQ4nX0q2WZjdu6R_Gnr7h50ELt1bTSUlnLLJQiBhZC1AcilPvIGNGDFZUUGK2krjkbUVkrbHKkUsinIFjWy1xuYGF_K:1rq8dL:-4eXnMBR6KaMpZK-y-PInKAsKnRqh3qed5c92I4a93Q"]}	2024-03-29 09:34:47.179044+00	\N	6	\N	\N	\N
180	lcogol0h9ru9ckl7buap6qsmmtgvoxwa	\N	lcogol0h9ru9ckl7buap6qsmmtgvoxwa	1	{"expire_date": ["2024-04-12 09:34:47.174720", "2024-04-12 09:35:06.587014"], "session_data": [".eJxVjEEOgjAQRe_StSGUQhGW7j1DM-1MpdoUQwsYiXcXlYXs5v33_yxsdk8YUPn-4oKaHM2sXVhMdGdtGL0_fG-FkGAVrw2t8xR_TI80wJ-fwLuVCNVuuBoFY-rUGGlQDlnLeM52oQZzo_AxeIVw6TPThzQ4nX0q2WZjdu6R_Gnr7h50ELt1bTSUlnLLJQiBhZC1AcilPvIGNGDFZUUGK2krjkbUVkrbHKkUsinIFjWy1xuYGF_K:1rq8dL:-4eXnMBR6KaMpZK-y-PInKAsKnRqh3qed5c92I4a93Q", ".eJxVjctyhCAQRf-FdcoSUXwss59voBq6URIKpwSdVKb898GJi7jr2-c-nuzhfmFB5efRBbU5erDhyWKiOxvC6v3H-1YICTLYT2mdp_in6Sct8I9v4F1WhOoSzETBmia1RlqUQzYwXrLLU4P5pnAQ_IIwzoWZQ1qcLg5LcdJY3GYk_3l6LwUTxCmnjYbaUmm5BCGwErI1AKXUHe9BAzZcNmSwkbbhaERrpbR9R7WQfUW2ao_SvBwpJDW6jQIb-P4CjwpmFw:1rq8de:LSb2WUOZgNi_q6NbvcEPFZT1dAukD-O78nlnNJZGRcA"]}	2024-03-29 09:35:06.589196+00	\N	6	\N	\N	\N
181	lcogol0h9ru9ckl7buap6qsmmtgvoxwa	\N	lcogol0h9ru9ckl7buap6qsmmtgvoxwa	1	{"expire_date": ["2024-04-12 09:35:06.587014", "2024-04-12 09:35:26.015777"], "session_data": [".eJxVjctyhCAQRf-FdcoSUXwss59voBq6URIKpwSdVKb898GJi7jr2-c-nuzhfmFB5efRBbU5erDhyWKiOxvC6v3H-1YICTLYT2mdp_in6Sct8I9v4F1WhOoSzETBmia1RlqUQzYwXrLLU4P5pnAQ_IIwzoWZQ1qcLg5LcdJY3GYk_3l6LwUTxCmnjYbaUmm5BCGwErI1AKXUHe9BAzZcNmSwkbbhaERrpbR9R7WQfUW2ao_SvBwpJDW6jQIb-P4CjwpmFw:1rq8de:LSb2WUOZgNi_q6NbvcEPFZT1dAukD-O78nlnNJZGRcA", ".eJxVjEEOgjAQRe_StSGUQhGW7j1DM-1MpdoUQwsYiXcXlYXs5v33_yxsdk8YUPn-4oKaHM2sXVhMdGdtGL0_fG-FkGAVrw2t8xR_TI80wJ-fwLuVCNVuuBoFY-rUGGlQDlnLeM52oQZzo_AxeIVw6TPThzQ4nX0q2WZjdu6R_Gnr7h50ELt1bTSUlnLLJQiBhZC1AcilPvIGNGDFZUUGK2krjkbUVkrbHKkUsinIFjWy1xuYGF_K:1rq8dy:w9j3BQgEuSF50hlQEVLJKER87SdtFA3J5x4ykJR4Cko"]}	2024-03-29 09:35:26.017487+00	\N	6	\N	\N	\N
182	lcogol0h9ru9ckl7buap6qsmmtgvoxwa	\N	lcogol0h9ru9ckl7buap6qsmmtgvoxwa	1	{"expire_date": ["2024-04-12 09:35:26.015777", "2024-04-12 09:35:36.538908"], "session_data": [".eJxVjEEOgjAQRe_StSGUQhGW7j1DM-1MpdoUQwsYiXcXlYXs5v33_yxsdk8YUPn-4oKaHM2sXVhMdGdtGL0_fG-FkGAVrw2t8xR_TI80wJ-fwLuVCNVuuBoFY-rUGGlQDlnLeM52oQZzo_AxeIVw6TPThzQ4nX0q2WZjdu6R_Gnr7h50ELt1bTSUlnLLJQiBhZC1AcilPvIGNGDFZUUGK2krjkbUVkrbHKkUsinIFjWy1xuYGF_K:1rq8dy:w9j3BQgEuSF50hlQEVLJKER87SdtFA3J5x4ykJR4Cko", ".eJxVjctyhCAQRf-FdcoSUXwss59voBq6URIKpwSdVKb898GJi7jr2-c-nuzhfmFB5efRBbU5erDhyWKiOxvC6v3H-1YICTLYT2mdp_in6Sct8I9v4F1WhOoSzETBmia1RlqUQzYwXrLLU4P5pnAQ_IIwzoWZQ1qcLg5LcdJY3GYk_3l6LwUTxCmnjYbaUmm5BCGwErI1AKXUHe9BAzZcNmSwkbbhaERrpbR9R7WQfUW2ao_SvBwpJDW6jQIb-P4CjwpmFw:1rq8e8:1cns6eByItbkU7rrkoSPuY7bcfG_ygwGAlDOIcRwEKU"]}	2024-03-29 09:35:36.54085+00	\N	6	\N	\N	\N
340	124	124	Exploitation object (124)	1	{"exploitation_age": ["Above 18", "None"], "freed_method": ["Law enforcement Intervention", "None"], "e_recruitment_type": ["Newspaper advertisement", "None"], "e_recruiter_relationship": ["Acquaintance", "None"]}	2024-04-10 11:12:19.596838+00	\N	37	\N	\N	\N
183	182	182	None	0	{"consent_abstain_answer": ["None", "1"], "approval": ["None", "Pending"], "created_at": ["None", "2024-03-29 09:36:49.975462"], "updated_at": ["None", "2024-03-29 09:36:49.975486"], "destinations": ["None", "case_interview_app.TransitRouteDestination.None"], "victim_permission": ["None", "case_interview_app.VictimPermissions.None"], "investigations": ["None", "case_interview_app.ArrestInvestigation.None"], "prosecutions": ["None", "case_interview_app.Prosecution.None"], "id": ["None", "182"], "traffickers": ["None", "case_interview_app.SuspectedTrafficker.None"], "socio_economic": ["None", "case_interview_app.SocioEconomic.None"], "assistance": ["None", "case_interview_app.Assistance.None"], "exploitation": ["None", "case_interview_app.Exploitation.None"], "citizenship": ["None", "Kingdom of Eswatini"], "countryOfBirth": ["None", "Botswana"], "gender": ["None", "Male"], "race": ["None", "White"], "place_of_birth": ["None", "UNKNOWN"], "last_place_of_residence": ["None", "Botswana"], "identification_number": ["None", "0909090"], "initials": ["None", "A1A"], "age": ["None", "62"], "address": ["None", "UNKNOWN"], "email_address": ["None", ""], "interview_country": ["None", "Botswana"], "interview_location": ["None", "UNKNOWN"], "interview_date": ["None", "2024-03-29"], "additional_remarks": ["None", ""], "consent_share_gov_patner": ["None", "1"], "consent_limited_disclosure": ["None", "1"], "consent_research": ["None", "1"]}	2024-03-29 09:36:50.005357+00	10	24	41.80.113.243	\N	\N
184	182	182	SZ-IV-182	1	{"consent_abstain_answer": ["True", "1"], "victim_identifier": ["None", "SZ-IV-182"], "consent_share_gov_patner": ["True", "1"], "consent_limited_disclosure": ["True", "1"], "consent_research": ["True", "1"]}	2024-03-29 09:36:50.033234+00	10	24	41.80.113.243	\N	\N
185	lcogol0h9ru9ckl7buap6qsmmtgvoxwa	\N	lcogol0h9ru9ckl7buap6qsmmtgvoxwa	1	{"expire_date": ["2024-04-12 09:35:36.538908", "2024-04-12 09:36:50.069983"], "session_data": [".eJxVjctyhCAQRf-FdcoSUXwss59voBq6URIKpwSdVKb898GJi7jr2-c-nuzhfmFB5efRBbU5erDhyWKiOxvC6v3H-1YICTLYT2mdp_in6Sct8I9v4F1WhOoSzETBmia1RlqUQzYwXrLLU4P5pnAQ_IIwzoWZQ1qcLg5LcdJY3GYk_3l6LwUTxCmnjYbaUmm5BCGwErI1AKXUHe9BAzZcNmSwkbbhaERrpbR9R7WQfUW2ao_SvBwpJDW6jQIb-P4CjwpmFw:1rq8e8:1cns6eByItbkU7rrkoSPuY7bcfG_ygwGAlDOIcRwEKU", ".eJxVj8uSgyAQRf-FdcoSifhYZj_fQDV0o0woTAmaqaTy78HExbjr2-fefjzZ3T1gRuWnwQW1Orqz_sliohvrw-L96VMrhAQZvHZpnaf41fSXZvjHV_AuK0J1CGaiYEmjWiLNyiHrGS_ZoanBXClsBH8hDFNhppBmp4vNUuw0Fj8Tkr_s3sOAEeKY00bD2VJpuQQhsBKyMQCl1C3vQAPWXNZksJa25mhEY6W0XUtnIbuKbNVsQ_PmSCGpwa0UWM_zW5-beVu93gIuaP4:1rq8fK:IvgZaIZ9_uvqkxtT6KYmtlqQslPeJaz_nEK1nvm72-k"]}	2024-03-29 09:36:50.072848+00	\N	6	\N	\N	\N
186	26	26	ArrestInvestigation object (26)	0	{"investigation_done": ["None", "1"], "created_at": ["None", "2024-03-29 09:37:03.998407"], "updated_at": ["None", "2024-03-29 09:37:03.998436"], "victim": ["None", "SZ-IV-182"], "org_crime": ["None", "1"], "suspects_arrested": ["None", "1"], "why_no_arrest": ["None", ""], "victim_smuggled": ["None", "1"], "id": ["None", "26"], "why_no_investigation": ["None", ""], "investigation_status": ["None", "Case file closed"], "why_pending": ["None", ""], "withdrawn_closed_reason": ["None", ""], "interviewer": ["None", "Interviewer object (15)"], "approval": ["None", "Pending"]}	2024-03-29 09:37:04.020875+00	10	28	41.80.113.243	\N	\N
187	49	49	SuspectedTrafficker object (49)	0	{"id": ["None", "49"], "victim": ["None", "SZ-IV-182"], "prosecutions": ["None", "case_interview_app.Prosecution.None"], "first_name": ["None", "B1"], "dob": ["None", "2000-03-01"], "last_name": ["None", "B2"], "gender": ["None", "Female"], "age": ["None", "24"], "race": ["None", "Asian"], "country_of_birth": ["None", "Botswana"], "citizenship": ["None", "Botswana"], "nationality": ["None", "Angola"], "id_number": ["None", "0909090"], "id_type": ["None", "ID Document"], "last_residence": ["None", "UNKNOWN"], "address": ["None", "UNKNOWN"], "date_of_arrest": ["None", "2000-03-29"], "traffick_from_country": ["None", "Djibouti"], "traffick_from_place": ["None", "UNKNOWN"], "traffick_to_country": ["None", "Zimbabwe"], "traffick_to_place": ["None", "UNKNOWN"], "interviewer": ["None", "Interviewer object (15)"], "approval": ["None", "Pending"], "created_at": ["None", "2024-03-29 09:38:34.464721"], "updated_at": ["None", "2024-03-29 09:38:34.464741"]}	2024-03-29 09:38:34.488324+00	10	26	41.80.113.243	\N	\N
188	50	50	SuspectedTrafficker object (50)	0	{"id": ["None", "50"], "victim": ["None", "SZ-IV-182"], "prosecutions": ["None", "case_interview_app.Prosecution.None"], "first_name": ["None", "C2"], "dob": ["None", "2001-03-29"], "last_name": ["None", "C2"], "gender": ["None", "Male"], "age": ["None", "23"], "race": ["None", "White"], "country_of_birth": ["None", "Djibouti"], "citizenship": ["None", "Comoros"], "nationality": ["None", "Comoros"], "id_number": ["None", "090909"], "id_type": ["None", "Birth certificate"], "last_residence": ["None", "UNKNOWN"], "address": ["None", "UNKNOWN"], "date_of_arrest": ["None", "2000-03-29"], "traffick_from_country": ["None", "Djibouti"], "traffick_from_place": ["None", "UNKNOWN"], "traffick_to_country": ["None", "Zimbabwe"], "traffick_to_place": ["None", "UNKNOWN"], "interviewer": ["None", "Interviewer object (15)"], "approval": ["None", "Pending"], "created_at": ["None", "2024-03-29 09:48:28.704541"], "updated_at": ["None", "2024-03-29 09:48:28.704566"]}	2024-03-29 09:48:28.735648+00	10	26	41.80.113.243	\N	\N
189	lcogol0h9ru9ckl7buap6qsmmtgvoxwa	\N	lcogol0h9ru9ckl7buap6qsmmtgvoxwa	1	{"expire_date": ["2024-04-12 09:36:50.069983", "2024-04-12 09:48:45.358869"], "session_data": [".eJxVj8uSgyAQRf-FdcoSifhYZj_fQDV0o0woTAmaqaTy78HExbjr2-fefjzZ3T1gRuWnwQW1Orqz_sliohvrw-L96VMrhAQZvHZpnaf41fSXZvjHV_AuK0J1CGaiYEmjWiLNyiHrGS_ZoanBXClsBH8hDFNhppBmp4vNUuw0Fj8Tkr_s3sOAEeKY00bD2VJpuQQhsBKyMQCl1C3vQAPWXNZksJa25mhEY6W0XUtnIbuKbNVsQ_PmSCGpwa0UWM_zW5-beVu93gIuaP4:1rq8fK:IvgZaIZ9_uvqkxtT6KYmtlqQslPeJaz_nEK1nvm72-k", ".eJxVjEEOgjAQRe_StSGUQhGW7j1DM-1MpdoUQwsYiXcXlYXs5v33_yxsdk8YUPn-4oKaHM2sXVhMdGdtGL0_fG-FkGAVrw2t8xR_TI80wJ-fwLuVCNVuuBoFY-rUGGlQDlnLeM52oQZzo_AxeIVw6TPThzQ4nX0q2WZjdu6R_Gnr7h50ELt1bTSUlnLLJQiBhZC1AcilPvIGNGDFZUUGK2krjkbUVkrbHKkUsinIFjWy1xuYGF_K:1rq8qr:YzltqtiuTP4MA14F9vKMUFUcrt9tWpj_v8r3S3Y3-yA"]}	2024-03-29 09:48:45.360998+00	\N	6	\N	\N	\N
190	sbzbnldnpnmhxtpx4txqtxer4vib05z1	\N	sbzbnldnpnmhxtpx4txqtxer4vib05z1	0	{"expire_date": ["None", "2024-04-13 05:18:22.431219"], "session_key": ["None", "sbzbnldnpnmhxtpx4txqtxer4vib05z1"], "session_data": ["None", ".eJyrVirPrEosSonPyU_PzIsvy0wtV7KqViouSS1QslJKLC3JUNIB8-JTEksSgVK1UG5aZk5qMYSfWlFSlIgkX5aYkwnkpabEo2isrQUAhp8oDA:1rqR6k:CSjy5blZy9hwl9auJbC9mhpyMpXz8KfSMu5jPjVGxN0"]}	2024-03-30 05:18:22.440369+00	\N	6	\N	\N	\N
191	6r4675gu2c90ejzz2jol9qd4s930pej1	\N	6r4675gu2c90ejzz2jol9qd4s930pej1	0	{"expire_date": ["None", "2024-04-13 05:22:22.203631"], "session_key": ["None", "6r4675gu2c90ejzz2jol9qd4s930pej1"], "session_data": ["None", ".eJyrVirPrEosSonPyU_PzIsvy0wtV7KqViouSS1QslJKLC3JUNIB8-JTEksSgVK1UG5aZk5qMYSfWlFSlIgkX5aYkwnkpabEo2isrQUAhp8oDA:1rqRAc:qtLpjj35diRXOBNFuAfOfVTcItj4tFRLkdR_H3WVNic"]}	2024-03-30 05:22:22.21005+00	\N	6	\N	\N	\N
192	e2nisg4rsjt2vvegs0viinjcgurynf1v	\N	e2nisg4rsjt2vvegs0viinjcgurynf1v	0	{"expire_date": ["None", "2024-04-13 05:22:42.381270"], "session_key": ["None", "e2nisg4rsjt2vvegs0viinjcgurynf1v"], "session_data": ["None", ".eJxNzc0OgjAMB_B32ZkszgMkO3r3GZbCKlbnRkYBI9m7O3BGb_33149VLPSCaI0LPXkzEy5Cr2JkHIT2k3PVXhsLDBvAxNcPpCIXcjj-aE0Z8MkRvjs5z-AoJ7Tm_1iGacRohrvQQh1EiS10d_Q29-wNfB9kFzxHauX2QBYd5TlYdKcyW-3f0TN1wBS8YXqg0KpRqmlqVR9TegPg9lNB:1rqRAw:JoJkYZt4NoeNyx5udEGsZSN_Mnz8dySmOniSccI8gkk"]}	2024-03-30 05:22:42.38558+00	\N	6	\N	\N	\N
356	35	35	LS-TP-35	1	{"consent_share_gov_patner": ["True", "1"], "consent_limited_disclosure": ["True", "1"], "consent_research": ["True", "1"], "consent_abstain_answer": ["True", "1"]}	2024-04-10 14:49:01.354894+00	\N	24	\N	\N	\N
195	e2nisg4rsjt2vvegs0viinjcgurynf1v	\N	e2nisg4rsjt2vvegs0viinjcgurynf1v	1	{"expire_date": ["2024-04-13 05:22:42.381270", "2024-04-13 05:22:42.408813"], "session_data": [".eJxNzc0OgjAMB_B32ZkszgMkO3r3GZbCKlbnRkYBI9m7O3BGb_33149VLPSCaI0LPXkzEy5Cr2JkHIT2k3PVXhsLDBvAxNcPpCIXcjj-aE0Z8MkRvjs5z-AoJ7Tm_1iGacRohrvQQh1EiS10d_Q29-wNfB9kFzxHauX2QBYd5TlYdKcyW-3f0TN1wBS8YXqg0KpRqmlqVR9TegPg9lNB:1rqRAw:JoJkYZt4NoeNyx5udEGsZSN_Mnz8dySmOniSccI8gkk", ".eJxVjEEOgjAQRe_StSGUQhGW7j1DM-1MpdoUQwsYiXcXlYXs5v33_yxsdk8YUPn-4oKaHM2sXVhMdGdtGL0_fG-FkGAVrw2t8xR_TI80wJ-fwLuVCNVuuBoFY-rUGGlQDlnLeM52oQZzo_AxeIVw6TPThzQ4nX0q2WZjdu6R_Gnr7h50ELt1bTSUlnLLJQiBhZC1AcilPvIGNGDFZUUGK2krjkbUVkrbHKkUsinIFjWy1xuYGF_K:1rqRAw:5nWTw9m36gBuZ7lpS76nQe4raQNua8talyuVuO0Kzkc"]}	2024-03-30 05:22:42.410699+00	\N	6	\N	\N	\N
196	e2nisg4rsjt2vvegs0viinjcgurynf1v	\N	e2nisg4rsjt2vvegs0viinjcgurynf1v	1	{"expire_date": ["2024-04-13 05:22:42.408813", "2024-04-13 05:22:56.714677"], "session_data": [".eJxVjEEOgjAQRe_StSGUQhGW7j1DM-1MpdoUQwsYiXcXlYXs5v33_yxsdk8YUPn-4oKaHM2sXVhMdGdtGL0_fG-FkGAVrw2t8xR_TI80wJ-fwLuVCNVuuBoFY-rUGGlQDlnLeM52oQZzo_AxeIVw6TPThzQ4nX0q2WZjdu6R_Gnr7h50ELt1bTSUlnLLJQiBhZC1AcilPvIGNGDFZUUGK2krjkbUVkrbHKkUsinIFjWy1xuYGF_K:1rqRAw:5nWTw9m36gBuZ7lpS76nQe4raQNua8talyuVuO0Kzkc", ".eJxVjctyhCAQRf-FdcoSUXwss59voBq6URIKpwSdVKb898GJi7jr2-c-nuzhfmFB5efRBbU5erDhyWKiOxvC6v3H-1YICTLYT2mdp_in6Sct8I9v4F1WhOoSzETBmia1RlqUQzYwXrLLU4P5pnAQ_IIwzoWZQ1qcLg5LcdJY3GYk_3l6LwUTxCmnjYbaUmm5BCGwErI1AKXUHe9BAzZcNmSwkbbhaERrpbR9R7WQfUW2ao_SvBwpJDW6jQIb-P4CjwpmFw:1rqRBA:AoLFzSIQZ8HKfNHkBLjpElBPbdMRzPFLFojYhmoZ1iA"]}	2024-03-30 05:22:56.717383+00	\N	6	\N	\N	\N
197	183	183	None	0	{"consent_abstain_answer": ["None", "1"], "approval": ["None", "Pending"], "created_at": ["None", "2024-03-30 05:24:22.659707"], "updated_at": ["None", "2024-03-30 05:24:22.659734"], "socio_economic": ["None", "case_interview_app.SocioEconomic.None"], "traffickers": ["None", "case_interview_app.SuspectedTrafficker.None"], "id": ["None", "183"], "investigations": ["None", "case_interview_app.ArrestInvestigation.None"], "victim_permission": ["None", "case_interview_app.VictimPermissions.None"], "destinations": ["None", "case_interview_app.TransitRouteDestination.None"], "exploitation": ["None", "case_interview_app.Exploitation.None"], "prosecutions": ["None", "case_interview_app.Prosecution.None"], "citizenship": ["None", "Djibouti"], "countryOfBirth": ["None", "Djibouti"], "gender": ["None", "Male"], "assistance": ["None", "case_interview_app.Assistance.None"], "race": ["None", "Black"], "place_of_birth": ["None", "UNKNOWN"], "last_place_of_residence": ["None", "Djibouti"], "identification_number": ["None", "ZZ55ZZ55"], "initials": ["None", "ZZ"], "age": ["None", "55"], "address": ["None", "UNKNOWN"], "email_address": ["None", ""], "interview_country": ["None", "Zimbabwe"], "interview_location": ["None", "FIELD"], "interview_date": ["None", "2024-03-30"], "additional_remarks": ["None", "NONE"], "consent_share_gov_patner": ["None", "1"], "consent_limited_disclosure": ["None", "1"], "consent_research": ["None", "1"]}	2024-03-30 05:24:22.686799+00	10	24	41.80.113.60	\N	\N
198	183	183	DJ-IV-183	1	{"consent_abstain_answer": ["True", "1"], "victim_identifier": ["None", "DJ-IV-183"], "consent_share_gov_patner": ["True", "1"], "consent_limited_disclosure": ["True", "1"], "consent_research": ["True", "1"]}	2024-03-30 05:24:22.706484+00	10	24	41.80.113.60	\N	\N
199	e2nisg4rsjt2vvegs0viinjcgurynf1v	\N	e2nisg4rsjt2vvegs0viinjcgurynf1v	1	{"expire_date": ["2024-04-13 05:22:56.714677", "2024-04-13 05:24:22.737185"], "session_data": [".eJxVjctyhCAQRf-FdcoSUXwss59voBq6URIKpwSdVKb898GJi7jr2-c-nuzhfmFB5efRBbU5erDhyWKiOxvC6v3H-1YICTLYT2mdp_in6Sct8I9v4F1WhOoSzETBmia1RlqUQzYwXrLLU4P5pnAQ_IIwzoWZQ1qcLg5LcdJY3GYk_3l6LwUTxCmnjYbaUmm5BCGwErI1AKXUHe9BAzZcNmSwkbbhaERrpbR9R7WQfUW2ao_SvBwpJDW6jQIb-P4CjwpmFw:1rqRBA:AoLFzSIQZ8HKfNHkBLjpElBPbdMRzPFLFojYhmoZ1iA", ".eJxVj8uSgyAQRf-FdcoSifhYZj_fQDV0o0woTAmaqaTy78HExbjr2-fefjzZ3T1gRuWnwQW1Orqz_sliohvrw-L96VMrhAQZvHZpnaf41fSXZvjHV_AuK0J1CGaiYEmjWiLNyiHrGS_ZoanBXClsBH8hDFNhppBmp4vNUuw0Fj8Tkr_s3sOAEeKY00bD2VJpuQQhsBKyMQCl1C3vQAPWXNZksJa25mhEY6W0XUtnIbuKbNVsQ_PmSCGpwa0UWM_zW5-beStebwIwaP8:1rqRCY:1CNIwaKP9-Yo2MVYhWuFnobTwl4NYDp4jaYyO3HPeys"]}	2024-03-30 05:24:22.739671+00	\N	6	\N	\N	\N
200	27	27	ArrestInvestigation object (27)	0	{"investigation_done": ["None", "1"], "created_at": ["None", "2024-03-30 05:24:47.220719"], "updated_at": ["None", "2024-03-30 05:24:47.220747"], "victim": ["None", "DJ-IV-183"], "org_crime": ["None", "1"], "suspects_arrested": ["None", "1"], "why_no_arrest": ["None", ""], "victim_smuggled": ["None", "1"], "id": ["None", "27"], "why_no_investigation": ["None", ""], "investigation_status": ["None", "Completed"], "why_pending": ["None", ""], "withdrawn_closed_reason": ["None", "UNKNOWN"], "interviewer": ["None", "Interviewer object (15)"], "approval": ["None", "Pending"]}	2024-03-30 05:24:47.242234+00	10	28	41.80.113.60	\N	\N
201	51	51	SuspectedTrafficker object (51)	0	{"id": ["None", "51"], "victim": ["None", "DJ-IV-183"], "first_name": ["None", "SuspectT1 FN"], "last_name": ["None", "SuspectT1 LN"], "dob": ["None", "1999-03-30"], "gender": ["None", "Female"], "race": ["None", "Mixed Race"], "age": ["None", "25"], "country_of_birth": ["None", "Other"], "citizenship": ["None", "Zimbabwe"], "nationality": ["None", "Zimbabwe"], "id_number": ["None", "SUSPECTT1-0101010"], "id_type": ["None", "Birth certificate"], "last_residence": ["None", "UNKNOWN"], "address": ["None", "UNKNOWN"], "date_of_arrest": ["None", "2020-03-30"], "traffick_from_country": ["None", "Djibouti"], "traffick_from_place": ["None", "Djibouti City"], "traffick_to_country": ["None", "Zimbabwe"], "traffick_to_place": ["None", "HARARE"], "interviewer": ["None", "Interviewer object (15)"], "approval": ["None", "Pending"], "created_at": ["None", "2024-03-30 05:30:53.144569"], "updated_at": ["None", "2024-03-30 05:30:53.144602"], "prosecutions": ["None", "case_interview_app.Prosecution.None"]}	2024-03-30 05:30:53.175806+00	10	26	41.80.113.60	\N	\N
202	e2nisg4rsjt2vvegs0viinjcgurynf1v	\N	e2nisg4rsjt2vvegs0viinjcgurynf1v	1	{"expire_date": ["2024-04-13 05:24:22.737185", "2024-04-13 05:30:58.737780"], "session_data": [".eJxVj8uSgyAQRf-FdcoSifhYZj_fQDV0o0woTAmaqaTy78HExbjr2-fefjzZ3T1gRuWnwQW1Orqz_sliohvrw-L96VMrhAQZvHZpnaf41fSXZvjHV_AuK0J1CGaiYEmjWiLNyiHrGS_ZoanBXClsBH8hDFNhppBmp4vNUuw0Fj8Tkr_s3sOAEeKY00bD2VJpuQQhsBKyMQCl1C3vQAPWXNZksJa25mhEY6W0XUtnIbuKbNVsQ_PmSCGpwa0UWM_zW5-beStebwIwaP8:1rqRCY:1CNIwaKP9-Yo2MVYhWuFnobTwl4NYDp4jaYyO3HPeys", ".eJxVjEEOgjAQRe_StSGUQhGW7j1DM-1MpdoUQwsYiXcXlYXs5v33_yxsdk8YUPn-4oKaHM2sXVhMdGdtGL0_fG-FkGAVrw2t8xR_TI80wJ-fwLuVCNVuuBoFY-rUGGlQDlnLeM52oQZzo_AxeIVw6TPThzQ4nX0q2WZjdu6R_Gnr7h50ELt1bTSUlnLLJQiBhZC1AcilPvIGNGDFZUUGK2krjkbUVkrbHKkUsinIFjWy1xuYGF_K:1rqRIw:tC2vNYX71-hePka1_yyp3Mr0LkQV54SE-V9GLeD9-bk"]}	2024-03-30 05:30:58.739985+00	\N	6	\N	\N	\N
203	l3k7dqi9z64uqsjx1mf76nuyo3t6i98y	\N	l3k7dqi9z64uqsjx1mf76nuyo3t6i98y	0	{"expire_date": ["None", "2024-04-13 05:31:54.955739"], "session_key": ["None", "l3k7dqi9z64uqsjx1mf76nuyo3t6i98y"], "session_data": ["None", ".eJyrVirPrEosSonPyU_PzIsvy0wtV7KqViouSS1QslJKLC3JUNIB8-JTEksSgVK1UG5aZk5qMYSfWlFSlIgkX5aYkwnkpabEo2isrQUAhp8oDA:1rqRJq:CNpGj87jbq8xZZZZVV-7_LB-igQzw1cKexdIecvlCm0"]}	2024-03-30 05:31:54.968024+00	\N	6	\N	\N	\N
204	nqwxffvvr9uyhh1cxg0osnr9zvb11j2u	\N	nqwxffvvr9uyhh1cxg0osnr9zvb11j2u	0	{"expire_date": ["None", "2024-04-13 05:32:36.719442"], "session_key": ["None", "nqwxffvvr9uyhh1cxg0osnr9zvb11j2u"], "session_data": ["None", ".eJxNzUsOwiAQBuC7sG6ILCwJS_eegUzLWEcRGqCtseHu0orR3fzzzWNlC70gGG39QE7PhAtTK4sJR6bcZG2z19pAgg1gStcP5CoXshh_tOYC-EwBvjslz2CpJDT6_1iBKWLQ450pJg6sxg76OzpTeuYGbvC89y4F6vj2gFeN_OwN2lOdbfbv6BL1kMg7neiBTAkphJStPLY5vwHhHFNK:1rqRKW:39YswTNu3R0CUl0B_rvjAW9l8bdjY3gl9mcbUALmkvo"]}	2024-03-30 05:32:36.723807+00	\N	6	\N	\N	\N
207	nqwxffvvr9uyhh1cxg0osnr9zvb11j2u	\N	nqwxffvvr9uyhh1cxg0osnr9zvb11j2u	1	{"expire_date": ["2024-04-13 05:32:36.719442", "2024-04-13 05:32:36.740692"], "session_data": [".eJxNzUsOwiAQBuC7sG6ILCwJS_eegUzLWEcRGqCtseHu0orR3fzzzWNlC70gGG39QE7PhAtTK4sJR6bcZG2z19pAgg1gStcP5CoXshh_tOYC-EwBvjslz2CpJDT6_1iBKWLQ450pJg6sxg76OzpTeuYGbvC89y4F6vj2gFeN_OwN2lOdbfbv6BL1kMg7neiBTAkphJStPLY5vwHhHFNK:1rqRKW:39YswTNu3R0CUl0B_rvjAW9l8bdjY3gl9mcbUALmkvo", ".eJxVjEEOgjAQRe_StSGUQhGW7j1DM-1MpdoUQwsYiXcXlYXs5v33_yxsdk8YUPn-4oKaHM2sXVhMdGdtGL0_fG-FkGAVrw2t8xR_TI80wJ-fwLuVCNVuuBoFY-rUGGlQDlnLeM52oQZzo_AxeIVw6TPThzQ4nX0q2WZjdu6R_Gnr7h50ELt1bTSUlnLLJQiBhZC1AcilPvIGNGDFZUUGK2krjkbUVkrbHKkUsinIFjWy1xuYGF_K:1rqRKW:GPBSSc9ASmi4ICY0i18nQgxKfUYt6pQR2bQswxP8HmU"]}	2024-03-30 05:32:36.742083+00	\N	6	\N	\N	\N
208	15	15	Interviewer object (15)	1	{"data_entry_purpose": ["Investigation", "Assistance"]}	2024-03-30 05:34:02.248375+00	10	14	41.80.113.60	\N	\N
209	nqwxffvvr9uyhh1cxg0osnr9zvb11j2u	\N	nqwxffvvr9uyhh1cxg0osnr9zvb11j2u	1	{"expire_date": ["2024-04-13 05:32:36.740692", "2024-04-13 05:41:15.988724"], "session_data": [".eJxVjEEOgjAQRe_StSGUQhGW7j1DM-1MpdoUQwsYiXcXlYXs5v33_yxsdk8YUPn-4oKaHM2sXVhMdGdtGL0_fG-FkGAVrw2t8xR_TI80wJ-fwLuVCNVuuBoFY-rUGGlQDlnLeM52oQZzo_AxeIVw6TPThzQ4nX0q2WZjdu6R_Gnr7h50ELt1bTSUlnLLJQiBhZC1AcilPvIGNGDFZUUGK2krjkbUVkrbHKkUsinIFjWy1xuYGF_K:1rqRKW:GPBSSc9ASmi4ICY0i18nQgxKfUYt6pQR2bQswxP8HmU", ".eJxVjctyhCAQRf-FdcoSUXwss59voBq6URIKpwSdVKb898GJi7jr2-c-nuzhfmFB5efRBbU5erDhyWKiOxvC6v3H-1YICTLYT2mdp_in6Sct8I9v4F1WhOoSzETBmia1RlqUQzYwXrLLU4P5pnAQ_IIwzoWZQ1qcLg5LcdJY3GYk_3l6LwUTxCmnjYbaUmm5BCGwErI1AKXUHe9BAzZcNmSwkbbhaERrpbR9R7WQfUW2ao_SvBwpJDW6jQIb-P4CjwpmFw:1rqRSt:5Cahh4P9ViS7Vb5FiGIuBF-kNi4tRJq1pWQt9BorXdY"]}	2024-03-30 05:41:15.990673+00	\N	6	\N	\N	\N
210	nqwxffvvr9uyhh1cxg0osnr9zvb11j2u	\N	nqwxffvvr9uyhh1cxg0osnr9zvb11j2u	1	{"expire_date": ["2024-04-13 05:41:15.988724", "2024-04-13 05:41:23.809784"], "session_data": [".eJxVjctyhCAQRf-FdcoSUXwss59voBq6URIKpwSdVKb898GJi7jr2-c-nuzhfmFB5efRBbU5erDhyWKiOxvC6v3H-1YICTLYT2mdp_in6Sct8I9v4F1WhOoSzETBmia1RlqUQzYwXrLLU4P5pnAQ_IIwzoWZQ1qcLg5LcdJY3GYk_3l6LwUTxCmnjYbaUmm5BCGwErI1AKXUHe9BAzZcNmSwkbbhaERrpbR9R7WQfUW2ao_SvBwpJDW6jQIb-P4CjwpmFw:1rqRSt:5Cahh4P9ViS7Vb5FiGIuBF-kNi4tRJq1pWQt9BorXdY", ".eJxVjEEOgjAQRe_StSGUQhGW7j1DM-1MpdoUQwsYiXcXlYXs5v33_yxsdk8YUPn-4oKaHM2sXVhMdGdtGL0_fG-FkGAVrw2t8xR_TI80wJ-fwLuVCNVuuBoFY-rUGGlQDlnLeM52oQZzo_AxeIVw6TPThzQ4nX0q2WZjdu6R_Gnr7h50ELt1bTSUlnLLJQiBhZC1AcilPvIGNGDFZUUGK2krjkbUVkrbHKkUsinIFjWy1xuYGF_K:1rqRT1:uMkmxv5EUgI1bL2IqLFKLtN0nMUq730C4zK6lGGJogQ"]}	2024-03-30 05:41:23.811366+00	\N	6	\N	\N	\N
211	dcjcs97572vccoovtgg3toyrifn0xglq	\N	dcjcs97572vccoovtgg3toyrifn0xglq	1	{"expire_date": ["2024-04-02 21:55:29.752408", "2024-04-15 16:46:40.308127"], "session_data": [".eJyrVirPrEosSonPyU_PzIsvy0wtV7KqViouSS1QslJKLC3JUNIB8-JTEksSgVK1UG5aZk5qMYSfWlFSlIgkX5aYkwnkpabEo2isrQUAhp8oDA:1rmhQf:y7XsfFgqrB1Ti4iYUfL8rtZRk3Mgkg89XB1sFSt-4QM", ".eJyrVirPrEosSonPyU_PzIsvy0wtV7KqViouSS1QslJKLC3JUNIB8-JTEksSgVK1UG5aZk5qMYSfWlFSlIgkX5aYkwnkpabEo2isrQUAhp8oDA:1rrKnw:sf6dnLxisOO9kJF72lb6uMLoz84U2rlIm0WJGGxCp6U"]}	2024-04-01 16:46:40.312774+00	\N	6	\N	\N	\N
212	4	4	default (jrarui@strathmore.edu)	1	{"token": ["None", "735357"], "valid_until": ["2024-03-10 17:01:10.881698", "2024-04-01 16:51:47.098973"], "last_generated_timestamp": ["None", "2024-04-01 16:46:47.098876"]}	2024-04-01 16:46:47.105548+00	\N	34	\N	\N	\N
213	dcjcs97572vccoovtgg3toyrifn0xglq	\N	dcjcs97572vccoovtgg3toyrifn0xglq	1	{"expire_date": ["2024-04-15 16:46:40.308127", "2024-04-15 16:46:48.113489"], "session_data": [".eJyrVirPrEosSonPyU_PzIsvy0wtV7KqViouSS1QslJKLC3JUNIB8-JTEksSgVK1UG5aZk5qMYSfWlFSlIgkX5aYkwnkpabEo2isrQUAhp8oDA:1rrKnw:sf6dnLxisOO9kJF72lb6uMLoz84U2rlIm0WJGGxCp6U", ".eJxNjUEOgjAQRe8ya9KAG0OX7j1DM9ARR2pLYAAj6d0tpEaXb96f_zdY-Y2jNS507M3CtILeYBIaQIOEnjwUBxqLgrvDWe6g_exczObGjqaf2mIS9JIRvz-JF3SciKz5L0tinmg0Q5_WTpCpwTbt2nSyD_RdUG3wMnKj9n6V7aSuwZK75GxxjJMXblE4eCP8JNDVuarquizLc4wfSAZTuA:1rrKo4:6XC6O0fRU0s65tQ9hWhmhWPLSELVTYZI8xAc-xLgR0U"]}	2024-04-01 16:46:48.115725+00	\N	6	\N	\N	\N
214	4	4	default (jrarui@strathmore.edu)	1	{"token": ["735357", "None"], "valid_until": ["2024-04-01 16:51:47.098973", "2024-04-01 16:49:38.177180"]}	2024-04-01 16:49:38.182458+00	\N	34	\N	\N	\N
215	4	4	default (jrarui@strathmore.edu)	1	{"last_generated_timestamp": ["2024-04-01 16:46:47.098876", "None"]}	2024-04-01 16:49:38.188707+00	\N	34	\N	\N	\N
216	g00a2b5zlj9kw1og9db4x0c1k6p7nc1k	\N	g00a2b5zlj9kw1og9db4x0c1k6p7nc1k	0	{"expire_date": ["None", "2024-04-15 16:49:38.201121"], "session_key": ["None", "g00a2b5zlj9kw1og9db4x0c1k6p7nc1k"], "session_data": ["None", ".eJxVj19PwjAUxb_LfR7LxsTJHvkTY6IxAqJISNOtHXR07ew6mJJ9dzssTB_PuSf3_M4JjuwbK4K43DKBDoweITpBqWkBEWi5pwKcs0QEa9zecKV3EImKc8cGjJmUKs0ZIZwesaLWXoNPeHU_y4pFuqqXb3HwkOt6Ou9n_uj9ZVZzb7zr3-R3Ol0spywfr26_5p8f0_Q5KXQ8mXivj7BxoCPrJZVSVGj0i7e29RvL0ZO6QNfqMBgEgxA2TWP5U8Zp2Q04NR1-m6G1Vvgy0ugD5swoStC_9dfFf8ouXe2bqqQKFXtj9sGqGCcmRoxFMiy20k2k0IrFbgvi2mvpPklC-chmnTOl2coSrJkUSLOcQuSHvj8cep4XNs0P4ySaIQ:1rrKqo:r3nir2fses_XNkw1kmc8BhT4Na15ZPK8alluTHtqhSc"]}	2024-04-01 16:49:38.206692+00	\N	6	\N	\N	\N
217	dcjcs97572vccoovtgg3toyrifn0xglq	\N	dcjcs97572vccoovtgg3toyrifn0xglq	2	{"expire_date": ["2024-04-15 16:46:48.113489", "None"], "session_key": ["dcjcs97572vccoovtgg3toyrifn0xglq", "None"], "session_data": [".eJxNjUEOgjAQRe8ya9KAG0OX7j1DM9ARR2pLYAAj6d0tpEaXb96f_zdY-Y2jNS507M3CtILeYBIaQIOEnjwUBxqLgrvDWe6g_exczObGjqaf2mIS9JIRvz-JF3SciKz5L0tinmg0Q5_WTpCpwTbt2nSyD_RdUG3wMnKj9n6V7aSuwZK75GxxjJMXblE4eCP8JNDVuarquizLc4wfSAZTuA:1rrKo4:6XC6O0fRU0s65tQ9hWhmhWPLSELVTYZI8xAc-xLgR0U", "None"]}	2024-04-01 16:49:38.214501+00	\N	6	\N	\N	\N
218	2	2	jrarui@strathmore.edu	1	{"last_login": ["2024-03-10 17:01:10.912827", "2024-04-01 16:49:38.217649"]}	2024-04-01 16:49:38.221643+00	\N	4	\N	\N	\N
219	g00a2b5zlj9kw1og9db4x0c1k6p7nc1k	\N	g00a2b5zlj9kw1og9db4x0c1k6p7nc1k	1	{"expire_date": ["2024-04-15 16:49:38.201121", "2024-04-15 16:49:38.331268"], "session_data": [".eJxVj19PwjAUxb_LfR7LxsTJHvkTY6IxAqJISNOtHXR07ew6mJJ9dzssTB_PuSf3_M4JjuwbK4K43DKBDoweITpBqWkBEWi5pwKcs0QEa9zecKV3EImKc8cGjJmUKs0ZIZwesaLWXoNPeHU_y4pFuqqXb3HwkOt6Ou9n_uj9ZVZzb7zr3-R3Ol0spywfr26_5p8f0_Q5KXQ8mXivj7BxoCPrJZVSVGj0i7e29RvL0ZO6QNfqMBgEgxA2TWP5U8Zp2Q04NR1-m6G1Vvgy0ugD5swoStC_9dfFf8ouXe2bqqQKFXtj9sGqGCcmRoxFMiy20k2k0IrFbgvi2mvpPklC-chmnTOl2coSrJkUSLOcQuSHvj8cep4XNs0P4ySaIQ:1rrKqo:r3nir2fses_XNkw1kmc8BhT4Na15ZPK8alluTHtqhSc", ".eJxVjsFywyAMRP-Fc4cWDI3tY-_9BkYIOaal0DHYySSTfy-OfagvGq3eamfv7OJvMDkT0tlHs3i6sP7OcqFf1sc5hJfnbhwUqOCxy8EHypuma5ngH18g-KrImcNjJQbmMpo502S8Yz2T7HCzgN8UV-C-IJ4TxxTL5C1fLXynmX8mR-Fj9x4CRshj_dYt2kaoFvEkOosOLGmNoIV9a5sBQMmT7uQARIQoCWWnFDohWmsbeNdraCq1OC0eaWu6avoBH_hzbuhVsccfVANvEg:1rrKqo:-Bmh7loQOu5YQqB5L8JKkB34ZIgPLIcBRdX5sBLxWrk"]}	2024-04-01 16:49:38.334349+00	\N	6	\N	\N	\N
220	1	1	Exploitation object (1)	1	{"exploitation_length": ["12 months", "10 days"], "freed_method": ["Self", "None"], "e_forced_labour": ["False", "True"], "e_spouse_nationality": ["Zimbabwe", "None"], "e_bprice_paid": ["Yes - bride price", "None"], "e_children_from_marriage": ["None", "0"], "e_marriage_violence": ["Yes", "None"], "e_child_soldier_age": ["None", "0"], "e_operation_location": ["Hospital", "None"], "e_operation_country": ["Zimbabwe", "None"], "e_organ_paid_to": ["NA", "None"], "e_recruitment_type": ["Employment agency", "None"], "approval": ["None", "Pending"]}	2024-04-01 18:37:55.17524+00	\N	37	\N	\N	\N
283	p2e9ggazfwqq7z4ihdkdftesug0g1mix	\N	p2e9ggazfwqq7z4ihdkdftesug0g1mix	0	{"expire_date": ["None", "2024-04-16 14:48:46.939758"], "session_key": ["None", "p2e9ggazfwqq7z4ihdkdftesug0g1mix"], "session_data": ["None", ".eJxNzUsOgjAQBuC7dE0awARjl-49QzPQEUdqS9oCRtK7W7BGd_PPN4-VLfQCp6S2PRk5Ey5MrMwHHJkwk9bFXksFATaAKdw-ELNcSaP_0RoT4DM4-O6kPIOmlFDJ_2MJJo9OjgMTrCprlnML3YBGpaa6g-kt76wJjlq-feBZPb9YhfqcZ4v9PZpAHQSyRgZ6IBPVsarL5nSomxjfJbdTcQ:1rrfRO:tV-eDCM7Yz3C4WO6SNlPhbrUZ7xzYTuvlkK2xJiKDT8"]}	2024-04-02 14:48:46.94341+00	\N	6	\N	\N	\N
221	2	2	Exploitation object (2)	1	{"exploitation_length": ["12 months", "10 days"], "freed_method": ["Self", "None"], "e_forced_labour": ["False", "True"], "e_spouse_nationality": ["Zimbabwe", "None"], "e_bprice_paid": ["Yes - bride price", "None"], "e_children_from_marriage": ["None", "0"], "e_marriage_violence": ["Yes", "None"], "e_child_soldier_age": ["None", "0"], "e_operation_location": ["Hospital", "None"], "e_operation_country": ["Zimbabwe", "None"], "e_organ_paid_to": ["NA", "None"], "e_recruitment_type": ["Employment agency", "None"], "approval": ["None", "Pending"]}	2024-04-01 18:39:45.609294+00	\N	37	\N	\N	\N
222	2	2	Exploitation object (2)	1	{"exploitation_age": ["None", "Below 18"]}	2024-04-01 18:40:44.042462+00	\N	37	\N	\N	\N
223	2	2	Exploitation object (2)	1	{"exploitation_length": ["10 days", "11 months"], "exploitation_age": ["Below 18", "Above 18"], "pay_debt": ["False", "True"], "debt_amount": ["None", "10292"]}	2024-04-01 18:42:31.634976+00	\N	37	\N	\N	\N
224	3	3	Exploitation object (3)	1	{"exploitation_length": ["3 weeks", "500 days"], "freed_method": ["Law enforcement Intervention", "None"], "e_children_from_marriage": ["None", "0"], "e_child_soldier_age": ["None", "0"]}	2024-04-01 18:45:17.552197+00	\N	37	\N	\N	\N
225	120	120	Exploitation object (120)	1	{"exploitation_length": ["2", "20 days"], "pay_debt": ["False", "True"], "debt_amount": ["", "62938 usd"], "freed_method": ["NGO intervention", "Friend"], "e_prostitution": ["False", "True"], "e_forced_labour": ["True", "False"], "e_remarks": ["n/a", "Nothing"], "e_recruitment_type": ["Internet advertiser", "Employment agency"], "e_recruiter_relationship": ["Friend", "Business contact"]}	2024-04-02 05:11:24.562936+00	\N	37	\N	\N	\N
226	4	4	Liver	0	{"name_en": ["None", "Liver"], "name_fr": ["None", "Foie"], "id": ["None", "4"], "name": ["None", "Liver"], "name_pt": ["None", "Rim"]}	2024-04-02 10:12:39.751445+00	10	39	41.160.146.106	\N	\N
227	5	5	amuradza@sadc.int	2	{"last_login": ["2023-12-04 14:51:28.782152", "None"], "is_superuser": ["False", "None"], "username": ["amuradza@sadc.int", "None"], "first_name": ["Alphonci", "None"], "last_name": ["Muradza", "None"], "email": ["amuradza@sadc.int", "None"], "is_staff": ["False", "None"], "is_active": ["True", "None"], "date_joined": ["2023-11-10 13:05:52.483272", "None"], "id": ["5", "None"], "password": ["pbkdf2_sha256$600000$Qn0kVfLS3lzxQiDi8TeJlG$TisnGtFyaZEfGZYPGA5+4bMoAzt2T8EvJEFpZ5isXyc=", "None"]}	2024-04-02 12:42:05.421666+00	10	4	41.160.146.106	\N	\N
228	13	13	Test1@1.org	2	{"is_superuser": ["False", "None"], "username": ["Test1@1.org", "None"], "first_name": ["Test1", "None"], "last_name": ["Test1", "None"], "email": ["Test1@1.org", "None"], "is_staff": ["False", "None"], "is_active": ["True", "None"], "date_joined": ["2023-11-26 00:33:46.289488", "None"], "id": ["13", "None"], "password": ["pbkdf2_sha256$600000$A0jrwH43jhhKWPZH10meSs$pINXBYI3tYTF1c5twZePL5bnhIJUrGEO/CzszVVfS+g=", "None"]}	2024-04-02 12:46:20.056788+00	10	4	41.160.146.106	\N	\N
229	776jriuto3yji62xux8q5hums00a8a35	\N	776jriuto3yji62xux8q5hums00a8a35	0	{"expire_date": ["None", "2024-04-16 12:51:42.392019"], "session_key": ["None", "776jriuto3yji62xux8q5hums00a8a35"], "session_data": ["None", ".eJyrVirPrEosSonPyU_PzIsvy0wtV7KqViouSS1QslJKLC3JUNIB8-JTEksSgVK1UG5aZk5qMYSfWlFSlIgkX5aYkwnkpabEo2isrQUAhp8oDA:1rrdc6:tndivJQUfiMcQnGVbA-yUxrS1-BtXenolxkVVPoi0sM"]}	2024-04-02 12:51:42.402144+00	\N	6	\N	\N	\N
230	776jriuto3yji62xux8q5hums00a8a35	\N	776jriuto3yji62xux8q5hums00a8a35	1	{"expire_date": ["2024-04-16 12:51:42.392019", "2024-04-16 13:02:01.767296"], "session_data": [".eJyrVirPrEosSonPyU_PzIsvy0wtV7KqViouSS1QslJKLC3JUNIB8-JTEksSgVK1UG5aZk5qMYSfWlFSlIgkX5aYkwnkpabEo2isrQUAhp8oDA:1rrdc6:tndivJQUfiMcQnGVbA-yUxrS1-BtXenolxkVVPoi0sM", ".eJyrVirPrEosSonPyU_PzIsvy0wtV7KqViouSS1QslJKLC3JUNIB8-JTEksSgVK1UG5aZk5qMYSfWlFSlIgkX5aYkwnkpabEo2isrQUAhp8oDA:1rrdm5:MMysNdIY9qwCMvdfAVY_Tr4yY4PyquAFvY9Br5v4_-A"]}	2024-04-02 13:02:01.769501+00	\N	6	\N	\N	\N
231	776jriuto3yji62xux8q5hums00a8a35	\N	776jriuto3yji62xux8q5hums00a8a35	1	{"expire_date": ["2024-04-16 13:02:01.767296", "2024-04-16 13:03:02.653713"], "session_data": [".eJyrVirPrEosSonPyU_PzIsvy0wtV7KqViouSS1QslJKLC3JUNIB8-JTEksSgVK1UG5aZk5qMYSfWlFSlIgkX5aYkwnkpabEo2isrQUAhp8oDA:1rrdm5:MMysNdIY9qwCMvdfAVY_Tr4yY4PyquAFvY9Br5v4_-A", ".eJyrVirPrEosSonPyU_PzIsvy0wtV7KqViouSS1QslJKLC3JUNIB8-JTEksSgVK1UG5aZk5qMYSfWlFSlIgkX5aYkwnkpabEo2isrQUAhp8oDA:1rrdn4:1oLFOEsqPTLcQd-hGfFBH-N6XhUsRiMSOI2EcD-io0U"]}	2024-04-02 13:03:02.657797+00	\N	6	\N	\N	\N
232	776jriuto3yji62xux8q5hums00a8a35	\N	776jriuto3yji62xux8q5hums00a8a35	1	{"expire_date": ["2024-04-16 13:03:02.653713", "2024-04-16 13:03:08.982286"], "session_data": [".eJyrVirPrEosSonPyU_PzIsvy0wtV7KqViouSS1QslJKLC3JUNIB8-JTEksSgVK1UG5aZk5qMYSfWlFSlIgkX5aYkwnkpabEo2isrQUAhp8oDA:1rrdn4:1oLFOEsqPTLcQd-hGfFBH-N6XhUsRiMSOI2EcD-io0U", ".eJyrVirPrEosSonPyU_PzIsvy0wtV7KqViouSS1QslJKLC3JUNIB8-JTEksSgVK1UG5aZk5qMYSfWlFSlIgkX5aYkwnkpabEo2isrQUAhp8oDA:1rrdnA:cDmzx_92XPxNNfSg8QgvbdL6RlwrQ1QUhQF2MHeXZcQ"]}	2024-04-02 13:03:08.984451+00	\N	6	\N	\N	\N
233	776jriuto3yji62xux8q5hums00a8a35	\N	776jriuto3yji62xux8q5hums00a8a35	1	{"expire_date": ["2024-04-16 13:03:08.982286", "2024-04-16 13:03:54.894175"], "session_data": [".eJyrVirPrEosSonPyU_PzIsvy0wtV7KqViouSS1QslJKLC3JUNIB8-JTEksSgVK1UG5aZk5qMYSfWlFSlIgkX5aYkwnkpabEo2isrQUAhp8oDA:1rrdnA:cDmzx_92XPxNNfSg8QgvbdL6RlwrQ1QUhQF2MHeXZcQ", ".eJyrVirPrEosSonPyU_PzIsvy0wtV7KqViouSS1QslJKLC3JUNIB8-JTEksSgVK1UG5aZk5qMYSfWlFSlIgkX5aYkwnkpabEo2isrQUAhp8oDA:1rrdnu:jBoKRbPUQoJ6tiQW-zkBTxaYu0bemi8NGwjfFxPvkqE"]}	2024-04-02 13:03:54.896001+00	\N	6	\N	\N	\N
234	776jriuto3yji62xux8q5hums00a8a35	\N	776jriuto3yji62xux8q5hums00a8a35	1	{"expire_date": ["2024-04-16 13:03:54.894175", "2024-04-16 13:04:18.385102"], "session_data": [".eJyrVirPrEosSonPyU_PzIsvy0wtV7KqViouSS1QslJKLC3JUNIB8-JTEksSgVK1UG5aZk5qMYSfWlFSlIgkX5aYkwnkpabEo2isrQUAhp8oDA:1rrdnu:jBoKRbPUQoJ6tiQW-zkBTxaYu0bemi8NGwjfFxPvkqE", ".eJyrVirPrEosSonPyU_PzIsvy0wtV7KqViouSS1QslJKLC3JUNIB8-JTEksSgVK1UG5aZk5qMYSfWlFSlIgkX5aYkwnkpabEo2isrQUAhp8oDA:1rrdoI:oWOpXXfHFtw80SFrioNbpz3ngFWQ3Wg2HoYRRfu1Hn8"]}	2024-04-02 13:04:18.387144+00	\N	6	\N	\N	\N
235	10	10	james.ndungu@gmail.com	1	{"password": ["pbkdf2_sha256$600000$PdBNfSj3QlnX31l4vBBU99$6oBDvop5XKDe2lAn9nWTBbivPzadvkHmHPkv0UGqTJg=", "pbkdf2_sha256$600000$CC8qp3KhIJvAm1p9TRMcLP$/1cXUhfl7vkj8b4hlp6mppi8fha7h3VtkogpENUVWjM="]}	2024-04-02 13:05:45.376748+00	10	4	41.160.146.106	\N	\N
236	nqwxffvvr9uyhh1cxg0osnr9zvb11j2u	\N	nqwxffvvr9uyhh1cxg0osnr9zvb11j2u	2	{"expire_date": ["2024-04-13 05:41:23.809784", "None"], "session_key": ["nqwxffvvr9uyhh1cxg0osnr9zvb11j2u", "None"], "session_data": [".eJxVjEEOgjAQRe_StSGUQhGW7j1DM-1MpdoUQwsYiXcXlYXs5v33_yxsdk8YUPn-4oKaHM2sXVhMdGdtGL0_fG-FkGAVrw2t8xR_TI80wJ-fwLuVCNVuuBoFY-rUGGlQDlnLeM52oQZzo_AxeIVw6TPThzQ4nX0q2WZjdu6R_Gnr7h50ELt1bTSUlnLLJQiBhZC1AcilPvIGNGDFZUUGK2krjkbUVkrbHKkUsinIFjWy1xuYGF_K:1rqRT1:uMkmxv5EUgI1bL2IqLFKLtN0nMUq730C4zK6lGGJogQ", "None"]}	2024-04-02 13:05:45.40748+00	10	6	41.160.146.106	\N	\N
237	10	10	james.ndungu@gmail.com	1	{"last_login": ["2024-03-30 05:32:36.732111", "2024-04-02 13:05:45.410032"]}	2024-04-02 13:05:45.411691+00	10	4	41.160.146.106	\N	\N
238	86mg543cm0t6v5z8ycjd3zfbiabc7vul	\N	86mg543cm0t6v5z8ycjd3zfbiabc7vul	0	{"expire_date": ["None", "2024-04-16 13:05:45.543996"], "session_key": ["None", "86mg543cm0t6v5z8ycjd3zfbiabc7vul"], "session_data": ["None", ".eJxVjMEOwiAQRP-FsyG4wJZ69O43kIUFqRpISnsy_rtt0oPeJvPezFt4Wpfi155mP7G4iLMSp98yUHymuhN-UL03GVtd5inIXZEH7fLWOL2uh_t3UKiXba1IO6VBu5QVgRucjdoYsA5zjJkBAycLZLaEY8QRjOKEg0EAjc4q8fkC5p826A:1rrdph:kgjAna1-mENovapFED8nLVrVsSuKp0RQkIedIcsuVyg"]}	2024-04-02 13:05:45.548516+00	\N	6	\N	\N	\N
239	e2nisg4rsjt2vvegs0viinjcgurynf1v	\N	e2nisg4rsjt2vvegs0viinjcgurynf1v	2	{"expire_date": ["2024-04-13 05:30:58.737780", "None"], "session_key": ["e2nisg4rsjt2vvegs0viinjcgurynf1v", "None"], "session_data": [".eJxVjEEOgjAQRe_StSGUQhGW7j1DM-1MpdoUQwsYiXcXlYXs5v33_yxsdk8YUPn-4oKaHM2sXVhMdGdtGL0_fG-FkGAVrw2t8xR_TI80wJ-fwLuVCNVuuBoFY-rUGGlQDlnLeM52oQZzo_AxeIVw6TPThzQ4nX0q2WZjdu6R_Gnr7h50ELt1bTSUlnLLJQiBhZC1AcilPvIGNGDFZUUGK2krjkbUVkrbHKkUsinIFjWy1xuYGF_K:1rqRIw:tC2vNYX71-hePka1_yyp3Mr0LkQV54SE-V9GLeD9-bk", "None"]}	2024-04-02 13:06:28.291587+00	\N	6	\N	\N	\N
240	3dpfg313swmnsajfcudr4quysqbfjzdy	\N	3dpfg313swmnsajfcudr4quysqbfjzdy	0	{"expire_date": ["None", "2024-04-16 13:06:28.885677"], "session_key": ["None", "3dpfg313swmnsajfcudr4quysqbfjzdy"], "session_data": ["None", ".eJyrVirPrEosSonPyU_PzIsvy0wtV7KqViouSS1QslJKLC3JUNIB8-JTEksSgVK1UG5aZk5qMYSfWlFSlIgkX5aYkwnkpabEo2isrQUAhp8oDA:1rrdqO:f3xELz7ZVLdfxWMjXF3LRjTLnOIZ5QMrxz6kcqR2xPE"]}	2024-04-02 13:06:28.89241+00	\N	6	\N	\N	\N
241	3dpfg313swmnsajfcudr4quysqbfjzdy	\N	3dpfg313swmnsajfcudr4quysqbfjzdy	1	{"expire_date": ["2024-04-16 13:06:28.885677", "2024-04-16 13:06:40.268543"], "session_data": [".eJyrVirPrEosSonPyU_PzIsvy0wtV7KqViouSS1QslJKLC3JUNIB8-JTEksSgVK1UG5aZk5qMYSfWlFSlIgkX5aYkwnkpabEo2isrQUAhp8oDA:1rrdqO:f3xELz7ZVLdfxWMjXF3LRjTLnOIZ5QMrxz6kcqR2xPE", ".eJyrVirPrEosSonPyU_PzIsvy0wtV7KqViouSS1QslJKLC3JUNIB8-JTEksSgVK1UG5aZk5qMYSfWlFSlIgkX5aYkwnkpabEo2isrQUAhp8oDA:1rrdqa:TxKzzR0OAzSa4EoHT-M9CFEnqsjfiYZpkYWhrzIWzog"]}	2024-04-02 13:06:40.271046+00	\N	6	\N	\N	\N
242	3dpfg313swmnsajfcudr4quysqbfjzdy	\N	3dpfg313swmnsajfcudr4quysqbfjzdy	1	{"expire_date": ["2024-04-16 13:06:40.268543", "2024-04-16 13:07:58.981191"], "session_data": [".eJyrVirPrEosSonPyU_PzIsvy0wtV7KqViouSS1QslJKLC3JUNIB8-JTEksSgVK1UG5aZk5qMYSfWlFSlIgkX5aYkwnkpabEo2isrQUAhp8oDA:1rrdqa:TxKzzR0OAzSa4EoHT-M9CFEnqsjfiYZpkYWhrzIWzog", ".eJyrVirPrEosSonPyU_PzIsvy0wtV7KqViouSS1QslJKLC3JUNIB8-JTEksSgVK1UG5aZk5qMYSfWlFSlIgkX5aYkwnkpabEo2isrQUAhp8oDA:1rrdrq:fGm782zNeKXTdqwV-j_U7Vt0xcRT5_q7-mQz5e2nOf8"]}	2024-04-02 13:07:58.983715+00	\N	6	\N	\N	\N
243	3dpfg313swmnsajfcudr4quysqbfjzdy	\N	3dpfg313swmnsajfcudr4quysqbfjzdy	1	{"expire_date": ["2024-04-16 13:07:58.981191", "2024-04-16 13:08:26.218564"], "session_data": [".eJyrVirPrEosSonPyU_PzIsvy0wtV7KqViouSS1QslJKLC3JUNIB8-JTEksSgVK1UG5aZk5qMYSfWlFSlIgkX5aYkwnkpabEo2isrQUAhp8oDA:1rrdrq:fGm782zNeKXTdqwV-j_U7Vt0xcRT5_q7-mQz5e2nOf8", ".eJyrVirPrEosSonPyU_PzIsvy0wtV7KqViouSS1QslJKLC3JUNIB8-JTEksSgVK1UG5aZk5qMYSfWlFSlIgkX5aYkwnkpabEo2isrQUAhp8oDA:1rrdsI:agAX7OM8DBLQS8GaVDCvN1TcvWJBPUOz6vLgV2Czv2Q"]}	2024-04-02 13:08:26.221324+00	\N	6	\N	\N	\N
244	3dpfg313swmnsajfcudr4quysqbfjzdy	\N	3dpfg313swmnsajfcudr4quysqbfjzdy	1	{"expire_date": ["2024-04-16 13:08:26.218564", "2024-04-16 13:08:46.406583"], "session_data": [".eJyrVirPrEosSonPyU_PzIsvy0wtV7KqViouSS1QslJKLC3JUNIB8-JTEksSgVK1UG5aZk5qMYSfWlFSlIgkX5aYkwnkpabEo2isrQUAhp8oDA:1rrdsI:agAX7OM8DBLQS8GaVDCvN1TcvWJBPUOz6vLgV2Czv2Q", ".eJyrVirPrEosSonPyU_PzIsvy0wtV7KqViouSS1QslJKLC3JUNIB8-JTEksSgVK1UG5aZk5qMYSfWlFSlIgkX5aYkwnkpabEo2isrQUAhp8oDA:1rrdsc:556PD1XitLjf64US4rznaQHgVTUQgBzR_WwVf4YdO6o"]}	2024-04-02 13:08:46.408722+00	\N	6	\N	\N	\N
245	3dpfg313swmnsajfcudr4quysqbfjzdy	\N	3dpfg313swmnsajfcudr4quysqbfjzdy	1	{"expire_date": ["2024-04-16 13:08:46.406583", "2024-04-16 13:09:01.514704"], "session_data": [".eJyrVirPrEosSonPyU_PzIsvy0wtV7KqViouSS1QslJKLC3JUNIB8-JTEksSgVK1UG5aZk5qMYSfWlFSlIgkX5aYkwnkpabEo2isrQUAhp8oDA:1rrdsc:556PD1XitLjf64US4rznaQHgVTUQgBzR_WwVf4YdO6o", ".eJyrVirPrEosSonPyU_PzIsvy0wtV7KqViouSS1QslJKLC3JUNIB8-JTEksSgVK1UG5aZk5qMYSfWlFSlIgkX5aYkwnkpabEo2isrQUAhp8oDA:1rrdsr:luQ_juXOz_3dv6zLIy4Vjhh7xKQKMJ4hrP4fdSDzc_U"]}	2024-04-02 13:09:01.517826+00	\N	6	\N	\N	\N
246	3dpfg313swmnsajfcudr4quysqbfjzdy	\N	3dpfg313swmnsajfcudr4quysqbfjzdy	1	{"expire_date": ["2024-04-16 13:09:01.514704", "2024-04-16 13:09:08.440614"], "session_data": [".eJyrVirPrEosSonPyU_PzIsvy0wtV7KqViouSS1QslJKLC3JUNIB8-JTEksSgVK1UG5aZk5qMYSfWlFSlIgkX5aYkwnkpabEo2isrQUAhp8oDA:1rrdsr:luQ_juXOz_3dv6zLIy4Vjhh7xKQKMJ4hrP4fdSDzc_U", ".eJyrVirPrEosSonPyU_PzIsvy0wtV7KqViouSS1QslJKLC3JUNIB8-JTEksSgVK1UG5aZk5qMYSfWlFSlIgkX5aYkwnkpabEo2isrQUAhp8oDA:1rrdsy:xkZvoDV3cd3nBtKtUAizGrVQBKDUHB1V7I2mdLbTMhk"]}	2024-04-02 13:09:08.442685+00	\N	6	\N	\N	\N
247	3dpfg313swmnsajfcudr4quysqbfjzdy	\N	3dpfg313swmnsajfcudr4quysqbfjzdy	1	{"expire_date": ["2024-04-16 13:09:08.440614", "2024-04-16 13:09:18.252339"], "session_data": [".eJyrVirPrEosSonPyU_PzIsvy0wtV7KqViouSS1QslJKLC3JUNIB8-JTEksSgVK1UG5aZk5qMYSfWlFSlIgkX5aYkwnkpabEo2isrQUAhp8oDA:1rrdsy:xkZvoDV3cd3nBtKtUAizGrVQBKDUHB1V7I2mdLbTMhk", ".eJyrVirPrEosSonPyU_PzIsvy0wtV7KqViouSS1QslJKLC3JUNIB8-JTEksSgVK1UG5aZk5qMYSfWlFSlIgkX5aYkwnkpabEo2isrQUAhp8oDA:1rrdt8:xlYgpfRwGiS2obnbmsmAMsCbi9KXmdAAC7wYBWWEfec"]}	2024-04-02 13:09:18.254875+00	\N	6	\N	\N	\N
248	3dpfg313swmnsajfcudr4quysqbfjzdy	\N	3dpfg313swmnsajfcudr4quysqbfjzdy	1	{"expire_date": ["2024-04-16 13:09:18.252339", "2024-04-16 13:12:44.930285"], "session_data": [".eJyrVirPrEosSonPyU_PzIsvy0wtV7KqViouSS1QslJKLC3JUNIB8-JTEksSgVK1UG5aZk5qMYSfWlFSlIgkX5aYkwnkpabEo2isrQUAhp8oDA:1rrdt8:xlYgpfRwGiS2obnbmsmAMsCbi9KXmdAAC7wYBWWEfec", ".eJyrVirPrEosSonPyU_PzIsvy0wtV7KqViouSS1QslJKLC3JUNIB8-JTEksSgVK1UG5aZk5qMYSfWlFSlIgkX5aYkwnkpabEo2isrQUAhp8oDA:1rrdwS:DVeNfrL0bg3bqeKpmFmv20GWT1eGpXZcgxSi3486H2A"]}	2024-04-02 13:12:44.932652+00	\N	6	\N	\N	\N
249	3dpfg313swmnsajfcudr4quysqbfjzdy	\N	3dpfg313swmnsajfcudr4quysqbfjzdy	1	{"expire_date": ["2024-04-16 13:12:44.930285", "2024-04-16 13:13:01.460137"], "session_data": [".eJyrVirPrEosSonPyU_PzIsvy0wtV7KqViouSS1QslJKLC3JUNIB8-JTEksSgVK1UG5aZk5qMYSfWlFSlIgkX5aYkwnkpabEo2isrQUAhp8oDA:1rrdwS:DVeNfrL0bg3bqeKpmFmv20GWT1eGpXZcgxSi3486H2A", ".eJyrVirPrEosSonPyU_PzIsvy0wtV7KqViouSS1QslJKLC3JUNIB8-JTEksSgVK1UG5aZk5qMYSfWlFSlIgkX5aYkwnkpabEo2isrQUAhp8oDA:1rrdwj:sYKB6AvtvRzaPfMqNKFb0F38YnWcQCwMxESDX1jYhqg"]}	2024-04-02 13:13:01.462672+00	\N	6	\N	\N	\N
250	3dpfg313swmnsajfcudr4quysqbfjzdy	\N	3dpfg313swmnsajfcudr4quysqbfjzdy	1	{"expire_date": ["2024-04-16 13:13:01.460137", "2024-04-16 13:13:11.797651"], "session_data": [".eJyrVirPrEosSonPyU_PzIsvy0wtV7KqViouSS1QslJKLC3JUNIB8-JTEksSgVK1UG5aZk5qMYSfWlFSlIgkX5aYkwnkpabEo2isrQUAhp8oDA:1rrdwj:sYKB6AvtvRzaPfMqNKFb0F38YnWcQCwMxESDX1jYhqg", ".eJyrVirPrEosSonPyU_PzIsvy0wtV7KqViouSS1QslJKLC3JUNIB8-JTEksSgVK1UG5aZk5qMYSfWlFSlIgkX5aYkwnkpabEo2isrQUAhp8oDA:1rrdwt:9EgbucPGxY3j3kCzS6Sv9_ifCnYFz5kM_Cb2ANPI_oU"]}	2024-04-02 13:13:11.800564+00	\N	6	\N	\N	\N
251	3dpfg313swmnsajfcudr4quysqbfjzdy	\N	3dpfg313swmnsajfcudr4quysqbfjzdy	1	{"expire_date": ["2024-04-16 13:13:11.797651", "2024-04-16 13:17:06.025238"], "session_data": [".eJyrVirPrEosSonPyU_PzIsvy0wtV7KqViouSS1QslJKLC3JUNIB8-JTEksSgVK1UG5aZk5qMYSfWlFSlIgkX5aYkwnkpabEo2isrQUAhp8oDA:1rrdwt:9EgbucPGxY3j3kCzS6Sv9_ifCnYFz5kM_Cb2ANPI_oU", ".eJyrVirPrEosSonPyU_PzIsvy0wtV7KqViouSS1QslJKLC3JUNIB8-JTEksSgVK1UG5aZk5qMYSfWlFSlIgkX5aYkwnkpabEo2isrQUAhp8oDA:1rre0g:PWmo3JJmO_PivHxqw1dSD7EOh2KqHU3REsQe3z8t_Wk"]}	2024-04-02 13:17:06.027654+00	\N	6	\N	\N	\N
252	776jriuto3yji62xux8q5hums00a8a35	\N	776jriuto3yji62xux8q5hums00a8a35	1	{"expire_date": ["2024-04-16 13:04:18.385102", "2024-04-16 13:35:36.202280"], "session_data": [".eJyrVirPrEosSonPyU_PzIsvy0wtV7KqViouSS1QslJKLC3JUNIB8-JTEksSgVK1UG5aZk5qMYSfWlFSlIgkX5aYkwnkpabEo2isrQUAhp8oDA:1rrdoI:oWOpXXfHFtw80SFrioNbpz3ngFWQ3Wg2HoYRRfu1Hn8", ".eJyrVirPrEosSonPyU_PzIsvy0wtV7KqViouSS1QslJKLC3JUNIB8-JTEksSgVK1UG5aZk5qMYSfWlFSlIgkX5aYkwnkpabEo2isrQUAhp8oDA:1rreIa:b9RsP_vU2y45N0ktc_pHac_E2pABzGOBaeboisPs8u4"]}	2024-04-02 13:35:36.211335+00	\N	6	\N	\N	\N
284	776jriuto3yji62xux8q5hums00a8a35	\N	776jriuto3yji62xux8q5hums00a8a35	2	{"expire_date": ["2024-04-16 14:48:04.732458", "None"], "session_key": ["776jriuto3yji62xux8q5hums00a8a35", "None"], "session_data": [".eJyrVirPrEosSonPyU_PzIsvy0wtV7KqViouSS1QslJKLC3JUNIB8-JTEksSgVK1UG5aZk5qMYSfWlFSlIgkX5aYkwnkpabEo2isrQUAhp8oDA:1rrfQi:rHNgyxhFxi-EB1GfIJl4PccNsKhKGP9CR-PxulxbCwU", "None"]}	2024-04-02 14:48:46.948704+00	\N	6	\N	\N	\N
253	776jriuto3yji62xux8q5hums00a8a35	\N	776jriuto3yji62xux8q5hums00a8a35	1	{"expire_date": ["2024-04-16 13:35:36.202280", "2024-04-16 13:35:48.635006"], "session_data": [".eJyrVirPrEosSonPyU_PzIsvy0wtV7KqViouSS1QslJKLC3JUNIB8-JTEksSgVK1UG5aZk5qMYSfWlFSlIgkX5aYkwnkpabEo2isrQUAhp8oDA:1rreIa:b9RsP_vU2y45N0ktc_pHac_E2pABzGOBaeboisPs8u4", ".eJyrVirPrEosSonPyU_PzIsvy0wtV7KqViouSS1QslJKLC3JUNIB8-JTEksSgVK1UG5aZk5qMYSfWlFSlIgkX5aYkwnkpabEo2isrQUAhp8oDA:1rreIm:zhu-NMu3LzjVLkgPCkRt02A8mcbn29940vWfav8w_94"]}	2024-04-02 13:35:48.637986+00	\N	6	\N	\N	\N
254	86mg543cm0t6v5z8ycjd3zfbiabc7vul	\N	86mg543cm0t6v5z8ycjd3zfbiabc7vul	1	{"expire_date": ["2024-04-16 13:05:45.543996", "2024-04-16 13:53:54.477774"], "session_data": [".eJxVjMEOwiAQRP-FsyG4wJZ69O43kIUFqRpISnsy_rtt0oPeJvPezFt4Wpfi155mP7G4iLMSp98yUHymuhN-UL03GVtd5inIXZEH7fLWOL2uh_t3UKiXba1IO6VBu5QVgRucjdoYsA5zjJkBAycLZLaEY8QRjOKEg0EAjc4q8fkC5p826A:1rrdph:kgjAna1-mENovapFED8nLVrVsSuKp0RQkIedIcsuVyg", ".eJxVTksOgyAQvQvrhuAAI7rsvmcgIwxq22Ai2k3Tu1cSF-3u5f3fwtO-TX4vvPo5il40Slx-yYHCg3NV4p3yuMiw5G2dB1kt8lSLvC2Rn9fT-1cwUZmOtCLtlAbtOCkC1zobtDFgHaYQUgQcIlsgcyDsAnZgVGRsDQJodLa-OpYL582P84uz6JvPF_2APTU:1rreaI:FqZcpGMKntCbvGU67sT6IzWi3whObULL84eb3WM-0OU"]}	2024-04-02 13:53:54.48032+00	\N	6	\N	\N	\N
255	86mg543cm0t6v5z8ycjd3zfbiabc7vul	\N	86mg543cm0t6v5z8ycjd3zfbiabc7vul	1	{"expire_date": ["2024-04-16 13:53:54.477774", "2024-04-16 14:01:02.732158"], "session_data": [".eJxVTksOgyAQvQvrhuAAI7rsvmcgIwxq22Ai2k3Tu1cSF-3u5f3fwtO-TX4vvPo5il40Slx-yYHCg3NV4p3yuMiw5G2dB1kt8lSLvC2Rn9fT-1cwUZmOtCLtlAbtOCkC1zobtDFgHaYQUgQcIlsgcyDsAnZgVGRsDQJodLa-OpYL582P84uz6JvPF_2APTU:1rreaI:FqZcpGMKntCbvGU67sT6IzWi3whObULL84eb3WM-0OU", ".eJxVjMEOwiAQRP-FsyG4wJZ69O43kIUFqRpISnsy_rtt0oPeJvPezFt4Wpfi155mP7G4iLMSp98yUHymuhN-UL03GVtd5inIXZEH7fLWOL2uh_t3UKiXba1IO6VBu5QVgRucjdoYsA5zjJkBAycLZLaEY8QRjOKEg0EAjc4q8fkC5p826A:1rrehC:szLCr--XOeK_fon1vVrHxJELGBIQcGQC7p2z1fQXwZ0"]}	2024-04-02 14:01:02.733913+00	\N	6	\N	\N	\N
256	3dpfg313swmnsajfcudr4quysqbfjzdy	\N	3dpfg313swmnsajfcudr4quysqbfjzdy	1	{"expire_date": ["2024-04-16 13:17:06.025238", "2024-04-16 14:04:56.605368"], "session_data": [".eJyrVirPrEosSonPyU_PzIsvy0wtV7KqViouSS1QslJKLC3JUNIB8-JTEksSgVK1UG5aZk5qMYSfWlFSlIgkX5aYkwnkpabEo2isrQUAhp8oDA:1rre0g:PWmo3JJmO_PivHxqw1dSD7EOh2KqHU3REsQe3z8t_Wk", ".eJyrVirPrEosSonPyU_PzIsvy0wtV7KqViouSS1QslJKLC3JUNIB8-JTEksSgVK1UG5aZk5qMYSfWlFSlIgkX5aYkwnkpabEo2isrQUAhp8oDA:1rreky:PFdXnhoo0Ugmz851SDWbZSYBqyYPVKxc59J4sjErHjI"]}	2024-04-02 14:04:56.608405+00	\N	6	\N	\N	\N
257	2k3sqwiswjp8izj167r35id4iapychyz	\N	2k3sqwiswjp8izj167r35id4iapychyz	0	{"expire_date": ["None", "2024-04-16 14:08:21.828645"], "session_key": ["None", "2k3sqwiswjp8izj167r35id4iapychyz"], "session_data": ["None", ".eJyrVirPrEosSonPyU_PzIsvy0wtV7KqViouSS1QslJKLC3JUNIB8-JTEksSgVK1UG5aZk5qMYSfWlFSlIgkX5aYkwnkpabEo2isrQUAhp8oDA:1rreoH:ony41--gLrZJXmh4jih8MEMI3eTIajobzxlrGmIq1lY"]}	2024-04-02 14:08:21.834659+00	\N	6	\N	\N	\N
258	2k3sqwiswjp8izj167r35id4iapychyz	\N	2k3sqwiswjp8izj167r35id4iapychyz	1	{"expire_date": ["2024-04-16 14:08:21.828645", "2024-04-16 14:08:38.221489"], "session_data": [".eJyrVirPrEosSonPyU_PzIsvy0wtV7KqViouSS1QslJKLC3JUNIB8-JTEksSgVK1UG5aZk5qMYSfWlFSlIgkX5aYkwnkpabEo2isrQUAhp8oDA:1rreoH:ony41--gLrZJXmh4jih8MEMI3eTIajobzxlrGmIq1lY", ".eJyrVirPrEosSonPyU_PzIsvy0wtV7KqViouSS1QslJKLC3JUNIB8-JTEksSgVK1UG5aZk5qMYSfWlFSlIgkX5aYkwnkpabEo2isrQUAhp8oDA:1rreoY:xGd7YLqnaSemNQD04yeMCozw1jDIi5Y_9957xLg9ahQ"]}	2024-04-02 14:08:38.224172+00	\N	6	\N	\N	\N
259	2k3sqwiswjp8izj167r35id4iapychyz	\N	2k3sqwiswjp8izj167r35id4iapychyz	1	{"expire_date": ["2024-04-16 14:08:38.221489", "2024-04-16 14:10:18.748319"], "session_data": [".eJyrVirPrEosSonPyU_PzIsvy0wtV7KqViouSS1QslJKLC3JUNIB8-JTEksSgVK1UG5aZk5qMYSfWlFSlIgkX5aYkwnkpabEo2isrQUAhp8oDA:1rreoY:xGd7YLqnaSemNQD04yeMCozw1jDIi5Y_9957xLg9ahQ", ".eJyrVirPrEosSonPyU_PzIsvy0wtV7KqViouSS1QslJKLC3JUNIB8-JTEksSgVK1UG5aZk5qMYSfWlFSlIgkX5aYkwnkpabEo2isrQUAhp8oDA:1rreqA:QeaMdKNZS9-LZVczumq5zn5cq91_xTkzQWgjccoGZRk"]}	2024-04-02 14:10:18.750766+00	\N	6	\N	\N	\N
260	wmbjt1uhvy997h38e8bx6jo44fbnxr42	\N	wmbjt1uhvy997h38e8bx6jo44fbnxr42	0	{"expire_date": ["None", "2024-04-16 14:14:20.476312"], "session_key": ["None", "wmbjt1uhvy997h38e8bx6jo44fbnxr42"], "session_data": ["None", ".eJyrVirPrEosSonPyU_PzIsvy0wtV7KqViouSS1QslJKLC3JUNIB8-JTEksSgVK1UG5aZk5qMYSfWlFSlIgkX5aYkwnkpabEo2isrQUAhp8oDA:1rreu4:lc-iCCipnxPLD9N_51QMebqB7ApzhkHH3maDI0KHu88"]}	2024-04-02 14:14:20.483343+00	\N	6	\N	\N	\N
261	wmbjt1uhvy997h38e8bx6jo44fbnxr42	\N	wmbjt1uhvy997h38e8bx6jo44fbnxr42	1	{"expire_date": ["2024-04-16 14:14:20.476312", "2024-04-16 14:14:45.141203"], "session_data": [".eJyrVirPrEosSonPyU_PzIsvy0wtV7KqViouSS1QslJKLC3JUNIB8-JTEksSgVK1UG5aZk5qMYSfWlFSlIgkX5aYkwnkpabEo2isrQUAhp8oDA:1rreu4:lc-iCCipnxPLD9N_51QMebqB7ApzhkHH3maDI0KHu88", ".eJyrVirPrEosSonPyU_PzIsvy0wtV7KqViouSS1QslJKLC3JUNIB8-JTEksSgVK1UG5aZk5qMYSfWlFSlIgkX5aYkwnkpabEo2isrQUAhp8oDA:1rreuT:Z6Kpl-Hp6rcirVOLl7WlcoOG7DZbsi5Ke6x7SKLyNE8"]}	2024-04-02 14:14:45.143834+00	\N	6	\N	\N	\N
262	wmbjt1uhvy997h38e8bx6jo44fbnxr42	\N	wmbjt1uhvy997h38e8bx6jo44fbnxr42	1	{"expire_date": ["2024-04-16 14:14:45.141203", "2024-04-16 14:15:33.686429"], "session_data": [".eJyrVirPrEosSonPyU_PzIsvy0wtV7KqViouSS1QslJKLC3JUNIB8-JTEksSgVK1UG5aZk5qMYSfWlFSlIgkX5aYkwnkpabEo2isrQUAhp8oDA:1rreuT:Z6Kpl-Hp6rcirVOLl7WlcoOG7DZbsi5Ke6x7SKLyNE8", ".eJyrVirPrEosSonPyU_PzIsvy0wtV7KqViouSS1QslJKLC3JUNIB8-JTEksSgVK1UG5aZk5qMYSfWlFSlIgkX5aYkwnkpabEo2isrQUAhp8oDA:1rrevF:gQWYz6xTOJYabr3ugNlmtXHBDBeahGBHncXWPO64meY"]}	2024-04-02 14:15:33.688471+00	\N	6	\N	\N	\N
263	10	10	james.ndungu@gmail.com	1	{"password": ["pbkdf2_sha256$600000$CC8qp3KhIJvAm1p9TRMcLP$/1cXUhfl7vkj8b4hlp6mppi8fha7h3VtkogpENUVWjM=", "pbkdf2_sha256$600000$SLfLqNyVk1KUKZo9EIFNrk$oEVwjZgi9lASJrgVELpB3+xcL4y8TbsNTDFWywZ+K/0="]}	2024-04-02 14:21:44.521446+00	10	4	41.160.146.106	\N	\N
264	16hpdqtynjnephg1v9ob0y2qlxo0geuj	\N	16hpdqtynjnephg1v9ob0y2qlxo0geuj	0	{"expire_date": ["None", "2024-04-16 14:21:44.536346"], "session_key": ["None", "16hpdqtynjnephg1v9ob0y2qlxo0geuj"], "session_data": ["None", ".eJxVjMEOwiAQRP-FsyG4wJZ69O43kIUFqRpISnsy_rtt0oPeJvPezFt4Wpfi155mP7G4iLMSp98yUHymuhN-UL03GVtd5inIXZEH7fLWOL2uh_t3UKiXba1IO6VBu5QVgRucjdoYsA5zjJkBAycLZLaEY8QRjOKEg0EAjc4q8fkC5p826A:1rrf1E:IPieDNvFakCAD-nikZsXeJMG_GEhZfA1ufBrOyjzAZk"]}	2024-04-02 14:21:44.541219+00	10	6	41.160.146.106	\N	\N
265	86mg543cm0t6v5z8ycjd3zfbiabc7vul	\N	86mg543cm0t6v5z8ycjd3zfbiabc7vul	2	{"expire_date": ["2024-04-16 14:01:02.732158", "None"], "session_key": ["86mg543cm0t6v5z8ycjd3zfbiabc7vul", "None"], "session_data": [".eJxVjMEOwiAQRP-FsyG4wJZ69O43kIUFqRpISnsy_rtt0oPeJvPezFt4Wpfi155mP7G4iLMSp98yUHymuhN-UL03GVtd5inIXZEH7fLWOL2uh_t3UKiXba1IO6VBu5QVgRucjdoYsA5zjJkBAycLZLaEY8QRjOKEg0EAjc4q8fkC5p826A:1rrehC:szLCr--XOeK_fon1vVrHxJELGBIQcGQC7p2z1fQXwZ0", "None"]}	2024-04-02 14:21:44.547094+00	10	6	41.160.146.106	\N	\N
266	16hpdqtynjnephg1v9ob0y2qlxo0geuj	\N	16hpdqtynjnephg1v9ob0y2qlxo0geuj	1	{"expire_date": ["2024-04-16 14:21:44.536346", "2024-04-16 14:21:44.550591"], "session_data": [".eJxVjMEOwiAQRP-FsyG4wJZ69O43kIUFqRpISnsy_rtt0oPeJvPezFt4Wpfi155mP7G4iLMSp98yUHymuhN-UL03GVtd5inIXZEH7fLWOL2uh_t3UKiXba1IO6VBu5QVgRucjdoYsA5zjJkBAycLZLaEY8QRjOKEg0EAjc4q8fkC5p826A:1rrf1E:IPieDNvFakCAD-nikZsXeJMG_GEhZfA1ufBrOyjzAZk", ".eJxVjEEOwiAQRe_C2hAKAwGX7j0DgZlBqgaS0q6Md9cmXej2v_f-S8S0rTVug5c4kziLSYnT75gTPrjthO6p3brE3tZlznJX5EGHvHbi5-Vw_w5qGvVbK3AWQilESjvgQgmLZwo6BBvQg85u8gqK0cZ6gwGtM15bq5gBtELx_gD_fTda:1rrf1E:_coEvisGKB04geZlU9T2u2dmEc9a7rXCNaWiwQ0eX5s"]}	2024-04-02 14:21:44.552864+00	\N	6	\N	\N	\N
285	102	102	amuradza@sadc.int	1	{"last_login": ["2024-04-02 14:47:08.544061", "2024-04-02 14:48:46.950842"]}	2024-04-02 14:48:46.952831+00	\N	4	\N	\N	\N
357	35	35	LS-TP-35	1	{"consent_share_gov_patner": ["True", "1"], "consent_limited_disclosure": ["True", "1"], "consent_research": ["True", "1"], "consent_abstain_answer": ["True", "1"]}	2024-04-10 14:50:27.888358+00	\N	24	\N	\N	\N
267	wmbjt1uhvy997h38e8bx6jo44fbnxr42	\N	wmbjt1uhvy997h38e8bx6jo44fbnxr42	1	{"expire_date": ["2024-04-16 14:15:33.686429", "2024-04-16 14:22:06.977409"], "session_data": [".eJyrVirPrEosSonPyU_PzIsvy0wtV7KqViouSS1QslJKLC3JUNIB8-JTEksSgVK1UG5aZk5qMYSfWlFSlIgkX5aYkwnkpabEo2isrQUAhp8oDA:1rrevF:gQWYz6xTOJYabr3ugNlmtXHBDBeahGBHncXWPO64meY", ".eJyrVirPrEosSonPyU_PzIsvy0wtV7KqViouSS1QslJKLC3JUNIB8-JTEksSgVK1UG5aZk5qMYSfWlFSlIgkX5aYkwnkpabEo2isrQUAhp8oDA:1rrf1a:oMQAIm4oShpTjCCg2VYvaIwD0e0w75ASON4V3H574uk"]}	2024-04-02 14:22:06.980311+00	\N	6	\N	\N	\N
268	9ozo9phhpxr82x5q8ffa0bh5c6u869cz	\N	9ozo9phhpxr82x5q8ffa0bh5c6u869cz	0	{"expire_date": ["None", "2024-04-16 14:22:32.816540"], "session_key": ["None", "9ozo9phhpxr82x5q8ffa0bh5c6u869cz"], "session_data": ["None", ".eJxNzc0OgjAMB_B36ZkQIFGSHb37DEtlFStzI9sAI9m7O3BGb_33148VFn6hU1Lbno2cmRYQK_hAIwgzaV3stVQYcAOcwu0DMcuVNfkfrTEBPYPD707KM2pOiZT8P5Zg8uTkOICAuoIcL9gNZFTqqTua3padNcHxpdwelFl9ebaK9CnPFvt3MoE7DGyNDPwgEHVbN9WxbQ9NjG_g4FNA:1rrf20:APrmLBISXB18ntEEdtajEkoG5QwI6FrilVFdMtel3cU"]}	2024-04-02 14:22:32.820693+00	\N	6	\N	\N	\N
269	wmbjt1uhvy997h38e8bx6jo44fbnxr42	\N	wmbjt1uhvy997h38e8bx6jo44fbnxr42	2	{"expire_date": ["2024-04-16 14:22:06.977409", "None"], "session_key": ["wmbjt1uhvy997h38e8bx6jo44fbnxr42", "None"], "session_data": [".eJyrVirPrEosSonPyU_PzIsvy0wtV7KqViouSS1QslJKLC3JUNIB8-JTEksSgVK1UG5aZk5qMYSfWlFSlIgkX5aYkwnkpabEo2isrQUAhp8oDA:1rrf1a:oMQAIm4oShpTjCCg2VYvaIwD0e0w75ASON4V3H574uk", "None"]}	2024-04-02 14:22:32.826446+00	\N	6	\N	\N	\N
270	10	10	james.ndungu@gmail.com	1	{"last_login": ["2024-04-02 13:05:45.410032", "2024-04-02 14:22:32.828507"]}	2024-04-02 14:22:32.830253+00	\N	4	\N	\N	\N
271	9ozo9phhpxr82x5q8ffa0bh5c6u869cz	\N	9ozo9phhpxr82x5q8ffa0bh5c6u869cz	1	{"expire_date": ["2024-04-16 14:22:32.816540", "2024-04-16 14:22:32.835065"], "session_data": [".eJxNzc0OgjAMB_B36ZkQIFGSHb37DEtlFStzI9sAI9m7O3BGb_33148VFn6hU1Lbno2cmRYQK_hAIwgzaV3stVQYcAOcwu0DMcuVNfkfrTEBPYPD707KM2pOiZT8P5Zg8uTkOICAuoIcL9gNZFTqqTua3padNcHxpdwelFl9ebaK9CnPFvt3MoE7DGyNDPwgEHVbN9WxbQ9NjG_g4FNA:1rrf20:APrmLBISXB18ntEEdtajEkoG5QwI6FrilVFdMtel3cU", ".eJxVjEEOwiAQRe_C2jRIoYEu3XsGMmUGixJqCq1G492t2oXdzfvv_3myW3jAiDYOp5DsHOjG2ifLha6sTVOMu-9tEQos4rWiD5Hyj-leRvjzM8SwEKHdDBdjYSq9nTKNNiBr2Z6zTdiBu1D6GDxDOg2VG1IZQ1d9KtVqc3UckOJh7W4e9JD7Zc1lo6TxHpGLRpJHcF4TGmGMMk5L0TV7zaWvRa107YxTTa2FUpxISsEde70BbWZeXg:1rrf20:tqJEDeZ3ioqHLtYwGqo2A16FWrD31rAlxyxywiTVaGI"]}	2024-04-02 14:22:32.836828+00	\N	6	\N	\N	\N
272	9ozo9phhpxr82x5q8ffa0bh5c6u869cz	\N	9ozo9phhpxr82x5q8ffa0bh5c6u869cz	2	{"expire_date": ["2024-04-16 14:22:32.835065", "None"], "session_key": ["9ozo9phhpxr82x5q8ffa0bh5c6u869cz", "None"], "session_data": [".eJxVjEEOwiAQRe_C2jRIoYEu3XsGMmUGixJqCq1G492t2oXdzfvv_3myW3jAiDYOp5DsHOjG2ifLha6sTVOMu-9tEQos4rWiD5Hyj-leRvjzM8SwEKHdDBdjYSq9nTKNNiBr2Z6zTdiBu1D6GDxDOg2VG1IZQ1d9KtVqc3UckOJh7W4e9JD7Zc1lo6TxHpGLRpJHcF4TGmGMMk5L0TV7zaWvRa107YxTTa2FUpxISsEde70BbWZeXg:1rrf20:tqJEDeZ3ioqHLtYwGqo2A16FWrD31rAlxyxywiTVaGI", "None"]}	2024-04-02 14:40:08.960464+00	10	6	41.160.146.106	\N	\N
273	9i10ukp6xsge9od7nqgiedt372iyflqf	\N	9i10ukp6xsge9od7nqgiedt372iyflqf	0	{"expire_date": ["None", "2024-04-16 14:42:55.695787"], "session_key": ["None", "9i10ukp6xsge9od7nqgiedt372iyflqf"], "session_data": ["None", ".eJyrVirPrEosSonPyU_PzIsvy0wtV7KqViouSS1QslJKLC3JUNIB8-JTEksSgVK1UG5aZk5qMYSfWlFSlIgkX5aYkwnkpabEo2isrQUAhp8oDA:1rrfLj:2wSdX_zFdQ444jjUPjAxJGIpUTQemWIVjp1GMQ6b2PE"]}	2024-04-02 14:42:55.701011+00	\N	6	\N	\N	\N
274	9i10ukp6xsge9od7nqgiedt372iyflqf	\N	9i10ukp6xsge9od7nqgiedt372iyflqf	1	{"expire_date": ["2024-04-16 14:42:55.695787", "2024-04-16 14:43:29.797590"], "session_data": [".eJyrVirPrEosSonPyU_PzIsvy0wtV7KqViouSS1QslJKLC3JUNIB8-JTEksSgVK1UG5aZk5qMYSfWlFSlIgkX5aYkwnkpabEo2isrQUAhp8oDA:1rrfLj:2wSdX_zFdQ444jjUPjAxJGIpUTQemWIVjp1GMQ6b2PE", ".eJyrVirPrEosSonPyU_PzIsvy0wtV7KqViouSS1QslJKLC3JUNIB8-JTEksSgVK1UG5aZk5qMYSfWlFSlIgkX5aYkwnkpabEo2isrQUAhp8oDA:1rrfMH:ey-jbR3ueX-eq21GWV3QciJG58-0_tRC2i8W0LyPYC8"]}	2024-04-02 14:43:29.800674+00	\N	6	\N	\N	\N
275	102	102	amuradza@sadc.int	0	{"is_superuser": ["None", "False"], "username": ["None", "amuradza@sadc.int"], "first_name": ["None", ""], "last_name": ["None", ""], "email": ["None", ""], "is_staff": ["None", "False"], "is_active": ["None", "True"], "date_joined": ["None", "2024-04-02 14:46:05.678726"], "id": ["None", "102"], "password": ["None", "pbkdf2_sha256$600000$2FvgNqv3UdVW6T0gigVuUe$2ttjCK2LHAXGRuHQ2H2qlNk+Xz3iYbnib1C9Hvx0s6A="]}	2024-04-02 14:46:06.162944+00	10	4	41.160.146.106	\N	\N
276	102	102	amuradza@sadc.int	1	{"first_name": ["", "Alphonci"], "last_name": ["", "MURADZA"], "email": ["", "amuradza@sadc.int"], "date_joined": ["2024-04-02 14:46:05.678726", "2024-04-02 14:46:05"]}	2024-04-02 14:46:44.8011+00	10	4	41.160.146.106	\N	\N
277	5l1m2s51d6p3l3mzcwugj53cundfzi9v	\N	5l1m2s51d6p3l3mzcwugj53cundfzi9v	0	{"expire_date": ["None", "2024-04-16 14:47:08.531992"], "session_key": ["None", "5l1m2s51d6p3l3mzcwugj53cundfzi9v"], "session_data": ["None", ".eJxNzUsOwiAQBuC7sG5Iy8IHS_eegUzLWMciGKCtseHu0orR3fzzzWNhM73Aa2VcT1ZNhDOTCwsRH0za0Zhqq5WGCCvAGK8fSEUuZDD8aEkZ8Bk9fHdynsBQTqjV_7EMY0CvHgOTrKkFK7mFbkCrc1PfwPaOd85GTy1fP_CigZ-dRnMqs9X2Hm2kDiI5qyLdkclm34h6dxTikNIbJbhTcg:1rrfPo:F8kJgItyYf3xuzhvB-p58v11itOyyXy74bGnLjNhosc"]}	2024-04-02 14:47:08.53611+00	\N	6	\N	\N	\N
278	9i10ukp6xsge9od7nqgiedt372iyflqf	\N	9i10ukp6xsge9od7nqgiedt372iyflqf	2	{"expire_date": ["2024-04-16 14:43:29.797590", "None"], "session_key": ["9i10ukp6xsge9od7nqgiedt372iyflqf", "None"], "session_data": [".eJyrVirPrEosSonPyU_PzIsvy0wtV7KqViouSS1QslJKLC3JUNIB8-JTEksSgVK1UG5aZk5qMYSfWlFSlIgkX5aYkwnkpabEo2isrQUAhp8oDA:1rrfMH:ey-jbR3ueX-eq21GWV3QciJG58-0_tRC2i8W0LyPYC8", "None"]}	2024-04-02 14:47:08.54165+00	\N	6	\N	\N	\N
279	102	102	amuradza@sadc.int	1	{"last_login": ["None", "2024-04-02 14:47:08.544061"]}	2024-04-02 14:47:08.545572+00	\N	4	\N	\N	\N
280	5l1m2s51d6p3l3mzcwugj53cundfzi9v	\N	5l1m2s51d6p3l3mzcwugj53cundfzi9v	1	{"expire_date": ["2024-04-16 14:47:08.531992", "2024-04-16 14:47:08.549937"], "session_data": [".eJxNzUsOwiAQBuC7sG5Iy8IHS_eegUzLWMciGKCtseHu0orR3fzzzWNhM73Aa2VcT1ZNhDOTCwsRH0za0Zhqq5WGCCvAGK8fSEUuZDD8aEkZ8Bk9fHdynsBQTqjV_7EMY0CvHgOTrKkFK7mFbkCrc1PfwPaOd85GTy1fP_CigZ-dRnMqs9X2Hm2kDiI5qyLdkclm34h6dxTikNIbJbhTcg:1rrfPo:F8kJgItyYf3xuzhvB-p58v11itOyyXy74bGnLjNhosc", ".eJxVjM1uwyAQhN-Fc2WBf0rsY-95BjSwS0yKcGRwEjXKu9dpfYhv-803sw9xCz-YycTpFJK5Br6J4SFy4YsY0hLjx99tCAWreG7oQ-T8z3wvM978FTGsxGR2w9UYLGU0S-bZBBKDULIWu9TCfXN6KTojnabKTanMwVavSrXZXB0n4vi1dXcPRuRxXWtS6DwsaolGH2x36AHfQjasvAL1IF1r6XRLVtakXAcobjz3XUvafYrnL-ONYDs:1rrfPo:QQk3zvnjb-_61GdUV_x8H369RsFac2YXs9XTrt5Jx8c"]}	2024-04-02 14:47:08.551486+00	\N	6	\N	\N	\N
281	5l1m2s51d6p3l3mzcwugj53cundfzi9v	\N	5l1m2s51d6p3l3mzcwugj53cundfzi9v	2	{"expire_date": ["2024-04-16 14:47:08.549937", "None"], "session_key": ["5l1m2s51d6p3l3mzcwugj53cundfzi9v", "None"], "session_data": [".eJxVjM1uwyAQhN-Fc2WBf0rsY-95BjSwS0yKcGRwEjXKu9dpfYhv-803sw9xCz-YycTpFJK5Br6J4SFy4YsY0hLjx99tCAWreG7oQ-T8z3wvM978FTGsxGR2w9UYLGU0S-bZBBKDULIWu9TCfXN6KTojnabKTanMwVavSrXZXB0n4vi1dXcPRuRxXWtS6DwsaolGH2x36AHfQjasvAL1IF1r6XRLVtakXAcobjz3XUvafYrnL-ONYDs:1rrfPo:QQk3zvnjb-_61GdUV_x8H369RsFac2YXs9XTrt5Jx8c", "None"]}	2024-04-02 14:47:55.092135+00	102	6	41.160.146.106	\N	\N
282	776jriuto3yji62xux8q5hums00a8a35	\N	776jriuto3yji62xux8q5hums00a8a35	1	{"expire_date": ["2024-04-16 13:35:48.635006", "2024-04-16 14:48:04.732458"], "session_data": [".eJyrVirPrEosSonPyU_PzIsvy0wtV7KqViouSS1QslJKLC3JUNIB8-JTEksSgVK1UG5aZk5qMYSfWlFSlIgkX5aYkwnkpabEo2isrQUAhp8oDA:1rreIm:zhu-NMu3LzjVLkgPCkRt02A8mcbn29940vWfav8w_94", ".eJyrVirPrEosSonPyU_PzIsvy0wtV7KqViouSS1QslJKLC3JUNIB8-JTEksSgVK1UG5aZk5qMYSfWlFSlIgkX5aYkwnkpabEo2isrQUAhp8oDA:1rrfQi:rHNgyxhFxi-EB1GfIJl4PccNsKhKGP9CR-PxulxbCwU"]}	2024-04-02 14:48:04.735364+00	\N	6	\N	\N	\N
371	124	124	Exploitation object (124)	1	{"freed_method": ["Family Intervention", "Client"], "e_recruitment_type": ["Internet advertiser", "Employment agency"]}	2024-04-11 16:43:50.244271+00	\N	37	\N	\N	\N
286	p2e9ggazfwqq7z4ihdkdftesug0g1mix	\N	p2e9ggazfwqq7z4ihdkdftesug0g1mix	1	{"expire_date": ["2024-04-16 14:48:46.939758", "2024-04-16 14:48:46.957686"], "session_data": [".eJxNzUsOgjAQBuC7dE0awARjl-49QzPQEUdqS9oCRtK7W7BGd_PPN4-VLfQCp6S2PRk5Ey5MrMwHHJkwk9bFXksFATaAKdw-ELNcSaP_0RoT4DM4-O6kPIOmlFDJ_2MJJo9OjgMTrCprlnML3YBGpaa6g-kt76wJjlq-feBZPb9YhfqcZ4v9PZpAHQSyRgZ6IBPVsarL5nSomxjfJbdTcQ:1rrfRO:tV-eDCM7Yz3C4WO6SNlPhbrUZ7xzYTuvlkK2xJiKDT8", ".eJxVjM1uwyAQhN-Fc2WBf0rsY-95BjSwS0yKcGRwEjXKu9dpfYhv-803sw9xCz-YycTpFJK5Br6J4SFy4YsY0hLjx99tCAWreG7oQ-T8z3wvM978FTGsxGR2w9UYLGU0S-bZBBKDULIWu9TCfXN6KTojnabKTanMwVavSrXZXB0n4vi1dXcPRuRxXWtS6DwsaolGH2x36AHfQjasvAL1IF1r6XRLVtakXAcobjz3XUvafYrnL-ONYDs:1rrfRO:d-v7dWac25Y0DITddm9PhFjY3uqy5UBYm76Wh1h-snM"]}	2024-04-02 14:48:46.959162+00	\N	6	\N	\N	\N
287	p2e9ggazfwqq7z4ihdkdftesug0g1mix	\N	p2e9ggazfwqq7z4ihdkdftesug0g1mix	1	{"expire_date": ["2024-04-16 14:48:46.957686", "2024-04-16 14:52:39.496331"], "session_data": [".eJxVjM1uwyAQhN-Fc2WBf0rsY-95BjSwS0yKcGRwEjXKu9dpfYhv-803sw9xCz-YycTpFJK5Br6J4SFy4YsY0hLjx99tCAWreG7oQ-T8z3wvM978FTGsxGR2w9UYLGU0S-bZBBKDULIWu9TCfXN6KTojnabKTanMwVavSrXZXB0n4vi1dXcPRuRxXWtS6DwsaolGH2x36AHfQjasvAL1IF1r6XRLVtakXAcobjz3XUvafYrnL-ONYDs:1rrfRO:d-v7dWac25Y0DITddm9PhFjY3uqy5UBYm76Wh1h-snM", ".eJxVjUtuxCAQRO_COrKMP2HsZfY5AyroxiZBeGSwJ8po7h4m8SLedfWrz13c_DdW0mGZfNS755sY7yJlvooxbiG8_N6akFHA45DOB05_mr_yin98R_BFMelTsBCNLc96S7xqT2IUsm7E6WtgPzk-EX0gTktll5hXb6qnpTpoqt4X4vB2eE8FM9Jc0ookegeDpkarLqa_DIDrULcsnQQNINWo2qqOTN2QtD0guXU89B0p-1pKy3LimPXkd45ilI8f4nFmiA:1rrfV9:QHdDfrEjr06dXMEmelfgDR1KhzGA9XwEHU7yYBXZaSw"]}	2024-04-02 14:52:39.498398+00	\N	6	\N	\N	\N
288	16hpdqtynjnephg1v9ob0y2qlxo0geuj	\N	16hpdqtynjnephg1v9ob0y2qlxo0geuj	1	{"expire_date": ["2024-04-16 14:21:44.550591", "2024-04-16 14:53:09.753241"], "session_data": [".eJxVjEEOwiAQRe_C2hAKAwGX7j0DgZlBqgaS0q6Md9cmXej2v_f-S8S0rTVug5c4kziLSYnT75gTPrjthO6p3brE3tZlznJX5EGHvHbi5-Vw_w5qGvVbK3AWQilESjvgQgmLZwo6BBvQg85u8gqK0cZ6gwGtM15bq5gBtELx_gD_fTda:1rrf1E:_coEvisGKB04geZlU9T2u2dmEc9a7rXCNaWiwQ0eX5s", ".eJxVjcEOwiAQRP-FsyEUFgI9evcbCN1d2qqhSaFejP9um_Sg13kzb94ipq1Ncau8xplELzolLr_hkPDB5SB0T2VcJC6lrfMgj4o8aZW3hfh5Pbt_ginVaV8rcBZCzkRKO-BMCbNnCjoEG9CDHlznFWSjjfUGA1pnvLZWMQNohbt0f65cWhznFxfRd58vHnE9pw:1rrfVd:lsdKUV3mvOhQi2GbYMO8Fo0E2ixO2bp2Qgblxy588RY"]}	2024-04-02 14:53:09.755189+00	\N	6	\N	\N	\N
289	sgnm0ivmoaha81j0cx1gpsg8mgpjiqzr	\N	sgnm0ivmoaha81j0cx1gpsg8mgpjiqzr	0	{"expire_date": ["None", "2024-04-16 14:56:16.143892"], "session_key": ["None", "sgnm0ivmoaha81j0cx1gpsg8mgpjiqzr"], "session_data": ["None", ".eJyrVirPrEosSonPyU_PzIsvy0wtV7KqViouSS1QslJKLC3JUNIB8-JTEksSgVK1UG5aZk5qMYSfWlFSlIgkX5aYkwnkpabEo2isrQUAhp8oDA:1rrfYe:uyt-JIMnXBffsF4FvuA9ZnwUwu0Iq7THHWlWjSPFO3M"]}	2024-04-02 14:56:16.149205+00	\N	6	\N	\N	\N
290	184	184	None	0	{"consent_share_gov_patner": ["None", "1"], "consent_limited_disclosure": ["None", "1"], "consent_research": ["None", "1"], "consent_abstain_answer": ["None", "1"], "approval": ["None", "Pending"], "created_at": ["None", "2024-04-02 14:57:23.232745"], "destinations": ["None", "case_interview_app.TransitRouteDestination.None"], "updated_at": ["None", "2024-04-02 14:57:23.232762"], "victim_permission": ["None", "case_interview_app.VictimPermissions.None"], "prosecutions": ["None", "case_interview_app.Prosecution.None"], "investigations": ["None", "case_interview_app.ArrestInvestigation.None"], "assistance": ["None", "case_interview_app.Assistance.None"], "id": ["None", "184"], "traffickers": ["None", "case_interview_app.SuspectedTrafficker.None"], "exploitation": ["None", "case_interview_app.Exploitation.None"], "socio_economic": ["None", "case_interview_app.SocioEconomic.None"], "citizenship": ["None", "Mozambique"], "countryOfBirth": ["None", "United Republic of Tanzania"], "gender": ["None", "Male"], "race": ["None", "Other"], "place_of_birth": ["None", "ggg"], "last_place_of_residence": ["None", "Ethiopia"], "identification_number": ["None", "2ewrertfyhgjk"], "initials": ["None", "KK"], "age": ["None", "23"], "address": ["None", "dd"], "email_address": ["None", ""], "interview_country": ["None", "Zambia"], "interview_location": ["None", "fff"], "interview_date": ["None", "2024-03-15"], "additional_remarks": ["None", "fffff"]}	2024-04-02 14:57:23.253436+00	102	24	41.160.146.106	\N	\N
291	184	184	MZ-IV-184	1	{"consent_share_gov_patner": ["True", "1"], "consent_limited_disclosure": ["True", "1"], "consent_research": ["True", "1"], "consent_abstain_answer": ["True", "1"], "victim_identifier": ["None", "MZ-IV-184"]}	2024-04-02 14:57:23.270245+00	102	24	41.160.146.106	\N	\N
292	p2e9ggazfwqq7z4ihdkdftesug0g1mix	\N	p2e9ggazfwqq7z4ihdkdftesug0g1mix	1	{"expire_date": ["2024-04-16 14:52:39.496331", "2024-04-16 14:57:23.295880"], "session_data": [".eJxVjUtuxCAQRO_COrKMP2HsZfY5AyroxiZBeGSwJ8po7h4m8SLedfWrz13c_DdW0mGZfNS755sY7yJlvooxbiG8_N6akFHA45DOB05_mr_yin98R_BFMelTsBCNLc96S7xqT2IUsm7E6WtgPzk-EX0gTktll5hXb6qnpTpoqt4X4vB2eE8FM9Jc0ookegeDpkarLqa_DIDrULcsnQQNINWo2qqOTN2QtD0guXU89B0p-1pKy3LimPXkd45ilI8f4nFmiA:1rrfV9:QHdDfrEjr06dXMEmelfgDR1KhzGA9XwEHU7yYBXZaSw", ".eJxVj81ugzAQhN_F5wrZ_MTAsfc-gzVmF3BrmQobUjXKu8dJOZTbzn4z-3MTV_eLlYxfJhfM7vgq-puIib9FHzbv3161ISRkcD_k6DzHP80_acU_vsO7rJjMKZiJwZZms0VejSPRCyVLcepaDF8cnog-EaalGJaQVmeLp6U4aCw-FmL_fnhPA2bEOac1KTQjLEqJSre2aTtgrCErVqMCdSBdajnomqwsSQ0NoLgauWtq0sMlD82bI4dkJrdzEL3Kf72OVm19fwBadGlx:1rrfZj:YVfRNOnVwYxCRnPZnW5HbU_nYHYRbhvkxMOAMWPMOL4"]}	2024-04-02 14:57:23.297744+00	\N	6	\N	\N	\N
293	28	28	ArrestInvestigation object (28)	0	{"victim": ["None", "MZ-IV-184"], "org_crime": ["None", "1"], "suspects_arrested": ["None", "1"], "why_no_arrest": ["None", ""], "victim_smuggled": ["None", "1"], "investigation_done": ["None", "1"], "why_no_investigation": ["None", ""], "investigation_status": ["None", "Pending"], "why_pending": ["None", ""], "id": ["None", "28"], "withdrawn_closed_reason": ["None", ""], "interviewer": ["None", "Interviewer object (5)"], "approval": ["None", "Pending"], "created_at": ["None", "2024-04-02 14:59:11.314015"], "updated_at": ["None", "2024-04-02 14:59:11.314042"]}	2024-04-02 14:59:11.331093+00	102	28	41.160.146.106	\N	\N
294	vpliwib3mbviotohms191uvfacsrdk1e	\N	vpliwib3mbviotohms191uvfacsrdk1e	0	{"expire_date": ["None", "2024-04-16 14:59:18.168970"], "session_key": ["None", "vpliwib3mbviotohms191uvfacsrdk1e"], "session_data": ["None", ".eJxNzUsOgjAQBuC7dE0aMPFBl-49QzPQEUdqS9oCRtK7W7BGd_PPN4-FzfQCp6S2HRk5Ec5MLMwHHJgwo9bFVksFAVaAMdw-ELNcSaP_0RIT4DM4-O6kPIGmlFDJ_2MJRo9ODj0TrCpZjg20PRqVeuoOprO8tSY4avj6gGf1_GIV6nOeLbbvaAK1EMgaGeiBTFTHalce6np_ivEN4QhTSg:1rrfba:ZnSd2y0JuCd9vYgQsZpv6Dn7jrGHy7T1yjnfMZJ9Sko"]}	2024-04-02 14:59:18.173352+00	\N	6	\N	\N	\N
295	sgnm0ivmoaha81j0cx1gpsg8mgpjiqzr	\N	sgnm0ivmoaha81j0cx1gpsg8mgpjiqzr	2	{"expire_date": ["2024-04-16 14:56:16.143892", "None"], "session_key": ["sgnm0ivmoaha81j0cx1gpsg8mgpjiqzr", "None"], "session_data": [".eJyrVirPrEosSonPyU_PzIsvy0wtV7KqViouSS1QslJKLC3JUNIB8-JTEksSgVK1UG5aZk5qMYSfWlFSlIgkX5aYkwnkpabEo2isrQUAhp8oDA:1rrfYe:uyt-JIMnXBffsF4FvuA9ZnwUwu0Iq7THHWlWjSPFO3M", "None"]}	2024-04-02 14:59:18.179456+00	\N	6	\N	\N	\N
296	10	10	james.ndungu@gmail.com	1	{"last_login": ["2024-04-02 14:22:32.828507", "2024-04-02 14:59:18.182069"]}	2024-04-02 14:59:18.184341+00	\N	4	\N	\N	\N
297	vpliwib3mbviotohms191uvfacsrdk1e	\N	vpliwib3mbviotohms191uvfacsrdk1e	1	{"expire_date": ["2024-04-16 14:59:18.168970", "2024-04-16 14:59:18.190002"], "session_data": [".eJxNzUsOgjAQBuC7dE0aMPFBl-49QzPQEUdqS9oCRtK7W7BGd_PPN4-FzfQCp6S2HRk5Ec5MLMwHHJgwo9bFVksFAVaAMdw-ELNcSaP_0RIT4DM4-O6kPIGmlFDJ_2MJRo9ODj0TrCpZjg20PRqVeuoOprO8tSY4avj6gGf1_GIV6nOeLbbvaAK1EMgaGeiBTFTHalce6np_ivEN4QhTSg:1rrfba:ZnSd2y0JuCd9vYgQsZpv6Dn7jrGHy7T1yjnfMZJ9Sko", ".eJxVjEEOwiAQRe_C2jRIoYEu3XsGMmUGixJqCq1G492t2oXdzfvv_3myW3jAiDYOp5DsHOjG2ifLha6sTVOMu-9tEQos4rWiD5Hyj-leRvjzM8SwEKHdDBdjYSq9nTKNNiBr2Z6zTdiBu1D6GDxDOg2VG1IZQ1d9KtVqc3UckOJh7W4e9JD7Zc1lo6TxHpGLRpJHcF4TGmGMMk5L0TV7zaWvRa107YxTTa2FUpxISsEde70BbWZeXg:1rrfba:kjYh1W6VrzmZizN6xJVgJqPhP1cMVpPcJVUgmW9lQaI"]}	2024-04-02 14:59:18.192303+00	\N	6	\N	\N	\N
298	vpliwib3mbviotohms191uvfacsrdk1e	\N	vpliwib3mbviotohms191uvfacsrdk1e	1	{"expire_date": ["2024-04-16 14:59:18.190002", "2024-04-16 14:59:34.750549"], "session_data": [".eJxVjEEOwiAQRe_C2jRIoYEu3XsGMmUGixJqCq1G492t2oXdzfvv_3myW3jAiDYOp5DsHOjG2ifLha6sTVOMu-9tEQos4rWiD5Hyj-leRvjzM8SwEKHdDBdjYSq9nTKNNiBr2Z6zTdiBu1D6GDxDOg2VG1IZQ1d9KtVqc3UckOJh7W4e9JD7Zc1lo6TxHpGLRpJHcF4TGmGMMk5L0TV7zaWvRa107YxTTa2FUpxISsEde70BbWZeXg:1rrfba:kjYh1W6VrzmZizN6xJVgJqPhP1cMVpPcJVUgmW9lQaI", ".eJxVjU1uwyAQhe_COrIwBgu87L5nQGNmsEkRrgx2qka5e0njRbybN9_7ubNb-IUVbVymkOwe6MaGO8uFvtmQthgv_7dFKFDB45A-RMovTT9lhTe-QwxVEdpTsBILW5ntlmm1AdnAWs5OzxHcF6UnwSukaWncksoaxuZpaQ6am88FKX4c3lPBDHmuaS57JY33iFz0kjyC85rQCGOUcVqKsW81l74TndKdM071nRZKcSIpBXe1tC5nSsVOYafEhvbxB0rAZKs:1rrfbq:guSWHs59RlAbwEDLyMW7e8maTW5CXkRroefoaq-m-i0"]}	2024-04-02 14:59:34.753296+00	\N	6	\N	\N	\N
299	vpliwib3mbviotohms191uvfacsrdk1e	\N	vpliwib3mbviotohms191uvfacsrdk1e	1	{"expire_date": ["2024-04-16 14:59:34.750549", "2024-04-16 14:59:37.338505"], "session_data": [".eJxVjU1uwyAQhe_COrIwBgu87L5nQGNmsEkRrgx2qka5e0njRbybN9_7ubNb-IUVbVymkOwe6MaGO8uFvtmQthgv_7dFKFDB45A-RMovTT9lhTe-QwxVEdpTsBILW5ntlmm1AdnAWs5OzxHcF6UnwSukaWncksoaxuZpaQ6am88FKX4c3lPBDHmuaS57JY33iFz0kjyC85rQCGOUcVqKsW81l74TndKdM071nRZKcSIpBXe1tC5nSsVOYafEhvbxB0rAZKs:1rrfbq:guSWHs59RlAbwEDLyMW7e8maTW5CXkRroefoaq-m-i0", ".eJxVjU1uwyAQhe_COrIwBgu87L5nQGNmsEkRrgx2qka5e0njRbybN9_7ubNb-IUVbVymkOwe6MaGO8uFvtmQthgv_7dFKFDB45A-RMovTT9lhTe-QwxVEdpTsBILW5ntlmm1AdnAWs5OzxHcF6UnwSukaWncksoaxuZpaQ6am88FKX4c3lPBDHmuaS57JY33iFz0kjyC85rQCGOUcVqKsW81l74TndKdM071nRZKcSIpBXe1tC5nSsVOYafEhvbxB0rAZKs:1rrfbt:xbUHK_zgBWcUupqg7xld7Vunv2Ly08my9inBUhg0Ukk"]}	2024-04-02 14:59:37.341974+00	\N	6	\N	\N	\N
300	p2e9ggazfwqq7z4ihdkdftesug0g1mix	\N	p2e9ggazfwqq7z4ihdkdftesug0g1mix	1	{"expire_date": ["2024-04-16 14:57:23.295880", "2024-04-16 15:00:03.975093"], "session_data": [".eJxVj81ugzAQhN_F5wrZ_MTAsfc-gzVmF3BrmQobUjXKu8dJOZTbzn4z-3MTV_eLlYxfJhfM7vgq-puIib9FHzbv3161ISRkcD_k6DzHP80_acU_vsO7rJjMKZiJwZZms0VejSPRCyVLcepaDF8cnog-EaalGJaQVmeLp6U4aCw-FmL_fnhPA2bEOac1KTQjLEqJSre2aTtgrCErVqMCdSBdajnomqwsSQ0NoLgauWtq0sMlD82bI4dkJrdzEL3Kf72OVm19fwBadGlx:1rrfZj:YVfRNOnVwYxCRnPZnW5HbU_nYHYRbhvkxMOAMWPMOL4", ".eJxVjM1uwyAQhN-Fc2WBf0rsY-95BjSwS0yKcGRwEjXKu9dpfYhv-803sw9xCz-YycTpFJK5Br6J4SFy4YsY0hLjx99tCAWreG7oQ-T8z3wvM978FTGsxGR2w9UYLGU0S-bZBBKDULIWu9TCfXN6KTojnabKTanMwVavSrXZXB0n4vi1dXcPRuRxXWtS6DwsaolGH2x36AHfQjasvAL1IF1r6XRLVtakXAcobjz3XUvafYrnL-ONYDs:1rrfcJ:Bf2T-HbkgCpbRx5FchnUuVceMik6dJ2cux1qpC7fG4c"]}	2024-04-02 15:00:03.978702+00	\N	6	\N	\N	\N
301	p2e9ggazfwqq7z4ihdkdftesug0g1mix	\N	p2e9ggazfwqq7z4ihdkdftesug0g1mix	1	{"expire_date": ["2024-04-16 15:00:03.975093", "2024-04-16 15:00:15.940455"], "session_data": [".eJxVjM1uwyAQhN-Fc2WBf0rsY-95BjSwS0yKcGRwEjXKu9dpfYhv-803sw9xCz-YycTpFJK5Br6J4SFy4YsY0hLjx99tCAWreG7oQ-T8z3wvM978FTGsxGR2w9UYLGU0S-bZBBKDULIWu9TCfXN6KTojnabKTanMwVavSrXZXB0n4vi1dXcPRuRxXWtS6DwsaolGH2x36AHfQjasvAL1IF1r6XRLVtakXAcobjz3XUvafYrnL-ONYDs:1rrfcJ:Bf2T-HbkgCpbRx5FchnUuVceMik6dJ2cux1qpC7fG4c", ".eJxVjs1ugzAQhN_F5wjZ_NTAsfc-gzVmF3BrmQgbUjXKu9dJOZTbzn4zo7mLm_vBSsYvkwtmd3wT_V3ExFfRh837y-s2hIQMHoccnef4p_k7rfjHd3iXFZM5BTMx2NJstsircSR6oWQpTl-L4YvDE9EnwrQUwxLS6mzxtBQHjcXHQuzfD--pYEacc1qTQjPCopSodGubtgPGGrJiNSpQB9KlloOuycqS1NAAiquRu6YmPbzl0v01UbX1ReQRkUMyk9s55N_jF0mHaXE:1rrfcV:c4WHmhxZsfqAotgwL0c2l3_YNn_H5j0D707-sd8p9WE"]}	2024-04-02 15:00:15.942759+00	\N	6	\N	\N	\N
302	p2e9ggazfwqq7z4ihdkdftesug0g1mix	\N	p2e9ggazfwqq7z4ihdkdftesug0g1mix	1	{"expire_date": ["2024-04-16 15:00:15.940455", "2024-04-16 15:00:59.052020"], "session_data": [".eJxVjs1ugzAQhN_F5wjZ_NTAsfc-gzVmF3BrmQgbUjXKu9dJOZTbzn4zo7mLm_vBSsYvkwtmd3wT_V3ExFfRh837y-s2hIQMHoccnef4p_k7rfjHd3iXFZM5BTMx2NJstsircSR6oWQpTl-L4YvDE9EnwrQUwxLS6mzxtBQHjcXHQuzfD--pYEacc1qTQjPCopSodGubtgPGGrJiNSpQB9KlloOuycqS1NAAiquRu6YmPbzl0v01UbX1ReQRkUMyk9s55N_jF0mHaXE:1rrfcV:c4WHmhxZsfqAotgwL0c2l3_YNn_H5j0D707-sd8p9WE", ".eJxVjM1uwyAQhN-Fc2WBf0rsY-95BjSwS0yKcGRwEjXKu9dpfYhv-803sw9xCz-YycTpFJK5Br6J4SFy4YsY0hLjx99tCAWreG7oQ-T8z3wvM978FTGsxGR2w9UYLGU0S-bZBBKDULIWu9TCfXN6KTojnabKTanMwVavSrXZXB0n4vi1dXcPRuRxXWtS6DwsaolGH2x36AHfQjasvAL1IF1r6XRLVtakXAcobjz3XUvafYrnL-ONYDs:1rrfdD:rvhBfULVl4Lbg-i7ZD-Kl7rrh0WUtLIZmN_y49M2H0o"]}	2024-04-02 15:00:59.053866+00	\N	6	\N	\N	\N
303	p2e9ggazfwqq7z4ihdkdftesug0g1mix	\N	p2e9ggazfwqq7z4ihdkdftesug0g1mix	1	{"expire_date": ["2024-04-16 15:00:59.052020", "2024-04-16 15:01:12.429244"], "session_data": [".eJxVjM1uwyAQhN-Fc2WBf0rsY-95BjSwS0yKcGRwEjXKu9dpfYhv-803sw9xCz-YycTpFJK5Br6J4SFy4YsY0hLjx99tCAWreG7oQ-T8z3wvM978FTGsxGR2w9UYLGU0S-bZBBKDULIWu9TCfXN6KTojnabKTanMwVavSrXZXB0n4vi1dXcPRuRxXWtS6DwsaolGH2x36AHfQjasvAL1IF1r6XRLVtakXAcobjz3XUvafYrnL-ONYDs:1rrfdD:rvhBfULVl4Lbg-i7ZD-Kl7rrh0WUtLIZmN_y49M2H0o", ".eJxVjs1ugzAQhN_F5wjZ_NTAsfc-gzVmF3BrmQgbUjXKu9dJOZTbzn4zo7mLm_vBSsYvkwtmd3wT_V3ExFfRh837y-s2hIQMHoccnef4p_k7rfjHd3iXFZM5BTMx2NJstsircSR6oWQpTl-L4YvDE9EnwrQUwxLS6mzxtBQHjcXHQuzfD--pYEacc1qTQjPCopSodGubtgPGGrJiNSpQB9KlloOuycqS1NAAiquRu6YmPbzl0v01UbX1ReQRkUMyk9s55N_jF0mHaXE:1rrfdQ:aC1d9muYWtCcqJOtXpYK9Qh4EhBmdWLO1H5zHWvF7UM"]}	2024-04-02 15:01:12.431092+00	\N	6	\N	\N	\N
304	15	15	Interviewer object (15)	1	{"data_entry_purpose": ["Assistance", "Investigation"]}	2024-04-02 15:03:24.837737+00	10	14	41.160.146.106	\N	\N
305	vpliwib3mbviotohms191uvfacsrdk1e	\N	vpliwib3mbviotohms191uvfacsrdk1e	1	{"expire_date": ["2024-04-16 14:59:37.338505", "2024-04-16 15:03:27.206796"], "session_data": [".eJxVjU1uwyAQhe_COrIwBgu87L5nQGNmsEkRrgx2qka5e0njRbybN9_7ubNb-IUVbVymkOwe6MaGO8uFvtmQthgv_7dFKFDB45A-RMovTT9lhTe-QwxVEdpTsBILW5ntlmm1AdnAWs5OzxHcF6UnwSukaWncksoaxuZpaQ6am88FKX4c3lPBDHmuaS57JY33iFz0kjyC85rQCGOUcVqKsW81l74TndKdM071nRZKcSIpBXe1tC5nSsVOYafEhvbxB0rAZKs:1rrfbt:xbUHK_zgBWcUupqg7xld7Vunv2Ly08my9inBUhg0Ukk", ".eJxVjEEOwiAQRe_C2jRIoYEu3XsGMmUGixJqCq1G492t2oXdzfvv_3myW3jAiDYOp5DsHOjG2ifLha6sTVOMu-9tEQos4rWiD5Hyj-leRvjzM8SwEKHdDBdjYSq9nTKNNiBr2Z6zTdiBu1D6GDxDOg2VG1IZQ1d9KtVqc3UckOJh7W4e9JD7Zc1lo6TxHpGLRpJHcF4TGmGMMk5L0TV7zaWvRa107YxTTa2FUpxISsEde70BbWZeXg:1rrffb:qjn1zGVNzqZY1vdQ931YV0jcC-S46bbCQR9J6kCDR40"]}	2024-04-02 15:03:27.208638+00	\N	6	\N	\N	\N
306	vpliwib3mbviotohms191uvfacsrdk1e	\N	vpliwib3mbviotohms191uvfacsrdk1e	1	{"expire_date": ["2024-04-16 15:03:27.206796", "2024-04-16 15:03:47.220776"], "session_data": [".eJxVjEEOwiAQRe_C2jRIoYEu3XsGMmUGixJqCq1G492t2oXdzfvv_3myW3jAiDYOp5DsHOjG2ifLha6sTVOMu-9tEQos4rWiD5Hyj-leRvjzM8SwEKHdDBdjYSq9nTKNNiBr2Z6zTdiBu1D6GDxDOg2VG1IZQ1d9KtVqc3UckOJh7W4e9JD7Zc1lo6TxHpGLRpJHcF4TGmGMMk5L0TV7zaWvRa107YxTTa2FUpxISsEde70BbWZeXg:1rrffb:qjn1zGVNzqZY1vdQ931YV0jcC-S46bbCQR9J6kCDR40", ".eJxVjU1uwyAQhe_COrIwBgu87L5nQGNmsEkRrgx2qka5e0njRbybN9_7ubNb-IUVbVymkOwe6MaGO8uFvtmQthgv_7dFKFDB45A-RMovTT9lhTe-QwxVEdpTsBILW5ntlmm1AdnAWs5OzxHcF6UnwSukaWncksoaxuZpaQ6am88FKX4c3lPBDHmuaS57JY33iFz0kjyC85rQCGOUcVqKsW81l74TndKdM071nRZKcSIpBXe1tC5nSsVOYafEhvbxB0rAZKs:1rrffv:27GPKDbUDv8fKz1-_fm1fyBUS9UbM60nMMJ_FG4PeS0"]}	2024-04-02 15:03:47.222649+00	\N	6	\N	\N	\N
318	53	53	SuspectedTrafficker object (53)	0	{"traffick_to_place": ["None", "MORONI"], "interviewer": ["None", "Interviewer object (15)"], "approval": ["None", "Pending"], "created_at": ["None", "2024-04-03 08:16:43.904128"], "updated_at": ["None", "2024-04-03 08:16:43.904152"], "id": ["None", "53"], "prosecutions": ["None", "case_interview_app.Prosecution.None"], "first_name": ["None", "SUSPECT01"], "last_name": ["None", "SUSPECT01"], "dob": ["None", "2000-04-03"], "gender": ["None", "Female"], "race": ["None", "White"], "age": ["None", "24"], "country_of_birth": ["None", "Angola"], "citizenship": ["None", "Angola"], "nationality": ["None", "Angola"], "id_number": ["None", "999999"], "id_type": ["None", "Driver's license"], "last_residence": ["None", "UNKNOWN"], "address": ["None", "UNKNOWN"], "date_of_arrest": ["None", "2018-11-03"], "traffick_from_country": ["None", "Angola"], "traffick_from_place": ["None", "UNKNOWN"], "traffick_to_country": ["None", "Comoros"]}	2024-04-03 08:16:43.92892+00	\N	26	\N	\N	\N
307	185	185	None	0	{"consent_share_gov_patner": ["None", "1"], "consent_limited_disclosure": ["None", "1"], "consent_research": ["None", "1"], "consent_abstain_answer": ["None", "1"], "approval": ["None", "Pending"], "created_at": ["None", "2024-04-02 15:06:36.945998"], "updated_at": ["None", "2024-04-02 15:06:36.946017"], "traffickers": ["None", "case_interview_app.SuspectedTrafficker.None"], "victim_permission": ["None", "case_interview_app.VictimPermissions.None"], "socio_economic": ["None", "case_interview_app.SocioEconomic.None"], "investigations": ["None", "case_interview_app.ArrestInvestigation.None"], "prosecutions": ["None", "case_interview_app.Prosecution.None"], "id": ["None", "185"], "exploitation": ["None", "case_interview_app.Exploitation.None"], "assistance": ["None", "case_interview_app.Assistance.None"], "additional_remarks": ["None", "NONE"], "citizenship": ["None", "Djibouti"], "countryOfBirth": ["None", "Djibouti"], "gender": ["None", "Female"], "race": ["None", "Black"], "place_of_birth": ["None", "UNKNOWN"], "last_place_of_residence": ["None", "Zimbabwe"], "identification_number": ["None", "9090909"], "initials": ["None", "OI"], "age": ["None", "43"], "address": ["None", "UNKNOWN"], "email_address": ["None", ""], "interview_country": ["None", "South Africa"], "interview_location": ["None", "FIELD WORK"], "interview_date": ["None", "2024-04-02"], "destinations": ["None", "case_interview_app.TransitRouteDestination.None"]}	2024-04-02 15:06:36.965823+00	10	24	41.160.146.106	\N	\N
308	185	185	DJ-IV-185	1	{"consent_share_gov_patner": ["True", "1"], "consent_limited_disclosure": ["True", "1"], "consent_research": ["True", "1"], "consent_abstain_answer": ["True", "1"], "victim_identifier": ["None", "DJ-IV-185"]}	2024-04-02 15:06:36.983909+00	10	24	41.160.146.106	\N	\N
309	vpliwib3mbviotohms191uvfacsrdk1e	\N	vpliwib3mbviotohms191uvfacsrdk1e	1	{"expire_date": ["2024-04-16 15:03:47.220776", "2024-04-16 15:06:37.006651"], "session_data": [".eJxVjU1uwyAQhe_COrIwBgu87L5nQGNmsEkRrgx2qka5e0njRbybN9_7ubNb-IUVbVymkOwe6MaGO8uFvtmQthgv_7dFKFDB45A-RMovTT9lhTe-QwxVEdpTsBILW5ntlmm1AdnAWs5OzxHcF6UnwSukaWncksoaxuZpaQ6am88FKX4c3lPBDHmuaS57JY33iFz0kjyC85rQCGOUcVqKsW81l74TndKdM071nRZKcSIpBXe1tC5nSsVOYafEhvbxB0rAZKs:1rrffv:27GPKDbUDv8fKz1-_fm1fyBUS9UbM60nMMJ_FG4PeS0", ".eJxVj01uwyAQhe_COrIwBgu87L5nQGNmsGkRrgx2oka5e0niRb2bN99783Nn1_ALK9q4TCHZPdCVDXeWC_2wIW0xXl61RShQweOQPkTKb023ssI_vkMMVRHaU7ASC1uZ7ZZptQHZwFrOTs0R3DelJ8EvSNPSuCWVNYzN09IcNDefC1L8OLynATPkuaa57JU03iNy0UvyCM5rQiOMUcZpKca-1Vz6TnRKd8441XdaKMWJpBTc1aF1c6ZU7BR2Smxo61uvm1utHn-uN2eV:1rrfif:KFFre97Q5qMfiloHGQUQIKRi2H_G6ih9Ckm18h2zfGI"]}	2024-04-02 15:06:37.008468+00	\N	6	\N	\N	\N
310	29	29	ArrestInvestigation object (29)	0	{"victim": ["None", "DJ-IV-185"], "org_crime": ["None", "1"], "suspects_arrested": ["None", "1"], "why_no_arrest": ["None", ""], "victim_smuggled": ["None", "1"], "investigation_done": ["None", "1"], "why_no_investigation": ["None", ""], "investigation_status": ["None", "Pending"], "why_pending": ["None", ""], "id": ["None", "29"], "withdrawn_closed_reason": ["None", "UNKNOWN"], "interviewer": ["None", "Interviewer object (15)"], "approval": ["None", "Pending"], "created_at": ["None", "2024-04-02 15:07:11.373408"], "updated_at": ["None", "2024-04-02 15:07:11.373434"]}	2024-04-02 15:07:11.393485+00	10	28	41.160.146.106	\N	\N
311	52	52	SuspectedTrafficker object (52)	0	{"traffick_to_place": ["None", "UNKNOWN"], "interviewer": ["None", "Interviewer object (15)"], "approval": ["None", "Pending"], "created_at": ["None", "2024-04-02 15:08:51.138143"], "updated_at": ["None", "2024-04-02 15:08:51.138163"], "id": ["None", "52"], "id_type": ["None", "Birth certificate"], "victim": ["None", "DJ-IV-185"], "first_name": ["None", "YY"], "last_name": ["None", "YY"], "dob": ["None", "1985-02-05"], "gender": ["None", "Female"], "race": ["None", "Black"], "age": ["None", "39"], "country_of_birth": ["None", "Democratic Republic of Congo"], "citizenship": ["None", "Democratic Republic of Congo"], "prosecutions": ["None", "case_interview_app.Prosecution.None"], "nationality": ["None", "Democratic Republic of Congo"], "id_number": ["None", "000000"], "last_residence": ["None", "UNKNOWN"], "address": ["None", "UNKNOWN"], "date_of_arrest": ["None", "2024-04-02"], "traffick_from_country": ["None", "Democratic Republic of Congo"], "traffick_from_place": ["None", "UNKNOWN"], "traffick_to_country": ["None", "Zimbabwe"]}	2024-04-02 15:08:51.164532+00	10	26	41.160.146.106	\N	\N
312	cnqfx63tm40l4dw48grazo1eh0ge47p8	\N	cnqfx63tm40l4dw48grazo1eh0ge47p8	0	{"expire_date": ["None", "2024-04-17 04:24:18.354018"], "session_key": ["None", "cnqfx63tm40l4dw48grazo1eh0ge47p8"], "session_data": ["None", ".eJxNzUsOwiAQBuC7sG6INDE2LN17BjItYx2L0ABtjQ13l1aM7uafbx4rW-gFXivjerJqJlyYXFmIODJpJ2OqvVYaImwAU7x9IBW5ksHwozVlwGf08N3JeQZDOaFW_8cyTAG9GgcmmTiwElvoBrQ69_QdbO9452z01PLtAS8a-MVpNOcyW-3f0UbqIJKzKtIDmRQnUQvR1McmpTfgxFM-:1rrsAc:omALmz_FpdMSYcL0KxXfqPEtd3io8S5PNnvU9ZJzy54"]}	2024-04-03 04:24:18.366187+00	\N	6	\N	\N	\N
313	3dpfg313swmnsajfcudr4quysqbfjzdy	\N	3dpfg313swmnsajfcudr4quysqbfjzdy	2	{"expire_date": ["2024-04-16 14:04:56.605368", "None"], "session_key": ["3dpfg313swmnsajfcudr4quysqbfjzdy", "None"], "session_data": [".eJyrVirPrEosSonPyU_PzIsvy0wtV7KqViouSS1QslJKLC3JUNIB8-JTEksSgVK1UG5aZk5qMYSfWlFSlIgkX5aYkwnkpabEo2isrQUAhp8oDA:1rreky:PFdXnhoo0Ugmz851SDWbZSYBqyYPVKxc59J4sjErHjI", "None"]}	2024-04-03 04:24:18.374979+00	\N	6	\N	\N	\N
314	10	10	james.ndungu@gmail.com	1	{"last_login": ["2024-04-02 14:59:18.182069", "2024-04-03 04:24:18.377015"]}	2024-04-03 04:24:18.379657+00	\N	4	\N	\N	\N
315	cnqfx63tm40l4dw48grazo1eh0ge47p8	\N	cnqfx63tm40l4dw48grazo1eh0ge47p8	1	{"expire_date": ["2024-04-17 04:24:18.354018", "2024-04-17 04:24:18.490143"], "session_data": [".eJxNzUsOwiAQBuC7sG6INDE2LN17BjItYx2L0ABtjQ13l1aM7uafbx4rW-gFXivjerJqJlyYXFmIODJpJ2OqvVYaImwAU7x9IBW5ksHwozVlwGf08N3JeQZDOaFW_8cyTAG9GgcmmTiwElvoBrQ69_QdbO9452z01PLtAS8a-MVpNOcyW-3f0UbqIJKzKtIDmRQnUQvR1McmpTfgxFM-:1rrsAc:omALmz_FpdMSYcL0KxXfqPEtd3io8S5PNnvU9ZJzy54", ".eJxVjEEOwiAQRe_C2jRIoYEu3XsGMmUGixJqCq1G492t2oXdzfvv_3myW3jAiDYOp5DsHOjG2ifLha6sTVOMu-9tEQos4rWiD5Hyj-leRvjzM8SwEKHdDBdjYSq9nTKNNiBr2Z6zTdiBu1D6GDxDOg2VG1IZQ1d9KtVqc3UckOJh7W4e9JD7Zc1lo6TxHpGLRpJHcF4TGmGMMk5L0TV7zaWvRa107YxTTa2FUpxISsEde70BbWZeXg:1rrsAc:bPqMMux-6O9qcRBYU9Lp4xZn6B21dFcfdAx_fvKOUxs"]}	2024-04-03 04:24:18.492386+00	\N	6	\N	\N	\N
316	3	3	SomArrestInvestigation object (3)	0	{"victim_smuggled": ["None", "True"], "investigation_done": ["None", "True"], "why_no_investigation": ["None", ""], "investigation_status": ["None", "Withdrawn"], "why_pending": ["None", ""], "withdrawn_closed_reason": ["None", ""], "interviewer": ["None", "Interviewer object (15)"], "approval": ["None", "Pending"], "created_at": ["None", "2024-04-03 08:11:49.564247"], "updated_at": ["None", "2024-04-03 08:11:49.564280"], "id": ["None", "3"], "org_crime": ["None", "True"], "suspects_arrested": ["None", "True"], "why_no_arrest": ["None", ""]}	2024-04-03 08:11:49.584878+00	\N	78	\N	\N	\N
317	4	4	SomArrestInvestigation object (4)	0	{"victim_smuggled": ["None", "True"], "investigation_done": ["None", "True"], "why_no_investigation": ["None", ""], "investigation_status": ["None", "Withdrawn"], "why_pending": ["None", ""], "withdrawn_closed_reason": ["None", ""], "interviewer": ["None", "Interviewer object (15)"], "approval": ["None", "Pending"], "created_at": ["None", "2024-04-03 08:11:52.422420"], "updated_at": ["None", "2024-04-03 08:11:52.422445"], "id": ["None", "4"], "org_crime": ["None", "True"], "suspects_arrested": ["None", "True"], "why_no_arrest": ["None", ""]}	2024-04-03 08:11:52.43595+00	\N	78	\N	\N	\N
338	35	35	LS-TP-35	1	{"consent_share_gov_patner": ["True", "1"], "consent_limited_disclosure": ["True", "1"], "consent_research": ["True", "1"], "consent_abstain_answer": ["True", "1"]}	2024-04-08 16:15:26.466986+00	\N	24	\N	\N	\N
319	lcogol0h9ru9ckl7buap6qsmmtgvoxwa	\N	lcogol0h9ru9ckl7buap6qsmmtgvoxwa	2	{"expire_date": ["2024-04-12 09:48:45.358869", "None"], "session_key": ["lcogol0h9ru9ckl7buap6qsmmtgvoxwa", "None"], "session_data": [".eJxVjEEOgjAQRe_StSGUQhGW7j1DM-1MpdoUQwsYiXcXlYXs5v33_yxsdk8YUPn-4oKaHM2sXVhMdGdtGL0_fG-FkGAVrw2t8xR_TI80wJ-fwLuVCNVuuBoFY-rUGGlQDlnLeM52oQZzo_AxeIVw6TPThzQ4nX0q2WZjdu6R_Gnr7h50ELt1bTSUlnLLJQiBhZC1AcilPvIGNGDFZUUGK2krjkbUVkrbHKkUsinIFjWy1xuYGF_K:1rq8qr:YzltqtiuTP4MA14F9vKMUFUcrt9tWpj_v8r3S3Y3-yA", "None"]}	2024-04-03 09:39:46.477623+00	\N	6	\N	\N	\N
320	r2ojhz8dycdhoqpmrwtkv5xnxifuh0t4	\N	r2ojhz8dycdhoqpmrwtkv5xnxifuh0t4	0	{"expire_date": ["None", "2024-04-17 09:39:58.439316"], "session_key": ["None", "r2ojhz8dycdhoqpmrwtkv5xnxifuh0t4"], "session_data": ["None", ".eJyrVirPrEosSonPyU_PzIsvy0wtV7KqViouSS1QslJKLC3JUNIB8-JTEksSgVK1UG5aZk5qMYSfWlFSlIgkX5aYkwnkpabEo2isrQUAhp8oDA:1rrx66:pn_qVBxzgFfbvLUo9IBh-9LgBWbUAucR1OS6_4UMNZM"]}	2024-04-03 09:39:58.44474+00	\N	6	\N	\N	\N
321	lerybsal31098guch3fbzmgtvdzymd8i	\N	lerybsal31098guch3fbzmgtvdzymd8i	0	{"expire_date": ["None", "2024-04-17 09:40:03.334256"], "session_key": ["None", "lerybsal31098guch3fbzmgtvdzymd8i"], "session_data": ["None", ".eJxNzUsOgyAQBuC7sDZE7MKEZfc9AxllaqdSMIDa1HD3oqVpd_PPN4-NrfQCr5VxA1m1EK5MbixEnJi0szHVUSsNEXaAOd4-kIpcyWD40ZYy4DN6-O7kvIChnFCr_2MZ5oBeTSOTTNSsxA76Ea3OPX0HOzjeOxs9dXx_wIsGfnEazbnMVsd3tJF6iOSsivRAJkUrGnFqm_qU0hvgqVM1:1rrx6B:uZDVj0BeBzv3i17KS4xhFrnFj1qfl8LMY_OlyHe1JPY"]}	2024-04-03 09:40:03.338977+00	\N	6	\N	\N	\N
322	r2ojhz8dycdhoqpmrwtkv5xnxifuh0t4	\N	r2ojhz8dycdhoqpmrwtkv5xnxifuh0t4	2	{"expire_date": ["2024-04-17 09:39:58.439316", "None"], "session_key": ["r2ojhz8dycdhoqpmrwtkv5xnxifuh0t4", "None"], "session_data": [".eJyrVirPrEosSonPyU_PzIsvy0wtV7KqViouSS1QslJKLC3JUNIB8-JTEksSgVK1UG5aZk5qMYSfWlFSlIgkX5aYkwnkpabEo2isrQUAhp8oDA:1rrx66:pn_qVBxzgFfbvLUo9IBh-9LgBWbUAucR1OS6_4UMNZM", "None"]}	2024-04-03 09:40:03.3457+00	\N	6	\N	\N	\N
323	10	10	james.ndungu@gmail.com	1	{"last_login": ["2024-04-03 04:24:18.377015", "2024-04-03 09:40:03.348601"]}	2024-04-03 09:40:03.350909+00	\N	4	\N	\N	\N
324	lerybsal31098guch3fbzmgtvdzymd8i	\N	lerybsal31098guch3fbzmgtvdzymd8i	1	{"expire_date": ["2024-04-17 09:40:03.334256", "2024-04-17 09:40:03.357562"], "session_data": [".eJxNzUsOgyAQBuC7sDZE7MKEZfc9AxllaqdSMIDa1HD3oqVpd_PPN4-NrfQCr5VxA1m1EK5MbixEnJi0szHVUSsNEXaAOd4-kIpcyWD40ZYy4DN6-O7kvIChnFCr_2MZ5oBeTSOTTNSsxA76Ea3OPX0HOzjeOxs9dXx_wIsGfnEazbnMVsd3tJF6iOSsivRAJkUrGnFqm_qU0hvgqVM1:1rrx6B:uZDVj0BeBzv3i17KS4xhFrnFj1qfl8LMY_OlyHe1JPY", ".eJxVjEEOwiAQRe_C2jRIoYEu3XsGMmUGixJqCq1G492t2oXdzfvv_3myW3jAiDYOp5DsHOjG2ifLha6sTVOMu-9tEQos4rWiD5Hyj-leRvjzM8SwEKHdDBdjYSq9nTKNNiBr2Z6zTdiBu1D6GDxDOg2VG1IZQ1d9KtVqc3UckOJh7W4e9JD7Zc1lo6TxHpGLRpJHcF4TGmGMMk5L0TV7zaWvRa107YxTTa2FUpxISsEde70BbWZeXg:1rrx6B:r0nakmtLNCW5ganWGK22p6Tcy6hzBTrJSsURJhIxYQI"]}	2024-04-03 09:40:03.359742+00	\N	6	\N	\N	\N
325	p2e9ggazfwqq7z4ihdkdftesug0g1mix	\N	p2e9ggazfwqq7z4ihdkdftesug0g1mix	1	{"expire_date": ["2024-04-16 15:01:12.429244", "2024-04-18 06:43:07.309127"], "session_data": [".eJxVjs1ugzAQhN_F5wjZ_NTAsfc-gzVmF3BrmQgbUjXKu9dJOZTbzn4zo7mLm_vBSsYvkwtmd3wT_V3ExFfRh837y-s2hIQMHoccnef4p_k7rfjHd3iXFZM5BTMx2NJstsircSR6oWQpTl-L4YvDE9EnwrQUwxLS6mzxtBQHjcXHQuzfD--pYEacc1qTQjPCopSodGubtgPGGrJiNSpQB9KlloOuycqS1NAAiquRu6YmPbzl0v01UbX1ReQRkUMyk9s55N_jF0mHaXE:1rrfdQ:aC1d9muYWtCcqJOtXpYK9Qh4EhBmdWLO1H5zHWvF7UM", ".eJxVjM1uwyAQhN-Fc2WBf0rsY-95BjSwS0yKcGRwEjXKu9dpfYhv-803sw9xCz-YycTpFJK5Br6J4SFy4YsY0hLjx99tCAWreG7oQ-T8z3wvM978FTGsxGR2w9UYLGU0S-bZBBKDULIWu9TCfXN6KTojnabKTanMwVavSrXZXB0n4vi1dXcPRuRxXWtS6DwsaolGH2x36AHfQjasvAL1IF1r6XRLVtakXAcobjz3XUvafYrnL-ONYDs:1rsGoV:6E4Walw6GTKJBWOyY5Yn1WJ8BRl30mDY2psKLtt7Qk8"]}	2024-04-04 06:43:07.317967+00	\N	6	\N	\N	\N
326	p2e9ggazfwqq7z4ihdkdftesug0g1mix	\N	p2e9ggazfwqq7z4ihdkdftesug0g1mix	1	{"expire_date": ["2024-04-18 06:43:07.309127", "2024-04-18 06:43:14.484988"], "session_data": [".eJxVjM1uwyAQhN-Fc2WBf0rsY-95BjSwS0yKcGRwEjXKu9dpfYhv-803sw9xCz-YycTpFJK5Br6J4SFy4YsY0hLjx99tCAWreG7oQ-T8z3wvM978FTGsxGR2w9UYLGU0S-bZBBKDULIWu9TCfXN6KTojnabKTanMwVavSrXZXB0n4vi1dXcPRuRxXWtS6DwsaolGH2x36AHfQjasvAL1IF1r6XRLVtakXAcobjz3XUvafYrnL-ONYDs:1rsGoV:6E4Walw6GTKJBWOyY5Yn1WJ8BRl30mDY2psKLtt7Qk8", ".eJxVjs1ugzAQhN_F5wjZ_NTAsfc-gzVmF3BrmQgbUjXKu9dJOZTbzn4zo7mLm_vBSsYvkwtmd3wT_V3ExFfRh837y-s2hIQMHoccnef4p_k7rfjHd3iXFZM5BTMx2NJstsircSR6oWQpTl-L4YvDE9EnwrQUwxLS6mzxtBQHjcXHQuzfD--pYEacc1qTQjPCopSodGubtgPGGrJiNSpQB9KlloOuycqS1NAAiquRu6YmPbzl0v01UbX1ReQRkUMyk9s55N_jF0mHaXE:1rsGoc:jgCvVn-ZYD9PFyHAdluZ7duHmYtOXrorqBQD43yb_3A"]}	2024-04-04 06:43:14.486822+00	\N	6	\N	\N	\N
327	16hpdqtynjnephg1v9ob0y2qlxo0geuj	\N	16hpdqtynjnephg1v9ob0y2qlxo0geuj	1	{"expire_date": ["2024-04-16 14:53:09.753241", "2024-04-21 12:55:42.884097"], "session_data": [".eJxVjcEOwiAQRP-FsyEUFgI9evcbCN1d2qqhSaFejP9um_Sg13kzb94ipq1Ncau8xplELzolLr_hkPDB5SB0T2VcJC6lrfMgj4o8aZW3hfh5Pbt_ginVaV8rcBZCzkRKO-BMCbNnCjoEG9CDHlznFWSjjfUGA1pnvLZWMQNohbt0f65cWhznFxfRd58vHnE9pw:1rrfVd:lsdKUV3mvOhQi2GbYMO8Fo0E2ixO2bp2Qgblxy588RY", ".eJxVjEEOwiAQRe_C2hAKAwGX7j0DgZlBqgaS0q6Md9cmXej2v_f-S8S0rTVug5c4kziLSYnT75gTPrjthO6p3brE3tZlznJX5EGHvHbi5-Vw_w5qGvVbK3AWQilESjvgQgmLZwo6BBvQg85u8gqK0cZ6gwGtM15bq5gBtELx_gD_fTda:1rtS3i:-TQ1GzjAO6EpEZ6Ufi4yg_B4Bz5wTYWEaKskfsjde7w"]}	2024-04-07 12:55:42.889919+00	\N	6	\N	\N	\N
328	35	35	LS-TP-35	1	{"consent_share_gov_patner": ["True", "1"], "consent_limited_disclosure": ["True", "1"], "consent_research": ["True", "1"], "consent_abstain_answer": ["True", "1"], "place_of_birth": ["gaborone", "gaboroned"]}	2024-04-08 16:10:36.362097+00	\N	24	\N	\N	\N
329	35	35	LS-TP-35	1	{"consent_share_gov_patner": ["True", "1"], "consent_limited_disclosure": ["True", "1"], "consent_research": ["True", "1"], "consent_abstain_answer": ["True", "1"]}	2024-04-08 16:10:36.393232+00	\N	24	\N	\N	\N
330	35	35	LS-TP-35	1	{"consent_share_gov_patner": ["True", "1"], "consent_limited_disclosure": ["True", "1"], "consent_research": ["True", "1"], "consent_abstain_answer": ["True", "1"]}	2024-04-08 16:10:47.711369+00	\N	24	\N	\N	\N
331	35	35	LS-TP-35	1	{"consent_share_gov_patner": ["True", "1"], "consent_limited_disclosure": ["True", "1"], "consent_research": ["True", "1"], "consent_abstain_answer": ["True", "1"]}	2024-04-08 16:10:47.73162+00	\N	24	\N	\N	\N
332	35	35	LS-TP-35	1	{"consent_share_gov_patner": ["True", "1"], "consent_limited_disclosure": ["True", "1"], "consent_research": ["True", "1"], "consent_abstain_answer": ["True", "1"]}	2024-04-08 16:13:10.489054+00	\N	24	\N	\N	\N
333	35	35	LS-TP-35	1	{"consent_share_gov_patner": ["True", "1"], "consent_limited_disclosure": ["True", "1"], "consent_research": ["True", "1"], "consent_abstain_answer": ["True", "1"]}	2024-04-08 16:13:10.513078+00	\N	24	\N	\N	\N
334	35	35	LS-TP-35	1	{"consent_share_gov_patner": ["True", "1"], "consent_limited_disclosure": ["True", "1"], "consent_research": ["True", "1"], "consent_abstain_answer": ["True", "1"]}	2024-04-08 16:13:36.339875+00	\N	24	\N	\N	\N
335	35	35	LS-TP-35	1	{"consent_share_gov_patner": ["True", "1"], "consent_limited_disclosure": ["True", "1"], "consent_research": ["True", "1"], "consent_abstain_answer": ["True", "1"]}	2024-04-08 16:13:36.362561+00	\N	24	\N	\N	\N
336	35	35	LS-TP-35	1	{"consent_share_gov_patner": ["True", "1"], "consent_limited_disclosure": ["True", "1"], "consent_research": ["True", "1"], "consent_abstain_answer": ["True", "1"]}	2024-04-08 16:13:41.033703+00	\N	24	\N	\N	\N
337	35	35	LS-TP-35	1	{"consent_share_gov_patner": ["True", "1"], "consent_limited_disclosure": ["True", "1"], "consent_research": ["True", "1"], "consent_abstain_answer": ["True", "1"]}	2024-04-08 16:13:41.054784+00	\N	24	\N	\N	\N
341	121	121	TransitRouteDestination object (121)	1	{"city_village_of_origin": ["asbhjc", "asbh"]}	2024-04-10 11:59:46.13924+00	\N	25	\N	\N	\N
342	g00a2b5zlj9kw1og9db4x0c1k6p7nc1k	\N	g00a2b5zlj9kw1og9db4x0c1k6p7nc1k	1	{"expire_date": ["2024-04-15 16:49:38.331268", "2024-04-24 13:07:13.126231"], "session_data": [".eJxVjsFywyAMRP-Fc4cWDI3tY-_9BkYIOaal0DHYySSTfy-OfagvGq3eamfv7OJvMDkT0tlHs3i6sP7OcqFf1sc5hJfnbhwUqOCxy8EHypuma5ngH18g-KrImcNjJQbmMpo502S8Yz2T7HCzgN8UV-C-IJ4TxxTL5C1fLXynmX8mR-Fj9x4CRshj_dYt2kaoFvEkOosOLGmNoIV9a5sBQMmT7uQARIQoCWWnFDohWmsbeNdraCq1OC0eaWu6avoBH_hzbuhVsccfVANvEg:1rrKqo:-Bmh7loQOu5YQqB5L8JKkB34ZIgPLIcBRdX5sBLxWrk", ".eJxVjkFuwyAQRe_CuqIFQ2Jn2X3PgIZhHJNSUxniRIly90DsRbwZ6c2b-fp3dvE3mJwJ8ehHM3u6sMOdpUz_7MDgnAf28SLjIENRjxV7HygtTNc8wZufIfhC5MzmsRhTA8050WS8K_mSbXYW8JfGKtwJxmPkGMc8ecvrCV9t4j_RUfhebzcBA6ShfOsWbSNUi7gXnUUHlrRG0MJ-tU0PoORed7IHIkKUhLJTCp0QrbUN7HQNjbkUp9kjLU0r0x_4wF9zUZ-KPZ6uCW9N:1ruXfV:ou6OfXIHiSg7hvm2w8sSd6L4HVH23GfaHL_HXeAgIeY"]}	2024-04-10 13:07:13.129784+00	\N	6	\N	\N	\N
343	4	4	default (jrarui@strathmore.edu)	1	{"token": ["None", "081336"], "valid_until": ["2024-04-01 16:49:38.177180", "2024-04-10 13:12:20.455735"], "last_generated_timestamp": ["None", "2024-04-10 13:07:20.455631"]}	2024-04-10 13:07:20.461888+00	2	34	102.0.3.110	\N	\N
344	g00a2b5zlj9kw1og9db4x0c1k6p7nc1k	\N	g00a2b5zlj9kw1og9db4x0c1k6p7nc1k	1	{"expire_date": ["2024-04-24 13:07:13.126231", "2024-04-24 13:07:21.674459"], "session_data": [".eJxVjkFuwyAQRe_CuqIFQ2Jn2X3PgIZhHJNSUxniRIly90DsRbwZ6c2b-fp3dvE3mJwJ8ehHM3u6sMOdpUz_7MDgnAf28SLjIENRjxV7HygtTNc8wZufIfhC5MzmsRhTA8050WS8K_mSbXYW8JfGKtwJxmPkGMc8ecvrCV9t4j_RUfhebzcBA6ShfOsWbSNUi7gXnUUHlrRG0MJ-tU0PoORed7IHIkKUhLJTCp0QrbUN7HQNjbkUp9kjLU0r0x_4wF9zUZ-KPZ6uCW9N:1ruXfV:ou6OfXIHiSg7hvm2w8sSd6L4HVH23GfaHL_HXeAgIeY", ".eJydkM9uwyAMh9-Fc5WVhCx_jr3vGZAxbuuVQpWQdFqUdx9JMy3nXZB-_ow_wySe_A2d1S5c2OuR6SnaSfSRHqIVMdzIi8MatYUIC4MhXkXrB-fmjZzZUf-HpjkB-ood_N5JeQTHKZHV-2EJDD11-nFLtlxsyQAmr00l-wn-EjIMPnZssmV-ttE--wiW3GnrPaxy8pERIgevI99JtLKSeVUqpY5JpZcWvSrYbsJd7X_a3YAr9On5oqzRFFLViJVsDFowVJYIpTTHujgDqLRRk5-BiBBzwrxRCq2UtTEFvJfL0BDTF9HISK9Nl0x3YJet5wu9KTH_AJwAmvk:1ruXfd:J8SW_P01W7m1_9D34peY0JSYWH7nFM5fe53f4bbmhqk"]}	2024-04-10 13:07:21.676212+00	\N	6	\N	\N	\N
345	4	4	default (jrarui@strathmore.edu)	1	{"token": ["081336", "None"], "valid_until": ["2024-04-10 13:12:20.455735", "2024-04-10 13:07:33.177404"]}	2024-04-10 13:07:33.181522+00	2	34	102.0.3.110	\N	\N
346	4	4	default (jrarui@strathmore.edu)	1	{"last_generated_timestamp": ["2024-04-10 13:07:20.455631", "None"]}	2024-04-10 13:07:33.18677+00	2	34	102.0.3.110	\N	\N
347	2	2	jrarui@strathmore.edu	1	{"last_login": ["2024-04-01 16:49:38.217649", "2024-04-10 13:07:33.194649"]}	2024-04-10 13:07:33.198+00	2	4	102.0.3.110	\N	\N
348	g00a2b5zlj9kw1og9db4x0c1k6p7nc1k	\N	g00a2b5zlj9kw1og9db4x0c1k6p7nc1k	1	{"expire_date": ["2024-04-24 13:07:21.674459", "2024-04-24 13:07:33.204230"], "session_data": [".eJydkM9uwyAMh9-Fc5WVhCx_jr3vGZAxbuuVQpWQdFqUdx9JMy3nXZB-_ow_wySe_A2d1S5c2OuR6SnaSfSRHqIVMdzIi8MatYUIC4MhXkXrB-fmjZzZUf-HpjkB-ood_N5JeQTHKZHV-2EJDD11-nFLtlxsyQAmr00l-wn-EjIMPnZssmV-ttE--wiW3GnrPaxy8pERIgevI99JtLKSeVUqpY5JpZcWvSrYbsJd7X_a3YAr9On5oqzRFFLViJVsDFowVJYIpTTHujgDqLRRk5-BiBBzwrxRCq2UtTEFvJfL0BDTF9HISK9Nl0x3YJet5wu9KTH_AJwAmvk:1ruXfd:J8SW_P01W7m1_9D34peY0JSYWH7nFM5fe53f4bbmhqk", ".eJxVjsFywyAMRP-Fc4cWDI3tY-_9BkYIOaal0DHYySSTfy-OfagvGq3eamfv7OJvMDkT0tlHs3i6sP7OcqFf1sc5hJfnbhwUqOCxy8EHypuma5ngH18g-KrImcNjJQbmMpo502S8Yz2T7HCzgN8UV-C-IJ4TxxTL5C1fLXynmX8mR-Fj9x4CRshj_dYt2kaoFvEkOosOLGmNoIV9a5sBQMmT7uQARIQoCWWnFDohWmsbeNdraCq1OC0eaWu6avoBH_hzbuhVsccfVANvEg:1ruXfp:o1mx2uL8Uh_re9G6LDUJLCfhGaQEsunoX2xukZZsORM"]}	2024-04-10 13:07:33.206188+00	\N	6	\N	\N	\N
349	g00a2b5zlj9kw1og9db4x0c1k6p7nc1k	\N	g00a2b5zlj9kw1og9db4x0c1k6p7nc1k	1	{"expire_date": ["2024-04-24 13:07:33.204230", "2024-04-24 13:07:34.107030"], "session_data": [".eJxVjsFywyAMRP-Fc4cWDI3tY-_9BkYIOaal0DHYySSTfy-OfagvGq3eamfv7OJvMDkT0tlHs3i6sP7OcqFf1sc5hJfnbhwUqOCxy8EHypuma5ngH18g-KrImcNjJQbmMpo502S8Yz2T7HCzgN8UV-C-IJ4TxxTL5C1fLXynmX8mR-Fj9x4CRshj_dYt2kaoFvEkOosOLGmNoIV9a5sBQMmT7uQARIQoCWWnFDohWmsbeNdraCq1OC0eaWu6avoBH_hzbuhVsccfVANvEg:1ruXfp:o1mx2uL8Uh_re9G6LDUJLCfhGaQEsunoX2xukZZsORM", ".eJxVjkFuwyAQRe_CuqIFQ2Jn2X3PgIZhHJNSUxniRIly90DsRbwZ6c2b-fp3dvE3mJwJ8ehHM3u6sMOdpUz_7MDgnAf28SLjIENRjxV7HygtTNc8wZufIfhC5MzmsRhTA8050WS8K_mSbXYW8JfGKtwJxmPkGMc8ecvrCV9t4j_RUfhebzcBA6ShfOsWbSNUi7gXnUUHlrRG0MJ-tU0PoORed7IHIkKUhLJTCp0QrbUN7HQNjbkUp9kjLU0r0x_4wF9zUZ-KPZ6uCW9N:1ruXfq:9CcGkh05jtQiE95pv0AUDk1AyW7_rCS153Lb0ohuo8I"]}	2024-04-10 13:07:34.108757+00	\N	6	\N	\N	\N
350	g00a2b5zlj9kw1og9db4x0c1k6p7nc1k	\N	g00a2b5zlj9kw1og9db4x0c1k6p7nc1k	1	{"expire_date": ["2024-04-24 13:07:34.107030", "2024-04-24 13:07:49.778707"], "session_data": [".eJxVjkFuwyAQRe_CuqIFQ2Jn2X3PgIZhHJNSUxniRIly90DsRbwZ6c2b-fp3dvE3mJwJ8ehHM3u6sMOdpUz_7MDgnAf28SLjIENRjxV7HygtTNc8wZufIfhC5MzmsRhTA8050WS8K_mSbXYW8JfGKtwJxmPkGMc8ecvrCV9t4j_RUfhebzcBA6ShfOsWbSNUi7gXnUUHlrRG0MJ-tU0PoORed7IHIkKUhLJTCp0QrbUN7HQNjbkUp9kjLU0r0x_4wF9zUZ-KPZ6uCW9N:1ruXfq:9CcGkh05jtQiE95pv0AUDk1AyW7_rCS153Lb0ohuo8I", ".eJxVjkFuwyAQRe_CuqIFQ2Jn2X3PgIZhHJNSUxniRIly90DsRbwZ6c2b-fp3dvE3mJwJ8ehHM3u6sMOdpUz_7MDgnAf28SLjIENRjxV7HygtTNc8wZufIfhC5MzmsRhTA8050WS8K_mSbXYW8JfGKtwJxmPkGMc8ecvrCV9t4j_RUfhebzcBA6ShfOsWbSNUi7gXnUUHlrRG0MJ-tU0PoORed7IHIkKUhLJTCp0QrbUN7HQNjbkUp9kjLU0r0x_4wF9zUZ-KPZ6uCW9N:1ruXg5:s2L59JjcExZpsHl8bu3k7L88aYJyw0Lh3ed_PWcuhoQ"]}	2024-04-10 13:07:49.780553+00	\N	6	\N	\N	\N
351	g00a2b5zlj9kw1og9db4x0c1k6p7nc1k	\N	g00a2b5zlj9kw1og9db4x0c1k6p7nc1k	1	{"expire_date": ["2024-04-24 13:07:49.778707", "2024-04-24 13:08:09.388671"], "session_data": [".eJxVjkFuwyAQRe_CuqIFQ2Jn2X3PgIZhHJNSUxniRIly90DsRbwZ6c2b-fp3dvE3mJwJ8ehHM3u6sMOdpUz_7MDgnAf28SLjIENRjxV7HygtTNc8wZufIfhC5MzmsRhTA8050WS8K_mSbXYW8JfGKtwJxmPkGMc8ecvrCV9t4j_RUfhebzcBA6ShfOsWbSNUi7gXnUUHlrRG0MJ-tU0PoORed7IHIkKUhLJTCp0QrbUN7HQNjbkUp9kjLU0r0x_4wF9zUZ-KPZ6uCW9N:1ruXg5:s2L59JjcExZpsHl8bu3k7L88aYJyw0Lh3ed_PWcuhoQ", ".eJxVjkFuwyAQRe_CuqIFQ2Jn2X3PgIZhHJNSUxniRIly90DsRbwZ6c2b-fp3dvE3mJwJ8ehHM3u6sMOdpUz_7MDgnAf28SLjIENRjxV7HygtTNc8wZufIfhC5MzmsRhTA8050WS8K_mSbXYW8JfGKtwJxmPkGMc8ecvrCV9t4j_RUfhebzcBA6ShfOsWbSNUi7gXnUUHlrRG0MJ-tU0PoORed7IHIkKUhLJTCp0QrbUN7HQNjbkUp9kjLU0r0x_4wF9zUZ-KPZ6uCW9N:1ruXgP:F3bHKGjx1U9uMj5Yl_vrplDAgTpW4NxCOkGVY5LEj4g"]}	2024-04-10 13:08:09.390563+00	\N	6	\N	\N	\N
352	g00a2b5zlj9kw1og9db4x0c1k6p7nc1k	\N	g00a2b5zlj9kw1og9db4x0c1k6p7nc1k	2	{"expire_date": ["2024-04-24 13:08:09.388671", "None"], "session_key": ["g00a2b5zlj9kw1og9db4x0c1k6p7nc1k", "None"], "session_data": [".eJxVjkFuwyAQRe_CuqIFQ2Jn2X3PgIZhHJNSUxniRIly90DsRbwZ6c2b-fp3dvE3mJwJ8ehHM3u6sMOdpUz_7MDgnAf28SLjIENRjxV7HygtTNc8wZufIfhC5MzmsRhTA8050WS8K_mSbXYW8JfGKtwJxmPkGMc8ecvrCV9t4j_RUfhebzcBA6ShfOsWbSNUi7gXnUUHlrRG0MJ-tU0PoORed7IHIkKUhLJTCp0QrbUN7HQNjbkUp9kjLU0r0x_4wF9zUZ-KPZ6uCW9N:1ruXgP:F3bHKGjx1U9uMj5Yl_vrplDAgTpW4NxCOkGVY5LEj4g", "None"]}	2024-04-10 13:08:24.640973+00	2	6	102.0.3.110	\N	\N
353	18	18	jrarui	1	{"last_login": ["2024-01-23 11:23:58.482840", "2024-04-10 13:08:24.644597"]}	2024-04-10 13:08:24.646332+00	2	4	102.0.3.110	\N	\N
354	ls9e4grsige3snxuofmawslc0qcs2xqc	\N	ls9e4grsige3snxuofmawslc0qcs2xqc	0	{"expire_date": ["None", "2024-04-24 13:08:24.652825"], "session_key": ["None", "ls9e4grsige3snxuofmawslc0qcs2xqc"], "session_data": ["None", ".eJxVjMsOgjAQRf-la0PKo1hYuvcbmqEzhWpTDC1gNPy7oCxkN2fOvffNFIyxU2OgQVlkNUslO_0_G9B38pvBG_i2T3Tv42CbZIskuw3JtUdylz17GOggdFs7NyhzkQkhCy6FxsqUlYbz2RhZZiDKDNPSVDwtTJo1JPMq5xK5NiQbKICvo7N9wYDK9a31arI0s_rNQqQHq_3o3Ol7K4QIq1h2NNZR-DE94wB_fgJnVyJUh-KyfAAt5V7w:1ruXge:NILUpo7c5ZmGkQVYFDJryRDbXk-VJN7u9aUiSTT6NaY"]}	2024-04-10 13:08:24.656532+00	\N	6	\N	\N	\N
355	35	35	LS-TP-35	1	{"consent_share_gov_patner": ["True", "1"], "consent_limited_disclosure": ["True", "1"], "consent_research": ["True", "1"], "consent_abstain_answer": ["True", "1"], "citizenship": ["Kingdom of Lesotho", "Angola"], "last_place_of_residence": ["Kingdom of Eswatini", "Botswana"], "interview_country": ["Kingdom of Eswatini", "Botswana"]}	2024-04-10 14:48:48.767745+00	\N	24	\N	\N	\N
358	3	3	SomCase object (3)	0	{"som_prosecutions": ["None", "case_interview_app.SomProsecution.None"], "som_assistance": ["None", "case_interview_app.SomAssistance.None"], "id": ["None", "3"], "som_victimprofile": ["None", "case_interview_app.SomVictimProfile.None"], "som_transit": ["None", "case_interview_app.SomTransitRouteDestination.None"], "som_multi_victimprofile": ["None", "case_interview_app.SomMultiVictimProfile.None"], "som_traffickers": ["None", "case_interview_app.SomSuspectedTrafficker.None"], "som_investigations": ["None", "case_interview_app.SomArrestInvestigation.None"], "date_of_arrest": ["None", "2024-01-01"], "traffick_from_country": ["None", "Angola"], "traffick_from_place": ["None", "abuju"], "traffick_to_country": ["None", "Botswana"], "traffick_to_place": ["None", "gaborone"], "approval": ["None", "Pending"], "created_at": ["None", "2024-04-10 14:52:35.111949"], "updated_at": ["None", "2024-04-10 14:52:35.111969"], "som_socio_economic": ["None", "case_interview_app.SomSocioEconomic.None"]}	2024-04-10 14:52:35.1269+00	\N	73	\N	\N	\N
359	4	4	SomCase object (4)	0	{"id": ["None", "4"], "som_socio_economic": ["None", "case_interview_app.SomSocioEconomic.None"], "som_traffickers": ["None", "case_interview_app.SomSuspectedTrafficker.None"], "som_transit": ["None", "case_interview_app.SomTransitRouteDestination.None"], "date_of_arrest": ["None", "2022-04-01"], "traffick_from_country": ["None", "Angola"], "traffick_from_place": ["None", "ankira"], "traffick_to_country": ["None", "Botswana"], "traffick_to_place": ["None", "gaborone"], "som_investigations": ["None", "case_interview_app.SomArrestInvestigation.None"], "approval": ["None", "Pending"], "som_multi_victimprofile": ["None", "case_interview_app.SomMultiVictimProfile.None"], "som_prosecutions": ["None", "case_interview_app.SomProsecution.None"], "som_assistance": ["None", "case_interview_app.SomAssistance.None"], "created_at": ["None", "2024-04-10 18:39:15.868106"], "updated_at": ["None", "2024-04-10 18:39:15.868139"], "som_victimprofile": ["None", "case_interview_app.SomVictimProfile.None"]}	2024-04-10 18:39:15.886248+00	\N	73	\N	\N	\N
360	4	4	None	0	{"citizenship": ["None", "Botswana"], "countryOfBirth": ["None", "Botswana"], "gender": ["None", "Male"], "race": ["None", "White"], "place_of_birth": ["None", "gaborone"], "last_place_of_residence": ["None", "Comoros"], "identification_number": ["None", "9458392"], "initials": ["None", "bcd"], "age": ["None", "23"], "address": ["None", "wapi"], "email_address": ["None", "bcd@gmail.com"], "interview_country": ["None", "Angola"], "interview_location": ["None", "ankira"], "interview_date": ["None", "2001-03-01"], "additional_remarks": ["None", "none"], "case": ["None", "SomCase object (4)"], "consent_share_gov_patner": ["None", "1"], "consent_limited_disclosure": ["None", "1"], "consent_research": ["None", "1"], "consent_abstain_answer": ["None", "1"], "approval": ["None", "Pending"], "created_at": ["None", "2024-04-10 18:45:34.114564"], "updated_at": ["None", "2024-04-10 18:45:34.114589"], "som_socio_economic": ["None", "case_interview_app.SomSocioEconomic.None"], "id": ["None", "4"]}	2024-04-10 18:45:34.14323+00	\N	75	\N	\N	\N
361	4	4	BW-TP-4	1	{"victim_identifier": ["None", "BW-TP-4"], "consent_share_gov_patner": ["True", "1"], "consent_limited_disclosure": ["True", "1"], "consent_research": ["True", "1"], "consent_abstain_answer": ["True", "1"]}	2024-04-10 18:45:34.161495+00	\N	75	\N	\N	\N
362	1	1	SomTransitRouteDestination object (1)	0	{"id": ["None", "1"], "case": ["None", "SomCase object (4)"], "country_of_origin": ["None", "Angola"], "country_of_interception": ["None", "Angola"], "country_of_dest": ["None", "Botswana"], "remarks": ["None", "none"], "interviewer": ["None", "Interviewer object (2)"], "approval": ["None", "Pending"], "created_at": ["None", "2024-04-10 18:46:35.367796"], "updated_at": ["None", "2024-04-10 18:46:35.367816"]}	2024-04-10 18:46:35.383229+00	\N	76	\N	\N	\N
363	2	2	SomTransitRouteDestination object (2)	0	{"id": ["None", "2"], "case": ["None", "SomCase object (4)"], "country_of_origin": ["None", "Angola"], "country_of_interception": ["None", "Angola"], "country_of_dest": ["None", "Botswana"], "remarks": ["None", "none"], "interviewer": ["None", "Interviewer object (2)"], "approval": ["None", "Pending"], "created_at": ["None", "2024-04-10 18:46:43.565665"], "updated_at": ["None", "2024-04-10 18:46:43.565693"]}	2024-04-10 18:46:43.587192+00	\N	76	\N	\N	\N
364	3	3	SomTransitRouteDestination object (3)	0	{"id": ["None", "3"], "case": ["None", "SomCase object (4)"], "country_of_origin": ["None", "Angola"], "country_of_interception": ["None", "Angola"], "country_of_dest": ["None", "Botswana"], "remarks": ["None", "none"], "interviewer": ["None", "Interviewer object (2)"], "approval": ["None", "Pending"], "created_at": ["None", "2024-04-10 18:46:52.883455"], "updated_at": ["None", "2024-04-10 18:46:52.883478"]}	2024-04-10 18:46:52.897896+00	\N	76	\N	\N	\N
365	4	4	SomTransitRouteDestination object (4)	0	{"id": ["None", "4"], "case": ["None", "SomCase object (4)"], "country_of_origin": ["None", "Angola"], "country_of_interception": ["None", "Angola"], "country_of_dest": ["None", "Botswana"], "remarks": ["None", "none"], "interviewer": ["None", "Interviewer object (2)"], "approval": ["None", "Pending"], "created_at": ["None", "2024-04-10 18:47:07.209823"], "updated_at": ["None", "2024-04-10 18:47:07.209843"]}	2024-04-10 18:47:07.22477+00	\N	76	\N	\N	\N
366	5	5	SomTransitRouteDestination object (5)	0	{"id": ["None", "5"], "case": ["None", "SomCase object (4)"], "country_of_origin": ["None", "Angola"], "country_of_interception": ["None", "Angola"], "country_of_dest": ["None", "Botswana"], "remarks": ["None", "none"], "interviewer": ["None", "Interviewer object (2)"], "approval": ["None", "Pending"], "created_at": ["None", "2024-04-10 18:47:11.823633"], "updated_at": ["None", "2024-04-10 18:47:11.823654"]}	2024-04-10 18:47:11.837806+00	\N	76	\N	\N	\N
367	6	6	SomTransitRouteDestination object (6)	0	{"id": ["None", "6"], "case": ["None", "SomCase object (4)"], "country_of_origin": ["None", "Angola"], "country_of_interception": ["None", "Angola"], "country_of_dest": ["None", "Botswana"], "remarks": ["None", "none"], "interviewer": ["None", "Interviewer object (2)"], "approval": ["None", "Pending"], "created_at": ["None", "2024-04-10 18:47:15.281770"], "updated_at": ["None", "2024-04-10 18:47:15.281796"]}	2024-04-10 18:47:15.302153+00	\N	76	\N	\N	\N
368	7	7	SomTransitRouteDestination object (7)	0	{"id": ["None", "7"], "case": ["None", "SomCase object (4)"], "country_of_origin": ["None", "Angola"], "country_of_interception": ["None", "Angola"], "country_of_dest": ["None", "Botswana"], "remarks": ["None", "none"], "interviewer": ["None", "Interviewer object (2)"], "approval": ["None", "Pending"], "created_at": ["None", "2024-04-10 18:47:37.019702"], "updated_at": ["None", "2024-04-10 18:47:37.019725"]}	2024-04-10 18:47:37.034163+00	\N	76	\N	\N	\N
369	8	8	SomTransitRouteDestination object (8)	0	{"id": ["None", "8"], "case": ["None", "SomCase object (4)"], "country_of_origin": ["None", "Angola"], "country_of_interception": ["None", "Angola"], "country_of_dest": ["None", "Botswana"], "remarks": ["None", "none"], "interviewer": ["None", "Interviewer object (2)"], "approval": ["None", "Pending"], "created_at": ["None", "2024-04-10 18:47:45.008803"], "updated_at": ["None", "2024-04-10 18:47:45.008829"]}	2024-04-10 18:47:45.027594+00	\N	76	\N	\N	\N
370	124	124	Exploitation object (124)	1	{"freed_method": ["None", "Family Intervention"], "e_recruitment_type": ["None", "Internet advertiser"], "e_recruiter_relationship": ["None", "Acquaintance"]}	2024-04-11 14:55:48.173072+00	\N	37	\N	\N	\N
372	124	124	Exploitation object (124)	1	{"exploitation_age": ["None", "Below 18"]}	2024-04-11 16:49:37.074549+00	\N	37	\N	\N	\N
373	121	121	Exploitation object (121)	1	{"exploitation_length": ["2", "20 days"], "exploitation_age": ["Above 18", "Below 18"], "debt_amount": ["", "62938 usd"], "freed_method": ["NGO intervention", "Friend"], "e_prostitution": ["False", "True"], "e_forced_labour": ["True", "False"], "e_remarks": ["n/a", "Nothing"], "e_recruitment_type": ["Internet advertiser", "Employment agency"], "e_recruiter_relationship": ["Friend", "Business contact"]}	2024-04-11 17:34:40.900752+00	\N	37	\N	\N	\N
374	121	121	Exploitation object (121)	1	{"exploitation_length": ["20 days", "20 years"]}	2024-04-11 17:35:34.347157+00	\N	37	\N	\N	\N
375	124	124	Exploitation object (124)	1	{"e_remarks": ["", "None"]}	2024-04-11 17:36:26.485889+00	\N	37	\N	\N	\N
376	124	124	Exploitation object (124)	1	{"exploitation_length": ["2", "2 years"]}	2024-04-11 17:41:39.108264+00	\N	37	\N	\N	\N
377	124	124	Exploitation object (124)	1	{"e_remarks": ["None", "Nono"]}	2024-04-11 17:45:35.891682+00	\N	37	\N	\N	\N
378	2	2	Interviewer object (2)	1	{"data_entry_purpose": ["TiP Process", "Investigation"], "approval_comments": ["None", ""]}	2024-04-11 17:51:08.215279+00	18	14	102.0.3.110	\N	\N
379	35	35	SuspectedTrafficker object (35)	1	{"traffick_to_place": ["Askad", "Aska"]}	2024-04-13 01:29:02.60549+00	\N	26	\N	\N	\N
380	30	30	ArrestInvestigation object (30)	0	{"victim": ["None", "LS-TP-35"], "org_crime": ["None", "True"], "suspects_arrested": ["None", "False"], "why_no_arrest": ["None", "They fled the region"], "victim_smuggled": ["None", "False"], "investigation_done": ["None", "True"], "why_no_investigation": ["None", ""], "investigation_status": ["None", "Pending"], "why_pending": ["None", ""], "id": ["None", "30"], "withdrawn_closed_reason": ["None", ""], "interviewer": ["None", "Interviewer object (2)"], "approval": ["None", "Pending"], "created_at": ["None", "2024-04-13 11:30:59.293347"], "updated_at": ["None", "2024-04-13 11:30:59.293379"]}	2024-04-13 11:30:59.314258+00	\N	28	\N	\N	\N
381	31	31	ArrestInvestigation object (31)	0	{"victim": ["None", "LS-TP-35"], "org_crime": ["None", "True"], "suspects_arrested": ["None", "False"], "why_no_arrest": ["None", "They fled the region"], "victim_smuggled": ["None", "False"], "investigation_done": ["None", "True"], "why_no_investigation": ["None", ""], "investigation_status": ["None", "Pending"], "why_pending": ["None", ""], "id": ["None", "31"], "withdrawn_closed_reason": ["None", ""], "interviewer": ["None", "Interviewer object (2)"], "approval": ["None", "Pending"], "created_at": ["None", "2024-04-13 11:33:34.583663"], "updated_at": ["None", "2024-04-13 11:33:34.583689"]}	2024-04-13 11:33:34.602458+00	\N	28	\N	\N	\N
382	32	32	ArrestInvestigation object (32)	0	{"victim": ["None", "AO-IV-134"], "org_crime": ["None", "True"], "suspects_arrested": ["None", "True"], "why_no_arrest": ["None", ""], "victim_smuggled": ["None", "True"], "investigation_done": ["None", "True"], "why_no_investigation": ["None", ""], "investigation_status": ["None", "Pending"], "why_pending": ["None", ""], "id": ["None", "32"], "withdrawn_closed_reason": ["None", ""], "interviewer": ["None", "Interviewer object (2)"], "approval": ["None", "Pending"], "created_at": ["None", "2024-04-13 11:52:23.484715"], "updated_at": ["None", "2024-04-13 11:52:23.484752"]}	2024-04-13 11:52:23.510267+00	\N	28	\N	\N	\N
383	5	5	SomCase object (5)	0	{"som_transit": ["None", "case_interview_app.SomTransitRouteDestination.None"], "som_socio_economic": ["None", "case_interview_app.SomSocioEconomic.None"], "id": ["None", "5"], "date_of_arrest": ["None", "2024-03-04"], "traffick_from_country": ["None", "Angola"], "traffick_from_place": ["None", "astra"], "traffick_to_country": ["None", "Comoros"], "traffick_to_place": ["None", "muncha"], "approval": ["None", "Pending"], "som_assistance": ["None", "case_interview_app.SomAssistance.None"], "som_victimprofile": ["None", "case_interview_app.SomVictimProfile.None"], "created_at": ["None", "2024-04-13 12:45:59.497885"], "som_traffickers": ["None", "case_interview_app.SomSuspectedTrafficker.None"], "som_multi_victimprofile": ["None", "case_interview_app.SomMultiVictimProfile.None"], "som_prosecutions": ["None", "case_interview_app.SomProsecution.None"], "updated_at": ["None", "2024-04-13 12:45:59.497908"], "som_investigations": ["None", "case_interview_app.SomArrestInvestigation.None"]}	2024-04-13 12:45:59.514181+00	\N	73	\N	\N	\N
384	5	5	SomArrestInvestigation object (5)	0	{"victim_smuggled": ["None", "True"], "investigation_done": ["None", "True"], "why_no_investigation": ["None", ""], "investigation_status": ["None", "Pending"], "why_pending": ["None", ""], "withdrawn_closed_reason": ["None", ""], "interviewer": ["None", "Interviewer object (2)"], "approval": ["None", "Pending"], "created_at": ["None", "2024-04-13 23:46:41.734028"], "updated_at": ["None", "2024-04-13 23:46:41.734054"], "id": ["None", "5"], "case": ["None", "SomCase object (5)"], "org_crime": ["None", "True"], "suspects_arrested": ["None", "True"], "why_no_arrest": ["None", ""]}	2024-04-13 23:46:41.75039+00	\N	78	\N	\N	\N
385	6	6	SomArrestInvestigation object (6)	0	{"victim_smuggled": ["None", "True"], "investigation_done": ["None", "True"], "why_no_investigation": ["None", ""], "investigation_status": ["None", "Pending"], "why_pending": ["None", ""], "withdrawn_closed_reason": ["None", ""], "interviewer": ["None", "Interviewer object (2)"], "approval": ["None", "Pending"], "created_at": ["None", "2024-04-13 23:49:03.702707"], "updated_at": ["None", "2024-04-13 23:49:03.702741"], "id": ["None", "6"], "case": ["None", "SomCase object (5)"], "org_crime": ["None", "True"], "suspects_arrested": ["None", "True"], "why_no_arrest": ["None", ""]}	2024-04-13 23:49:03.722786+00	\N	78	\N	\N	\N
386	1	1	SomSuspectedTrafficker object (1)	0	{"case": ["None", "SomCase object (5)"], "first_name": ["None", "Find"], "last_name": ["None", "Waldo"], "dob": ["None", "1995-04-13"], "gender": ["None", "Male"], "race": ["None", "White"], "age": ["None", "29"], "country_of_birth": ["None", "Botswana"], "citizenship": ["None", "Botswana"], "nationality": ["None", "Botswana"], "id_number": ["None", "3456837"], "id_type": ["None", "Birth certificate"], "id": ["None", "1"], "last_residence": ["None", "gfsdhjfdj"], "address": ["None", "nairobi"], "interviewer": ["None", "Interviewer object (2)"], "date_of_arrest": ["None", "2024-04-13"], "approval": ["None", "Pending"], "created_at": ["None", "2024-04-13 23:58:27.282912"], "updated_at": ["None", "2024-04-13 23:58:27.282936"], "som_prosecutions": ["None", "case_interview_app.SomProsecution.None"]}	2024-04-13 23:58:27.313587+00	\N	74	\N	\N	\N
387	1	1	SomSuspectedTrafficker object (1)	1	{"last_residence": ["gfsdhjfdj", "gaborone"]}	2024-04-14 01:35:47.189524+00	\N	74	\N	\N	\N
388	1	1	SomCase object (1)	1	{"traffick_from_place": ["shhs", "maloo"]}	2024-04-14 01:59:22.976926+00	\N	73	\N	\N	\N
389	2	2	Interviewer object (2)	1	{"data_entry_purpose": ["Investigation", "Prosecution"]}	2024-04-14 02:00:51.904459+00	18	14	102.0.3.110	\N	\N
409	j3675pgj3qbip7ju4mecyjnlt1l164gk	\N	j3675pgj3qbip7ju4mecyjnlt1l164gk	1	{"expire_date": ["2024-05-02 06:25:13.081375", "2024-05-02 06:26:03.121477"], "session_data": [".eJyrVirPrEosSonPyU_PzIsvy0wtV7KqViouSS1QslJKLC3JUNIB8-JTEksSgVK1UG5aZk5qMYSfWlFSlIgkX5aYkwnkpabEo2isrQUAhp8oDA:1rxLCr:StVfoTk3qkRRGnrxkyWli8CxdyugK4XAmVPfl7ZwM7M", ".eJyrVirPrEosSonPyU_PzIsvy0wtV7KqViouSS1QslJKLC3JUNIB8-JTEksSgVK1UG5aZk5qMYSfWlFSlIgkX5aYkwnkpabEo2isrQUAhp8oDA:1rxLDf:jixbg6cnl9XEC4bhVDM_ZCbLr27oFPb-Kn_wIHGRyW4"]}	2024-04-18 06:26:03.123807+00	\N	6	\N	\N	\N
390	54	54	SuspectedTrafficker object (54)	0	{"traffick_to_place": ["None", "niambu"], "interviewer": ["None", "Interviewer object (2)"], "approval": ["None", "Pending"], "created_at": ["None", "2024-04-14 02:05:19.077138"], "updated_at": ["None", "2024-04-14 02:05:19.077161"], "prosecutions": ["None", "case_interview_app.Prosecution.None"], "id": ["None", "54"], "victim": ["None", "LS-TP-35"], "first_name": ["None", "Milmo"], "last_name": ["None", "Mwatu"], "dob": ["None", "1998-04-14"], "gender": ["None", "Female"], "race": ["None", "Black"], "age": ["None", "26"], "country_of_birth": ["None", "Comoros"], "citizenship": ["None", "Comoros"], "nationality": ["None", "Comoros"], "id_number": ["None", "3356544"], "id_type": ["None", "Driver's license"], "last_residence": ["None", "niambo"], "address": ["None", "niambo"], "date_of_arrest": ["None", "2024-04-12"], "traffick_from_country": ["None", "Botswana"], "traffick_from_place": ["None", "gaborone"], "traffick_to_country": ["None", "Comoros"]}	2024-04-14 02:05:19.102691+00	\N	26	\N	\N	\N
391	34	34	Prosecution object (34)	0	{"victim": ["None", "LS-TP-35"], "trafficker": ["None", "SuspectedTrafficker object (54)"], "interviewer": ["None", "Interviewer object (2)"], "status_of_case": ["None", "Finalised"], "trial_court": ["None", "High court"], "court_case_no": ["None", "cs-0393"], "verdict": ["None", "Guilty"], "prosecution_outcome": ["None", "Acquittal"], "review_appeal_outcome": ["None", ""], "sanction_penalty": ["None", "Correctional supervision"], "approval": ["None", "Pending"], "created_at": ["None", "2024-04-14 02:26:03.004430"], "updated_at": ["None", "2024-04-14 02:26:03.004461"], "id": ["None", "34"]}	2024-04-14 02:26:03.054958+00	\N	27	\N	\N	\N
392	34	34	Prosecution object (34)	1	{"court_case_no": ["cs-0393", "cs-0394"]}	2024-04-14 03:29:24.895604+00	\N	27	\N	\N	\N
393	2	2	Interviewer object (2)	1	{"data_entry_purpose": ["Prosecution", "Investigation"]}	2024-04-14 10:15:06.872636+00	18	14	102.0.3.110	\N	\N
394	2	2	Interviewer object (2)	1	{"data_entry_purpose": ["Investigation", "Prosecution"]}	2024-04-14 10:50:41.310127+00	18	14	102.0.3.110	\N	\N
395	1	1	SomProsecution object (1)	0	{"id": ["None", "1"], "case": ["None", "SomCase object (5)"], "trafficker": ["None", "SomSuspectedTrafficker object (1)"], "interviewer": ["None", "Interviewer object (2)"], "status_of_case": ["None", "Part heard"], "trial_court": ["None", "High court"], "court_case_no": ["None", "cs-056"], "prosecution_outcome": ["None", "Other"], "review_appeal_outcome": ["None", ""], "sanction_penalty": ["None", "Other"], "approval": ["None", "Pending"], "created_at": ["None", "2024-04-14 15:27:46.428429"], "updated_at": ["None", "2024-04-14 15:27:46.428460"]}	2024-04-14 15:27:46.460414+00	\N	79	\N	\N	\N
396	2	2	Interviewer object (2)	1	{"data_entry_purpose": ["Prosecution", "Assistance"]}	2024-04-14 15:29:37.756247+00	18	14	102.0.3.110	\N	\N
397	22	22	Assistance object (22)	1	{"social_assistance_months": ["None", "18"]}	2024-04-14 17:20:18.52738+00	\N	66	\N	\N	\N
398	22	22	Assistance object (22)	1	{"social_assistance_days": ["1", "None"], "social_assistance_months": ["18", "20"]}	2024-04-14 17:30:57.392967+00	\N	66	\N	\N	\N
399	2	2	Interviewer object (2)	1	{"data_entry_purpose": ["Assistance", "TiP Process"]}	2024-04-14 18:55:20.576776+00	18	14	102.0.3.110	\N	\N
400	2	2	Interviewer object (2)	1	{"data_entry_purpose": ["TiP Process", "Assistance"]}	2024-04-14 19:03:14.691818+00	18	14	102.0.3.110	\N	\N
401	2	2	Interviewer object (2)	1	{"data_entry_purpose": ["Assistance", "TiP Process"]}	2024-04-14 19:05:19.158059+00	18	14	102.0.3.110	\N	\N
402	2	2	Interviewer object (2)	1	{"data_entry_purpose": ["TiP Process", "Assistance"]}	2024-04-14 19:21:52.37173+00	18	14	102.0.3.110	\N	\N
403	1	1	SomAssistance object (1)	0	{"social_assistance": ["None", "True"], "housing_allowance": ["None", ""], "halfway_house": ["None", ""], "shelter": ["None", ""], "vocational_training": ["None", ""], "micro_ent_income": ["None", ""], "legal_assistance": ["None", ""], "medical_assistance": ["None", ""], "financial_assistance": ["None", ""], "education_assistance": ["None", ""], "im_emmigration_assistance": ["None", ""], "other_community_assistance": ["None", ""], "interviewer": ["None", "Interviewer object (2)"], "approval": ["None", "Pending"], "created_at": ["None", "2024-04-14 19:44:40.492109"], "updated_at": ["None", "2024-04-14 19:44:40.492143"], "id": ["None", "1"]}	2024-04-14 19:44:40.50695+00	\N	72	\N	\N	\N
404	2	2	SomAssistance object (2)	0	{"social_assistance": ["None", "True"], "housing_allowance": ["None", ""], "halfway_house": ["None", ""], "shelter": ["None", ""], "vocational_training": ["None", ""], "micro_ent_income": ["None", ""], "legal_assistance": ["None", ""], "medical_assistance": ["None", ""], "financial_assistance": ["None", ""], "education_assistance": ["None", ""], "im_emmigration_assistance": ["None", ""], "other_community_assistance": ["None", ""], "interviewer": ["None", "Interviewer object (2)"], "approval": ["None", "Pending"], "created_at": ["None", "2024-04-14 19:44:49.811656"], "updated_at": ["None", "2024-04-14 19:44:49.811679"], "id": ["None", "2"]}	2024-04-14 19:44:49.822766+00	\N	72	\N	\N	\N
405	3	3	SomAssistance object (3)	0	{"social_assistance": ["None", "True"], "housing_allowance": ["None", ""], "halfway_house": ["None", ""], "shelter": ["None", ""], "vocational_training": ["None", ""], "micro_ent_income": ["None", ""], "legal_assistance": ["None", ""], "medical_assistance": ["None", ""], "financial_assistance": ["None", ""], "education_assistance": ["None", ""], "im_emmigration_assistance": ["None", ""], "other_community_assistance": ["None", ""], "interviewer": ["None", "Interviewer object (2)"], "approval": ["None", "Pending"], "created_at": ["None", "2024-04-14 19:46:54.846575"], "updated_at": ["None", "2024-04-14 19:46:54.846615"], "id": ["None", "3"]}	2024-04-14 19:46:54.866693+00	\N	72	\N	\N	\N
406	4	4	SomAssistance object (4)	0	{"case": ["None", "SomCase object (4)"], "social_assistance": ["None", "True"], "housing_allowance": ["None", ""], "halfway_house": ["None", ""], "shelter": ["None", ""], "vocational_training": ["None", ""], "micro_ent_income": ["None", ""], "legal_assistance": ["None", ""], "medical_assistance": ["None", ""], "financial_assistance": ["None", ""], "education_assistance": ["None", ""], "im_emmigration_assistance": ["None", ""], "other_community_assistance": ["None", ""], "interviewer": ["None", "Interviewer object (2)"], "approval": ["None", "Pending"], "created_at": ["None", "2024-04-14 19:48:32.989592"], "updated_at": ["None", "2024-04-14 19:48:32.989621"], "id": ["None", "4"]}	2024-04-14 19:48:33.005914+00	\N	72	\N	\N	\N
407	j3675pgj3qbip7ju4mecyjnlt1l164gk	\N	j3675pgj3qbip7ju4mecyjnlt1l164gk	0	{"expire_date": ["None", "2024-05-02 06:23:16.909437"], "session_key": ["None", "j3675pgj3qbip7ju4mecyjnlt1l164gk"], "session_data": ["None", ".eJyrVirPrEosSonPyU_PzIsvy0wtV7KqViouSS1QslJKLC3JUNIB8-JTEksSgVK1UG5aZk5qMYSfWlFSlIgkX5aYkwnkpabEo2isrQUAhp8oDA:1rxLAy:r_krsPXTiVwMP2pV1GsGiLlRa5DFJDRv8BOgDMCJqNw"]}	2024-04-18 06:23:16.936629+00	\N	6	\N	\N	\N
408	j3675pgj3qbip7ju4mecyjnlt1l164gk	\N	j3675pgj3qbip7ju4mecyjnlt1l164gk	1	{"expire_date": ["2024-05-02 06:23:16.909437", "2024-05-02 06:25:13.081375"], "session_data": [".eJyrVirPrEosSonPyU_PzIsvy0wtV7KqViouSS1QslJKLC3JUNIB8-JTEksSgVK1UG5aZk5qMYSfWlFSlIgkX5aYkwnkpabEo2isrQUAhp8oDA:1rxLAy:r_krsPXTiVwMP2pV1GsGiLlRa5DFJDRv8BOgDMCJqNw", ".eJyrVirPrEosSonPyU_PzIsvy0wtV7KqViouSS1QslJKLC3JUNIB8-JTEksSgVK1UG5aZk5qMYSfWlFSlIgkX5aYkwnkpabEo2isrQUAhp8oDA:1rxLCr:StVfoTk3qkRRGnrxkyWli8CxdyugK4XAmVPfl7ZwM7M"]}	2024-04-18 06:25:13.083862+00	\N	6	\N	\N	\N
\.


--
-- Data for Name: auth_group; Type: TABLE DATA; Schema: public; Owner: tipnet
--

COPY public.auth_group (id, name) FROM stdin;
1	Interviewer
\.


--
-- Data for Name: auth_group_permissions; Type: TABLE DATA; Schema: public; Owner: tipnet
--

COPY public.auth_group_permissions (id, group_id, permission_id) FROM stdin;
1	1	96
2	1	93
\.


--
-- Data for Name: auth_permission; Type: TABLE DATA; Schema: public; Owner: tipnet
--

COPY public.auth_permission (id, name, content_type_id, codename) FROM stdin;
1	Can add log entry	1	add_logentry
2	Can change log entry	1	change_logentry
3	Can delete log entry	1	delete_logentry
4	Can view log entry	1	view_logentry
5	Can add permission	2	add_permission
6	Can change permission	2	change_permission
7	Can delete permission	2	delete_permission
8	Can view permission	2	view_permission
9	Can add group	3	add_group
10	Can change group	3	change_group
11	Can delete group	3	delete_group
12	Can view group	3	view_group
13	Can add user	4	add_user
14	Can change user	4	change_user
15	Can delete user	4	delete_user
16	Can view user	4	view_user
17	Can add content type	5	add_contenttype
18	Can change content type	5	change_contenttype
19	Can delete content type	5	delete_contenttype
20	Can view content type	5	view_contenttype
21	Can add session	6	add_session
22	Can change session	6	change_session
23	Can delete session	6	delete_session
24	Can view session	6	view_session
25	Can add aquital reason	7	add_aquitalreason
26	Can change aquital reason	7	change_aquitalreason
27	Can delete aquital reason	7	delete_aquitalreason
28	Can view aquital reason	7	view_aquitalreason
29	Can add case status	8	add_casestatus
30	Can change case status	8	change_casestatus
31	Can delete case status	8	delete_casestatus
32	Can view case status	8	view_casestatus
33	Can add country	9	add_country
34	Can change country	9	change_country
35	Can delete country	9	delete_country
36	Can view country	9	view_country
37	Can add data entry purpose	10	add_dataentrypurpose
38	Can change data entry purpose	10	change_dataentrypurpose
39	Can delete data entry purpose	10	delete_dataentrypurpose
40	Can view data entry purpose	10	view_dataentrypurpose
41	Can add gender	11	add_gender
42	Can change gender	11	change_gender
43	Can delete gender	11	delete_gender
44	Can view gender	11	view_gender
45	Can add guilty reason	12	add_guiltyreason
46	Can change guilty reason	12	change_guiltyreason
47	Can delete guilty reason	12	delete_guiltyreason
48	Can view guilty reason	12	view_guiltyreason
49	Can add id type	13	add_idtype
50	Can change id type	13	change_idtype
51	Can delete id type	13	delete_idtype
52	Can view id type	13	view_idtype
53	Can add interviewer	14	add_interviewer
54	Can change interviewer	14	change_interviewer
55	Can delete interviewer	14	delete_interviewer
56	Can view interviewer	14	view_interviewer
57	Can add investigation status	15	add_investigationstatus
58	Can change investigation status	15	change_investigationstatus
59	Can delete investigation status	15	delete_investigationstatus
60	Can view investigation status	15	view_investigationstatus
61	Can add language	16	add_language
62	Can change language	16	change_language
63	Can delete language	16	delete_language
64	Can view language	16	view_language
65	Can add prosecution outcome	17	add_prosecutionoutcome
66	Can change prosecution outcome	17	change_prosecutionoutcome
67	Can delete prosecution outcome	17	delete_prosecutionoutcome
68	Can view prosecution outcome	17	view_prosecutionoutcome
69	Can add race	18	add_race
70	Can change race	18	change_race
71	Can delete race	18	delete_race
72	Can view race	18	view_race
73	Can add role in trafficking	19	add_roleintrafficking
74	Can change role in trafficking	19	change_roleintrafficking
75	Can delete role in trafficking	19	delete_roleintrafficking
76	Can view role in trafficking	19	view_roleintrafficking
77	Can add sanction penalty	20	add_sanctionpenalty
78	Can change sanction penalty	20	change_sanctionpenalty
79	Can delete sanction penalty	20	delete_sanctionpenalty
80	Can view sanction penalty	20	view_sanctionpenalty
81	Can add trafficker org	21	add_traffickerorg
82	Can change trafficker org	21	change_traffickerorg
83	Can delete trafficker org	21	delete_traffickerorg
84	Can view trafficker org	21	view_traffickerorg
85	Can add transport mean	22	add_transportmean
86	Can change transport mean	22	change_transportmean
87	Can delete transport mean	22	delete_transportmean
88	Can view transport mean	22	view_transportmean
89	Can add trial court	23	add_trialcourt
90	Can change trial court	23	change_trialcourt
91	Can delete trial court	23	delete_trialcourt
92	Can view trial court	23	view_trialcourt
93	Can add victim profile	24	add_victimprofile
94	Can change victim profile	24	change_victimprofile
95	Can delete victim profile	24	delete_victimprofile
96	Can view victim profile	24	view_victimprofile
97	Can add transit route destination	25	add_transitroutedestination
98	Can change transit route destination	25	change_transitroutedestination
190	Can change military activity	48	change_militaryactivity
99	Can delete transit route destination	25	delete_transitroutedestination
100	Can view transit route destination	25	view_transitroutedestination
101	Can add suspected trafficker	26	add_suspectedtrafficker
102	Can change suspected trafficker	26	change_suspectedtrafficker
103	Can delete suspected trafficker	26	delete_suspectedtrafficker
104	Can view suspected trafficker	26	view_suspectedtrafficker
105	Can add prosecution	27	add_prosecution
106	Can change prosecution	27	change_prosecution
107	Can delete prosecution	27	delete_prosecution
108	Can view prosecution	27	view_prosecution
109	Can add arrest investigation	28	add_arrestinvestigation
110	Can change arrest investigation	28	change_arrestinvestigation
111	Can delete arrest investigation	28	delete_arrestinvestigation
112	Can view arrest investigation	28	view_arrestinvestigation
113	Can add verdict	29	add_verdict
114	Can change verdict	29	change_verdict
115	Can delete verdict	29	delete_verdict
116	Can view verdict	29	view_verdict
117	Can add approval status	30	add_approvalstatus
118	Can change approval status	30	change_approvalstatus
119	Can delete approval status	30	delete_approvalstatus
120	Can view approval status	30	view_approvalstatus
121	Can add static device	31	add_staticdevice
122	Can change static device	31	change_staticdevice
123	Can delete static device	31	delete_staticdevice
124	Can view static device	31	view_staticdevice
125	Can add static token	32	add_statictoken
126	Can change static token	32	change_statictoken
127	Can delete static token	32	delete_statictoken
128	Can view static token	32	view_statictoken
129	Can add TOTP device	33	add_totpdevice
130	Can change TOTP device	33	change_totpdevice
131	Can delete TOTP device	33	delete_totpdevice
132	Can view TOTP device	33	view_totpdevice
133	Can add email device	34	add_emaildevice
134	Can change email device	34	change_emaildevice
135	Can delete email device	34	delete_emaildevice
136	Can view email device	34	view_emaildevice
137	Can add access permission	35	add_accesspermission
138	Can change access permission	35	change_accesspermission
139	Can delete access permission	35	delete_accesspermission
140	Can view access permission	35	view_accesspermission
141	Can add victim permissions	36	add_victimpermissions
142	Can change victim permissions	36	change_victimpermissions
143	Can delete victim permissions	36	delete_victimpermissions
144	Can view victim permissions	36	view_victimpermissions
145	Can add exploitation	37	add_exploitation
146	Can change exploitation	37	change_exploitation
147	Can delete exploitation	37	delete_exploitation
148	Can view exploitation	37	view_exploitation
149	Can add affirm option	38	add_affirmoption
150	Can change affirm option	38	change_affirmoption
151	Can delete affirm option	38	delete_affirmoption
152	Can view affirm option	38	view_affirmoption
153	Can add body part	39	add_bodypart
154	Can change body part	39	change_bodypart
155	Can delete body part	39	delete_bodypart
156	Can view body part	39	view_bodypart
157	Can add bride price	40	add_brideprice
158	Can change bride price	40	change_brideprice
159	Can delete bride price	40	delete_brideprice
160	Can view bride price	40	view_brideprice
161	Can add bride price recipient	41	add_bridepricerecipient
162	Can change bride price recipient	41	change_bridepricerecipient
163	Can delete bride price recipient	41	delete_bridepricerecipient
164	Can view bride price recipient	41	view_bridepricerecipient
165	Can add child marriage reason	42	add_childmarriagereason
166	Can change child marriage reason	42	change_childmarriagereason
167	Can delete child marriage reason	42	delete_childmarriagereason
168	Can view child marriage reason	42	view_childmarriagereason
169	Can add criminal activity type	43	add_criminalactivitytype
170	Can change criminal activity type	43	change_criminalactivitytype
171	Can delete criminal activity type	43	delete_criminalactivitytype
172	Can view criminal activity type	43	view_criminalactivitytype
173	Can add exploitation age	44	add_exploitationage
174	Can change exploitation age	44	change_exploitationage
175	Can delete exploitation age	44	delete_exploitationage
176	Can view exploitation age	44	view_exploitationage
177	Can add forced labour industry	45	add_forcedlabourindustry
178	Can change forced labour industry	45	change_forcedlabourindustry
179	Can delete forced labour industry	45	delete_forcedlabourindustry
180	Can view forced labour industry	45	view_forcedlabourindustry
181	Can add freed method	46	add_freedmethod
182	Can change freed method	46	change_freedmethod
183	Can delete freed method	46	delete_freedmethod
184	Can view freed method	46	view_freedmethod
185	Can add marriage violence type	47	add_marriageviolencetype
186	Can change marriage violence type	47	change_marriageviolencetype
187	Can delete marriage violence type	47	delete_marriageviolencetype
188	Can view marriage violence type	47	view_marriageviolencetype
189	Can add military activity	48	add_militaryactivity
191	Can delete military activity	48	delete_militaryactivity
192	Can view military activity	48	view_militaryactivity
193	Can add military type	49	add_militarytype
194	Can change military type	49	change_militarytype
195	Can delete military type	49	delete_militarytype
196	Can view military type	49	view_militarytype
197	Can add operation location	50	add_operationlocation
198	Can change operation location	50	change_operationlocation
199	Can delete operation location	50	delete_operationlocation
200	Can view operation location	50	view_operationlocation
201	Can add organ paid to	51	add_organpaidto
202	Can change organ paid to	51	change_organpaidto
203	Can delete organ paid to	51	delete_organpaidto
204	Can view organ paid to	51	view_organpaidto
205	Can add recruiter relationship	52	add_recruiterrelationship
206	Can change recruiter relationship	52	change_recruiterrelationship
207	Can delete recruiter relationship	52	delete_recruiterrelationship
208	Can view recruiter relationship	52	view_recruiterrelationship
209	Can add recruitment type	53	add_recruitmenttype
210	Can change recruitment type	53	change_recruitmenttype
211	Can delete recruitment type	53	delete_recruitmenttype
212	Can view recruitment type	53	view_recruitmenttype
213	Can add trafficking mean	54	add_traffickingmean
214	Can change trafficking mean	54	change_traffickingmean
215	Can delete trafficking mean	54	delete_traffickingmean
216	Can view trafficking mean	54	view_traffickingmean
217	Can add community assistance type	55	add_communityassistancetype
218	Can change community assistance type	55	change_communityassistancetype
219	Can delete community assistance type	55	delete_communityassistancetype
220	Can view community assistance type	55	view_communityassistancetype
221	Can add data supplier	56	add_datasupplier
222	Can change data supplier	56	change_datasupplier
223	Can delete data supplier	56	delete_datasupplier
224	Can view data supplier	56	view_datasupplier
225	Can add education level	57	add_educationlevel
226	Can change education level	57	change_educationlevel
227	Can delete education level	57	delete_educationlevel
228	Can view education level	57	view_educationlevel
229	Can add family structure	58	add_familystructure
230	Can change family structure	58	change_familystructure
231	Can delete family structure	58	delete_familystructure
232	Can view family structure	58	view_familystructure
233	Can add im emmigration status	59	add_imemmigrationstatus
234	Can change im emmigration status	59	change_imemmigrationstatus
235	Can delete im emmigration status	59	delete_imemmigrationstatus
236	Can view im emmigration status	59	view_imemmigrationstatus
237	Can add income project type	60	add_incomeprojecttype
238	Can change income project type	60	change_incomeprojecttype
239	Can delete income project type	60	delete_incomeprojecttype
240	Can view income project type	60	view_incomeprojecttype
241	Can add living with	61	add_livingwith
242	Can change living with	61	change_livingwith
243	Can delete living with	61	delete_livingwith
244	Can view living with	61	view_livingwith
245	Can add occupation	62	add_occupation
246	Can change occupation	62	change_occupation
247	Can delete occupation	62	delete_occupation
248	Can view occupation	62	view_occupation
249	Can add provider	63	add_provider
250	Can change provider	63	change_provider
251	Can delete provider	63	delete_provider
252	Can view provider	63	view_provider
253	Can add socio economic	64	add_socioeconomic
254	Can change socio economic	64	change_socioeconomic
255	Can delete socio economic	64	delete_socioeconomic
256	Can view socio economic	64	view_socioeconomic
257	Can add assistance aggregate data	65	add_assistanceaggregatedata
258	Can change assistance aggregate data	65	change_assistanceaggregatedata
259	Can delete assistance aggregate data	65	delete_assistanceaggregatedata
260	Can view assistance aggregate data	65	view_assistanceaggregatedata
261	Can add assistance	66	add_assistance
262	Can change assistance	66	change_assistance
263	Can delete assistance	66	delete_assistance
264	Can view assistance	66	view_assistance
265	Can add tag	67	add_tag
266	Can change tag	67	change_tag
267	Can delete tag	67	delete_tag
268	Can view tag	67	view_tag
269	Can add search	68	add_search
270	Can change search	68	change_search
271	Can delete search	68	delete_search
272	Can view search	68	view_search
273	Can add pending case	69	add_pendingcase
274	Can change pending case	69	change_pendingcase
275	Can delete pending case	69	delete_pendingcase
276	Can view pending case	69	view_pendingcase
277	Can add faq	70	add_faq
278	Can change faq	70	change_faq
279	Can delete faq	70	delete_faq
280	Can view faq	70	view_faq
281	Can add log entry	71	add_logentry
282	Can change log entry	71	change_logentry
283	Can delete log entry	71	delete_logentry
284	Can view log entry	71	view_logentry
285	Can add som assistance	72	add_somassistance
286	Can change som assistance	72	change_somassistance
287	Can delete som assistance	72	delete_somassistance
288	Can view som assistance	72	view_somassistance
289	Can add som case	73	add_somcase
290	Can change som case	73	change_somcase
291	Can delete som case	73	delete_somcase
292	Can view som case	73	view_somcase
293	Can add som suspected trafficker	74	add_somsuspectedtrafficker
294	Can change som suspected trafficker	74	change_somsuspectedtrafficker
295	Can delete som suspected trafficker	74	delete_somsuspectedtrafficker
296	Can view som suspected trafficker	74	view_somsuspectedtrafficker
297	Can add som victim profile	75	add_somvictimprofile
298	Can change som victim profile	75	change_somvictimprofile
299	Can delete som victim profile	75	delete_somvictimprofile
300	Can view som victim profile	75	view_somvictimprofile
301	Can add som transit route destination	76	add_somtransitroutedestination
302	Can change som transit route destination	76	change_somtransitroutedestination
303	Can delete som transit route destination	76	delete_somtransitroutedestination
304	Can view som transit route destination	76	view_somtransitroutedestination
305	Can add som socio economic	77	add_somsocioeconomic
306	Can change som socio economic	77	change_somsocioeconomic
307	Can delete som socio economic	77	delete_somsocioeconomic
308	Can view som socio economic	77	view_somsocioeconomic
309	Can add som arrest investigation	78	add_somarrestinvestigation
310	Can change som arrest investigation	78	change_somarrestinvestigation
311	Can delete som arrest investigation	78	delete_somarrestinvestigation
312	Can view som arrest investigation	78	view_somarrestinvestigation
313	Can add som prosecution	79	add_somprosecution
314	Can change som prosecution	79	change_somprosecution
315	Can delete som prosecution	79	delete_somprosecution
316	Can view som prosecution	79	view_somprosecution
317	Can add som multi victim profile	80	add_sommultivictimprofile
318	Can change som multi victim profile	80	change_sommultivictimprofile
319	Can delete som multi victim profile	80	delete_sommultivictimprofile
320	Can view som multi victim profile	80	view_sommultivictimprofile
321	Can add som victim answers	81	add_somvictimanswers
322	Can change som victim answers	81	change_somvictimanswers
323	Can delete som victim answers	81	delete_somvictimanswers
324	Can view som victim answers	81	view_somvictimanswers
325	Can add victim questions	82	add_victimquestions
326	Can change victim questions	82	change_victimquestions
327	Can delete victim questions	82	delete_victimquestions
328	Can view victim questions	82	view_victimquestions
\.


--
-- Data for Name: auth_user; Type: TABLE DATA; Schema: public; Owner: tipnet
--

COPY public.auth_user (id, password, last_login, is_superuser, username, first_name, last_name, email, is_staff, is_active, date_joined) FROM stdin;
11	pbkdf2_sha256$600000$VSM40FUoTbKJWTbbdJkTQu$Q/kRTalUTyg03ZFTuM17aIinj8ZXxrmoF7Hw9YzRM0U=	2023-11-26 12:43:40.534997+00	f	Test6@6.com	Test6	Test6	Test6@6.com	f	t	2023-11-21 22:29:24.479171+00
16	pbkdf2_sha256$600000$I0WQo3vS25uDYsKJXCymwV$76StbcRXSb7n1PiXu1E8RADd6680lwP1d7PfUw9gids=	2023-11-26 15:24:49.331946+00	f	User1@gmail.com	User1Fname	User1Lname	User1@gmail.com	f	t	2023-11-26 15:24:32.627654+00
6	pbkdf2_sha256$600000$gVCf6pAVG1Hv8yH5qmgaLP$BxHSunXesOgz72ZeG1pkfFPB4HE98zvagTGe0JnONjs=	2023-11-10 14:24:53.092805+00	f	kmotseki@sadc.int	Keketso	Motseki	kmotseki@sadc.int	f	t	2023-11-10 14:24:22.671605+00
8	pbkdf2_sha256$600000$fstN10IpmB65f4CUGSnw5Q$tKxZFUCqs3O0SspirTsryTPNp5VtG32r/DoWagjrQY8=	2023-11-19 20:03:06.719321+00	f	Test5@test5.org	Test5	Test5	Test5@test5.org	f	t	2023-11-13 16:59:25.987617+00
9	pbkdf2_sha256$600000$Iqfqm7q3yDJ45fy6XCulbF$eAK5zczKrZDPNnGskawcs4s92eiP0v6awGxHMNXAcKA=	2023-11-21 18:25:20.836726+00	f	noname@noname.com	Test1	Test1	noname@noname.com	f	t	2023-11-21 18:25:20.380173+00
14	pbkdf2_sha256$600000$wZZtUfhIZKMxiIKMgPDKzn$CcPIWfdUPEmQYJu1E2I6mC3IMx5WQE60XgT/4k8gn1E=	\N	f	jimmy.ndungu@ymail.com	Test2	Test2	jimmy.ndungu@ymail.com	f	t	2023-11-26 00:35:57.265565+00
7	pbkdf2_sha256$600000$HVrv6UahkmZF1Quyz94b0U$IBEQD+YxzqfHFPQIN9hHQsL10ArmUw0z6TaIsCDs7MQ=	2023-11-13 15:26:22+00	f	Test1	Test1_FName	Test1_LName	jimmy.ndungu@ymail.com	f	t	2023-11-13 15:26:22+00
33	pbkdf2_sha256$600000$1JUeyNVD7wZUfwjbfZ7tji$s1z7JOJekS9aJ/kepV64/xjaGJrNl+U6mWUuzCVaTr4=	2023-12-05 10:19:56.158091+00	f	fjantjies@nampol.na	Florietha	Jantjies	fjantjies@nampol.na	f	t	2023-12-05 10:18:23.451327+00
21	pbkdf2_sha256$600000$1xQhyVRQpOZRjUuWnOO0sN$OszZ/IjFMG2HCP3LTD/AQYX7Z1Cxh7gPa77L1dr7Z+g=	\N	f	xyz@gmail.com	A	N	xyz@gmail.com	f	t	2023-12-05 10:15:20.392104+00
22	pbkdf2_sha256$600000$bRXDE3MYqZlLhL4ZWzhAj1$/pyCirm2AJTztyee7av1yULeSxHlCKGnAs3+NxPdue8=	2024-01-05 16:05:16.781769+00	f	pachalochizala@gmail.com	Pachalo	Chizala	pachalochizala@gmail.com	f	t	2023-12-05 10:15:42.74854+00
18	pbkdf2_sha256$600000$bqrHegf4eijheEJstbJUIU$dTybXmFCeu9U+0T4lOkjo9h9s3dpmJECeAEci5MiE88=	2024-04-10 13:08:24.644597+00	t	jrarui			jngugi@strathmore.edu	t	t	2023-11-28 13:12:25.40298+00
20	pbkdf2_sha256$600000$ZWSvhO9G9rTzzDQu3MUur5$wlkRD7qdV4yAK5zBoeXt2IbyMz/UIuS+4kvkDeFuJWw=	2023-12-05 10:16:09.056615+00	f	ben.shirley83@gmail.com	Shirley	Ben	ben.shirley83@gmail.com	f	t	2023-12-05 10:15:02.272227+00
19	pbkdf2_sha256$600000$lGU71FHoKEY7UHdwuJ6AGE$pAGr7Wqvr9v9gEONM5Dk9zFoLrpZ0qix2vNgxagDeFc=	2023-12-04 14:50:18.584315+00	f	mkashingwa@sadc.int	Mulenga	Kashingwa	mkashingwa@sadc.int	f	t	2023-12-04 14:48:22.246939+00
10	pbkdf2_sha256$600000$SLfLqNyVk1KUKZo9EIFNrk$oEVwjZgi9lASJrgVELpB3+xcL4y8TbsNTDFWywZ+K/0=	2024-04-03 09:40:03.348601+00	t	james.ndungu@gmail.com	James	Ndungu	james.ndungu@gmail.com	t	t	2023-11-21 18:28:22+00
1	pbkdf2_sha256$600000$cjFysBVNfFOuU58NUdaod5$ZKB1G+qsD2jPUJI4i52nACQZblvA5Soz0/WpAD7YW+s=	2024-03-18 17:47:02.852611+00	t	rarui			jrarui.jr@gmail.com	t	t	2023-11-09 09:25:27.09736+00
24	pbkdf2_sha256$600000$XU6jQb4wZO3ubps1F06u84$Qg5NlYHmJ2YkGEq064sz22ueBCCG5BPX8lu+/LQdmcM=	\N	f	chomwa.mbewe.un.org	Chomwa 	Mbewe	chomwa.mbewe.un.org	f	t	2023-12-05 10:16:25.581423+00
42	pbkdf2_sha256$600000$6bAyRfRMxvnkJEbMr0SJBR$u0P8S/0cn7rHDJYzoSX+P+YUEh9d2g9zdVoH0wPQMRM=	2023-12-05 10:22:41.167251+00	f	tsiriniony@gmail.com	Mahandrisoaniony Tsiry	RANDRIAMAROLAFY	tsiriniony@gmail.com	f	t	2023-12-05 10:20:06.603519+00
26	pbkdf2_sha256$600000$05YdzCHty2pnSbj50XBPO7$Rtnre/OdVCRajU78doeAcrEhJhvZ7ELB4VFGmyqgOgA=	2023-12-05 12:43:09.294618+00	f	jjjcobus@gmail.com	Donald	Duck	jjjcobus@gmail.com	f	t	2023-12-05 10:16:36.675321+00
28	pbkdf2_sha256$600000$fyKHZOvuem2ri0AovC28h2$otOVYLxUZYRYDlbmpjSwk3GqepBqqIbFQ+0g2myuoeY=	\N	f	fboina@yahoo.fr	Boina	Abdoulfatah 	fboina@yahoo.fr	f	t	2023-12-05 10:16:59.15314+00
32	pbkdf2_sha256$600000$njcZl6su3zkAYUFfdIdRHm$KlZQ39FIwZ2UWIpNXT22ZqGKzNx50k0qUnPASwkPDFg=	2023-12-05 10:19:27.206324+00	f	kegamalete@gmail.com	Kegakgametse 	Malete	kegamalete@gmail.com	f	t	2023-12-05 10:17:45.567709+00
25	pbkdf2_sha256$600000$2Ri0FDHS0iQMRoutQVVNPz$eDVM7Mox9aAH5cksRFzTP1gLiT8iWtVBelNnrfb3yxM=	2023-12-05 10:21:51.184654+00	f	VdMerweElizabeth@saps.gov.za	Elizabeth	Van Der Merwe 	VdMerweElizabeth@saps.gov.za	f	t	2023-12-05 10:16:32.420594+00
40	pbkdf2_sha256$600000$NXflTNZYXELjaoNDjgV5am$byOl2cYTOCFD3m31jBqDkIuCBbQP09TBkmEToGuil04=	2023-12-05 10:20:57.783026+00	f	einilsa@yahoo.com.br	Inilsa	Esteves	einilsa@yahoo.com.br	f	t	2023-12-05 10:20:05.35239+00
39	pbkdf2_sha256$600000$p3GRZX5GdAp5fw4jZKYjWU$2LuVfx9CA1okW2jXIpsEEoUal5QaGImfUuldVviBxCo=	\N	f	davis.simeon@police.gov.sc	Davis	Simeon	davis.simeon@police.gov.sc	f	t	2023-12-05 10:19:39.926529+00
2	pbkdf2_sha256$600000$nYQVFckXEmmXgdEWuHcMbR$YyC2MNeUmXmP00oWTlvlB/nKxV9fTIxA8VT5YQYFxwU=	2024-04-10 13:07:33.194649+00	f	jrarui@strathmore.edu	John	Rarui	jrarui@strathmore.edu	f	t	2023-11-09 09:56:17.651843+00
43	pbkdf2_sha256$600000$P5hCB7RCOLvoiF0uCDW2go$6KJzrQUw3ufhBYtlXe2vq7VwShhAI4T2n0fk6UJWsew=	2023-12-05 10:21:18.96352+00	f	ginanyalugwe@gmail.com	Gina 	NN	ginanyalugwe@gmail.com	f	t	2023-12-05 10:20:07.587383+00
30	pbkdf2_sha256$600000$zKg5RBRc80tXyNsbfSXhcL$Y+31AlKnZJpsPlBvkwbIc1/V+4UvoD69FNVbcfL8e+Y=	2023-12-05 12:47:35.159431+00	f	michelofrank@yahoo.com	Frank	Michelo	michelofrank@yahoo.com	f	t	2023-12-05 10:17:27.865743+00
23	pbkdf2_sha256$600000$rknegQrHMUspx7xttTtdEt$zBfOGaAVkS9mSnGjQie43bikWVYOwobK7swMAqQqTL4=	2023-12-05 10:18:38.057756+00	f	wysonn021@gmail.com	James	Phiri	wysonn021@gmail.com	f	t	2023-12-05 10:15:44.782872+00
36	pbkdf2_sha256$600000$xedX2XOPz99vOhUmnEsltE$M63v8VA9kw/t0tRq103Rygn+lCCZ1KaUl1Z1nFENcm8=	\N	f	dodamah@yahoo.fr 	Mahandry 	Mandimbilaza 	dodamah@yahoo.fr	f	t	2023-12-05 10:19:06.432115+00
35	pbkdf2_sha256$600000$pKqf8EKYirRryKVILm9hj5$6L944vPzmpEqS4OocXbnOgR0YBXbxPqlGubxUfrOesU=	2023-12-05 10:20:40.456445+00	f	ccoetzee@npa.gov.za	Carina 	Coetzee	ccoetzee@npa.gov.za	f	t	2023-12-05 10:19:04.923666+00
29	pbkdf2_sha256$600000$7XNtYCfLhNEOZS7VVo6hOb$u8fqL5dYmw7E1LojSBke0fitJNUVGDiGsMl9PsbC4As=	2023-12-05 10:19:17.488757+00	f	makumbep@zimstat.co.zw	Perfect	Makumbe	makumbep@zimstat.co.zw	f	t	2023-12-05 10:17:16.742827+00
38	pbkdf2_sha256$600000$vljp05PaMV5FhmemgVZEQw$XXtCm/K9+HrCyIDJjB5Wntq/DTs/ckSVdCkt6CX1OYg=	\N	f	lupilyas@gmail.com	Alex	Lupilya	lupilyas@gmail.com	f	t	2023-12-05 10:19:35.489872+00
17	pbkdf2_sha256$600000$sz1LohySUbrSlhM2zyE3P7$IPYazZdU1257jE7cARvXTcKU38KgA3ObO3PH1WTGT/s=	2023-12-05 10:19:50.692328+00	f	j.dunn0787@gmail.com	Test0	Test0	j.dunn0787@gmail.com	f	t	2023-11-27 17:18:31.405433+00
34	pbkdf2_sha256$600000$4EIO9G5Ipg4akbeLqi59ie$lVzDpU/UUyRVz9ETZ3iyHWO2l2ffElThBGf16r2Iock=	2023-12-05 10:19:57.061931+00	f	eos5531@gmail.com	A	N	eos5531@gmail.com	f	t	2023-12-05 10:18:44.154476+00
31	pbkdf2_sha256$600000$a2CvEyRF3h4RQxUmPF0WPn$kuJWvlfJrHOJE4Jz/1YGwwqrZ1Dqf5PrO1tjzMaOoDk=	2023-12-05 14:18:12.855039+00	f	olyratrimosoa@gmail.com	Oly	Ratrimosoa	olyratrimosoa@gmail.com	f	t	2023-12-05 10:17:39.258597+00
37	pbkdf2_sha256$600000$1VsVzJSLvWH32oYyKla9Kp$87wudY7jIGFOK+CyqP1HSEAD1fdNFnX7Y4Hw3HpMUkI=	2023-12-05 12:20:13.962541+00	f	chomwam@gmail.com	chomwa	mbewe	chomwam@gmail.com	f	t	2023-12-05 10:19:12.26053+00
41	pbkdf2_sha256$600000$fi0epeuxgHMUTY1N8X3Y0z$n/2s2iqsO36qMYqCjinZroIG/wfI4nqO7D2VGmdCzIc=	2023-12-05 12:27:39.575839+00	f	ciscojasse@gmail.com	Francisco	Manguana	ciscojasse@mail.com	f	t	2023-12-05 10:20:06+00
27	pbkdf2_sha256$600000$2NoGAkcWGQupvv4SX24Kbc$K8ZHhuKcJePcSq0uppZ7xaQVKJLBh5dHU1Cf0zfFcqU=	2023-12-05 12:37:41.537157+00	f	neomolelekwa@gmail.com	Neo	Molelekwa	neomolelekwa@gmail.com	f	t	2023-12-05 10:16:50.682159+00
58	pbkdf2_sha256$600000$TJqGY1SxjXTEeuLRFiMVoP$TPQh0GcRuAKpofFlc9Y29J9JFTztO5wffTIdOgVWd5U=	2023-12-05 10:28:35.9755+00	f	bdufresne@immigration.gov.sc	Brina Telma	Dufresne	bdufresne@immigration.gov.sc	f	t	2023-12-05 10:23:04.51975+00
47	pbkdf2_sha256$600000$38FQjXtFlfT5UsSqCspLSq$pYGpximEltPPLoaDrW7uj4zGskFfX6pMS7gsdmwXfRs=	\N	f	mphande2016@gmail.com	Arthur 	Mphande 	mphande2016@gmail.com	f	t	2023-12-05 10:20:26.062279+00
50	pbkdf2_sha256$600000$umS2nQMC1sgrbkj9vywTqQ$6s3prIArDpRV1kO96Omhg8X8Ja/9SbiMXyAXKQExwTs=	\N	f	mulengub@yahoo.com 	Boris	Mulengu 	mulengub@yahoo.com	f	t	2023-12-05 10:20:55.676076+00
51	pbkdf2_sha256$600000$7KDlIPS0qARnatQIDtRZrW$xXqoUcZ74c2EAXDXQEHp+JnbQDeYjbpsk4PLEoDFUG8=	\N	f	JMogoshane@justice.gov.za 	Joseph	Patrick	JMogoshane@justice.gov.za	f	t	2023-12-05 10:20:56.356861+00
61	pbkdf2_sha256$600000$IpOKtYDDkfEfRWp95pCNBB$HBI+I4cigZtXroUgesymLAWqOSnRvHXClR2x2qCw8nA=	2023-12-05 15:00:40.401818+00	f	aoellerick@gmail.com	Oellerick 	ANDRIATSIMANDATSY 	aoellerick@gmail.com	f	t	2023-12-05 10:23:24.248117+00
67	pbkdf2_sha256$600000$UaoaFgouyoksoyhItkZ2Vd$LuWW35NrSplSLAjCUNmEeTlVvDtIrjNlczVTcs32YVM=	\N	f	hsassanimohamedsaid8@gmail.com	MOHAMED SAID	HASSANI	hsassanimohamedsaid8@gmail.com	f	t	2023-12-05 10:25:05.8042+00
52	pbkdf2_sha256$600000$NqWxKsF6CTRnske7u4JUP4$Cm5uA1Mcev02K4MnwH6XCwPfirCgdyumgEmlwnh0t58=	2023-12-05 10:56:41.964084+00	f	nkadhikua@nsa.org.na	Ndapandula	Kadhikua	nkadhikua@nsa.org.na	f	t	2023-12-05 10:20:58.699347+00
45	pbkdf2_sha256$600000$LZEhaZKdgMqj4W5M3ezXlU$mJ5ya+VI6RBhcmgMjK99cn2DzU4ZEBblEVhc/uRjV5I=	2023-12-05 12:38:17.526823+00	f	rathebesentle@gmail.com	Sentle	Rathebe	rathebesentle@gmail.com	f	t	2023-12-05 10:20:19.473114+00
59	pbkdf2_sha256$600000$EtdTdO3IzF5dA8o11Yi2xJ$18EQDaoTHrcC8mWfIC0CfzvF6Yqima+xxCS8UZRcY5k=	2023-12-05 12:15:51.848071+00	f	thatokmap@gmail.com	Makatiso	Mapetja	thatokmap@gmail.com	f	t	2023-12-05 10:23:19.11217+00
53	pbkdf2_sha256$600000$0n9vhcTxjin8SudSql4VGy$uxjsCkMFUMV0IgotZd13SM0kiCevC4L+yacEs4N7SkY=	2023-12-05 10:22:18.289619+00	f	corrinerose@gov.sc	Corrine Hilary Bernadette 	Rose	corrinerose@gov.sc	f	t	2023-12-05 10:21:11.458227+00
62	pbkdf2_sha256$600000$MqASnkXI0T7vEHEuaRFws1$fRUpsQsLrjmBGsYapSlaFms2smYtjRQ9/mrhkcq7is0=	2023-12-05 12:48:44.490369+00	f	dlaminithandiwem@gmail.com	Thandiwe M.	Dlamini	dlaminithandiwem@gmail.com	f	t	2023-12-05 10:23:33.510157+00
56	pbkdf2_sha256$600000$GtpwqpqEgMAyRIqUL3hE5S$8dLYZFnagWIorXNAH2+oHsZpPlSbic/jetVH1knmagk=	2023-12-05 10:22:29.517859+00	f	geoma91@gmail.com	George 	Kudzai	geoma91@gmail.com	f	t	2023-12-05 10:21:29.275286+00
46	pbkdf2_sha256$600000$lCJh1ehHZ1hqW4BllgL6l0$6uBipiNJbDskObM+bHatFDhZ6IoMF+/wZmZp/hy98eU=	2023-12-05 10:22:43.476402+00	f	Zinga1975@gmail.com	Ana	Carvalho 	Zinga1975@gmail.com	f	t	2023-12-05 10:20:24.17551+00
55	pbkdf2_sha256$600000$DFjJKnkU3t3JYMeiPaktsw$oflsw7N1t2ab3+KrbySDUAcatDtMlOUlS5scZ46GPUw=	2023-12-05 10:22:53.694026+00	f	DirectorTIP@gov.sc	Michelle	Sabury	DirectorTIP@gov.sc	f	t	2023-12-05 10:21:19.832761+00
57	pbkdf2_sha256$600000$AOYvKAAVL8eCgC88s6xA0c$6mfWBLnhWuJfhT9ASQBkAF/KHAKgwrpeORysPem2POU=	2023-12-05 12:49:17.528507+00	f	channelmpumi@gmail.com	Nompumelelo 	Lukhele	channelmpumi@gmail.com	f	t	2023-12-05 10:23:02.608169+00
54	pbkdf2_sha256$600000$2xa0CfSAGKlQ1AJhk1tbrE$XqKaO4EWRjZ8oYqvydCotDR6lZxekXjmxSmRhbuHjbY=	2023-12-05 10:23:03.888303+00	f	psohun@govmu.org	Pusmawtee	SOHUN	psohun@govmu.org	f	t	2023-12-05 10:21:15.247139+00
65	pbkdf2_sha256$600000$aKf1lYbuJawZ3zLWHK0pAc$gm8/Tr9KEDXvjC0kWOpcsjTmcZHY8lvd1MCYJ/TEsfM=	2023-12-05 12:26:03.095472+00	f	bunmar@govmu.org	Banysing 	UNMAR	bunmar@govmu.org	f	t	2023-12-05 10:24:20.886062+00
77	pbkdf2_sha256$600000$JItjJPZhsCmbR9Jic8Unzj$ZytOeFyjQulA0YtR2mMmp1VTdZpctdC0X+7iKTjZkWU=	2023-12-05 12:53:46.516822+00	f	rehemamkecha@gmail.com	rehema	mkecha	rehemamkecha@gmail.com	f	t	2023-12-05 10:36:20.40116+00
63	pbkdf2_sha256$600000$Ox7HJLoW4xjKDo6Ou1zB3I$vZdbISBxF/RjchVByUCQuLAd/gxjiFgfY7wAew4pbBA=	2023-12-05 10:25:26.629585+00	f	medinameca31@gmail.com	Adelino Abel Domingos	Antnio	medinameca31@gmail.com	f	t	2023-12-05 10:23:49.121889+00
48	pbkdf2_sha256$600000$s2pX26c93SXLvHh6QsfsnT$miW1p7KazBDcbQqQyZBzuD3SPPbwGNdD0YY4AjjhUYA=	2023-12-05 10:24:14.543217+00	f	meamuiron@gmail.com	Gloria  Meamui	Mubita	meamuiron@gmail.com	f	t	2023-12-05 10:20:41.209328+00
74	pbkdf2_sha256$600000$aYyQCzZyD6qfBnfnJ5V1QO$+JZtAFXXfjSH5Qok2ryIJcitdNtWSNt4D5zE/7ZZgko=	2023-12-05 12:32:14.077599+00	f	hemanueltomola@gmail.com	Henriques 	Manuel	hemanueltomola@gmail.com	f	t	2023-12-05 10:31:09.357839+00
44	pbkdf2_sha256$600000$JMjkZo5h2cCs4nIwXJZZPg$zMwdalA9Iu5OZw2byhX+RD9ApBxWWG5/74EwuXH/1cM=	2023-12-05 13:02:22.066657+00	f	nthatisi.thabane@gmail.com	Ntha	Thabane	nthatisi.thabane@gmail.com	f	t	2023-12-05 10:20:07.728623+00
66	pbkdf2_sha256$600000$oatxBWTgbXToOMePUz5yqK$0a2zTXtA8GcRfXmQ+LOKAJIik7V6vyBa8pRIn8gApvU=	\N	f	priscavaraidzo@gmail.com	PRISCA	MADZIVIRIDZE	priscavaraidzo@gmail.com	f	t	2023-12-05 10:24:51.685671+00
64	pbkdf2_sha256$600000$zSNcG4vlRraN1yjOWSrQ2P$MOAbHMGUT832MzE1k6LBbmgxrQvxRz5h+M4P2LUiTuU=	2023-12-05 10:25:05.633653+00	f	tgumede@sadc.int	Thanyani	Gumede	tgumede@sadc.int	f	t	2023-12-05 10:23:53.771544+00
60	pbkdf2_sha256$600000$LVxP3kSqBrlyLT9dm4cbDw$SZrfr51737OpCz3ibeNWnLmYU9GFJzwnHQ4VvZcnKuw=	2023-12-05 14:13:32.437865+00	f	jchitambira89@gmail.com	Josephat	Chitambira	jchitambira89@gmail.com	f	t	2023-12-05 10:23:19.29664+00
75	pbkdf2_sha256$600000$5GFu1cTjXTK74fSQN5RgzB$2SSDzviCdnjUzTeh+GyqSilE/krfd2moLutE2jPtQ9k=	2023-12-05 10:33:20.166913+00	f	amabeliachuquela@gmail.com	Amabelia Francisca da Conceicao	Chuquela	amabeliachuquela@gmail.com	f	t	2023-12-05 10:31:27.427929+00
76	pbkdf2_sha256$600000$DECFVBLet3K6i9inkO7gpD$NQuvFS+PYbrkCpibuSJBsL+/pj6ztGJIsyzFckHH7No=	\N	f	medamane@yahoo.fr	Mohamed	Abdallah	medamane@yahoo.fr	f	t	2023-12-05 10:35:34+00
69	pbkdf2_sha256$600000$22pKPWBBzGwjjbwusSszOf$ztdc+dp9VqdBOppX9mP7bMJCWA93YSSE+jhuohruuDo=	2024-01-29 10:31:32.819989+00	f	hassanimohamedsaid8@gmail.com	MOHAMED SAID	HASSANI	hassanimohamedsaid8@gmail.com	f	t	2023-12-05 10:28:03.163187+00
49	pbkdf2_sha256$600000$qIuexgq9n4vBmahL2NSlLy$GlBew/e0bfLphxalXMR7eScM1TIL37By5sSHcaTEgvs=	2023-12-05 13:08:41.971071+00	f	shyfrancisco1@yahoo.com.br	Francisco Cardoso	Nhango	shyfrancisco1@yahoo.com.br	f	t	2023-12-05 10:20:48.921747+00
70	pbkdf2_sha256$600000$eKCosweP9WVhNeCjlE6Po1$Cr42CyAC/x8iKHGncMDomHL1E4Kqx+tT1tVGXu1o5S0=	2023-12-05 10:35:11.1354+00	f	mbeleje2018@gmail.com	Ahmad Saidi 	Mwen-dadi	mbeleje2018@gmail.com	f	t	2023-12-05 10:28:29.090564+00
78	pbkdf2_sha256$600000$F2jiYxA6Ub4OgYuVI7uTj0$6EgeD5xiWskzREOUgz6bhmyY5gLjhvepMKF7dhyHO1I=	2023-12-05 10:41:15.34995+00	f	alexnkayaga@hotmail.com	Alexander	Lupilya	alexnkayaga@hotmail.com	f	t	2023-12-05 10:39:40.494923+00
79	pbkdf2_sha256$600000$XUY2TxVgUsqMn4b7kmAFdJ$oXEhWH2QtCsgkOHniFOIegIOK1D5Lp6bsQVc4OrauNY=	\N	f	Unknown	Doda	Maresaka	Unknown	f	t	2023-12-05 10:45:02.97843+00
72	pbkdf2_sha256$600000$z8wOF9u6vjjigQQqpPQF1d$aNLsrBjwMuYVaugSEJyHXbxFE1SvcMKemWO8glemYcw=	2023-12-05 12:16:09.126262+00	f	kondwani1@yahoo.com	Kondwani	Kamanga	kondwani1@yahoo.com	f	t	2023-12-05 10:29:55.272089+00
81	pbkdf2_sha256$600000$YUkNB7oS6UMSSIBh8A1zqe$c/cjY6odes8ZjI5DIUQP64uwXmDzp5duoDNFTE9KFwA=	\N	f	Boris.Mulengu@mohais.gov.zm	Boris	Mulengu 	Boris.Mulengu@mohais.gov.zm	f	t	2023-12-05 10:47:43.010494+00
95	pbkdf2_sha256$600000$EwR54aHOZBmqzg90BS94uV$lMTqckQtkZ4HvEIGaSeSPFGEYNgQj/1klsXi5/a2d2Y=	\N	f	priscamadziviridze@gmail	Prisca Varaidzo	Madziviridze	priscamadziviridze@gmail	f	t	2023-12-05 12:48:19.413731+00
83	pbkdf2_sha256$600000$g2R0PebOVOppBzVe99DiD7$d8M78/PLt6EalsC8HuzL7MjgQJFl+MiZ1BwGdv/U9hw=	\N	f	arthur.mphande @icloud.com	Arthur 	Mphande 	arthur.mphande @icloud.com	f	t	2023-12-05 10:54:18.299639+00
82	pbkdf2_sha256$600000$CqKpdQdiqzpT1ODivKYJg1$vxiysDWk+Qs0LOB0KG+g5rEkLa5OeMzKx5aLHYJ+Z94=	2023-12-05 10:55:25.159561+00	f	Calweendo@nampol.na	Celestine Shotete	Alweendo	Calweendo@nampol.na	f	t	2023-12-05 10:53:39.399226+00
94	pbkdf2_sha256$600000$OARZAkSngmdq5wEtDZavOd$LqDULQUqHIRZD8Osh8SH3LCxypLSfZNH/oD0ihH4jiM=	2023-12-05 12:49:03.933619+00	f	archiemagai@gmail.com	Archie	Magai	archiemagai@gmail.com	f	t	2023-12-05 12:48:09.766503+00
84	pbkdf2_sha256$600000$ct7pSkFKKgL9BiXdeSdPVG$urCXgoJ/5Ivju4W8WdSm+YxSFhCgpR4FT/nHcBTa8ck=	2023-12-05 10:59:15.779672+00	f	kristoftamas@aim.com	K	Tamas	kristoftamas@aim.com	f	t	2023-12-05 10:58:14.85238+00
87	pbkdf2_sha256$600000$Xvt8kJ6eqig8zUHscrVZBa$EW2/LYZ3ev1RN/jR8frO4b9EpzFButJ/25iBeUS1yHE=	2023-12-05 11:11:34.502888+00	f	edkanyemba@gmail.com	Edwin 	Kanyemba	edkanyemba@gmail.com	f	t	2023-12-05 11:10:10.103799+00
97	pbkdf2_sha256$600000$k85oN5Hl4BmZzMIrcNa8TV$sFvkb8Ey1LigcxmPUQKjAhj1R3JV7M75SpJtvmU1jfM=	\N	f	medamane653@gmail.com 	Mohamed 	Abdallah 	medamane653@gmail.com	f	t	2023-12-05 12:57:37.946963+00
86	pbkdf2_sha256$600000$LT0GqoN5Ls6FQjSj8PMUP0$O6G/KqEwSive/lKxbtbZjp98zXfjAVdzoAyzvfuJ400=	2023-12-05 12:19:54.483245+00	f	pchizala@gmail.com	pachalo	chizala	pchizala@gmail.com	f	t	2023-12-05 10:59:27.808245+00
102	pbkdf2_sha256$600000$2FvgNqv3UdVW6T0gigVuUe$2ttjCK2LHAXGRuHQ2H2qlNk+Xz3iYbnib1C9Hvx0s6A=	2024-04-02 14:48:46.950842+00	f	amuradza@sadc.int	Alphonci	MURADZA	amuradza@sadc.int	f	t	2024-04-02 14:46:05+00
91	pbkdf2_sha256$600000$jfsuKMKbSUKxyIRkwxXQzy$uKvTjeKiagq7Ydz3dKNYDfehyGPPYo+RC0v9tEm4Qww=	2023-12-05 12:28:10.591566+00	f	arthur.mphande@icloud.com	Arthur	Mphande	arthur.mphande@icloud.com	f	t	2023-12-05 12:27:01.919725+00
90	pbkdf2_sha256$600000$0RxBEuVgWz0qDKwX9wHl7W$FfrNJS+0sSFsWEDMOUI/1xQY/l9OPLZ3cHcW3iHSTiM=	2023-12-05 12:33:16.036623+00	f	mulengub@yahoo.com	Boris	Mulengu	mulengub@yahoo.com	f	t	2023-12-05 12:23:14.947813+00
98	pbkdf2_sha256$600000$7vxosuEEGFHJBvABpV2hAR$9VPmCiFo7T1d0PC8ugr3geLg6Gm3j/Abb9khmnP3iqY=	2023-12-05 13:04:20.329249+00	f	brianpoliah@gmail.com	Brian	Poliah	brianpoliah@gmail.com	f	t	2023-12-05 13:01:31.284508+00
96	pbkdf2_sha256$600000$Y6H7eOJ6IH6d4J8gv7V2sl$1nScHmUvZ0nGJ9WdphO3/FJvQqW22lB85Vk5eDJeSmU=	2023-12-05 13:12:22.467083+00	f	mwendadi2001@yahoo.com	Ahmad Saidi 	Mwen-dadi	mwendadi2001@yahoo.com	f	t	2023-12-05 12:53:37.086035+00
93	pbkdf2_sha256$600000$OjEnOka07mlHQW1tUoroI8$wXHF8/J58WVOL/1HwzcKv8tt5ouokrXFW9d0GUD7qzo=	\N	f	archiemagai@ymail.com	Archie	Magai	archiemagai@ymail.com	f	t	2023-12-05 12:45:20.99718+00
99	pbkdf2_sha256$600000$n8H0B03toI5k1B6jz4PWDZ$JIhJ3aSRW5TyIKxet368pup3DWTXc6g+oVe/pvTodac=	2023-12-05 13:24:59.83605+00	f	reginakufumanamanuel@gmail.com	AAA	BBB	reginakufumanamanuel@gmail.com	f	t	2023-12-05 13:16:26.694017+00
89	pbkdf2_sha256$600000$6eoK1EO38eIa87U4P9y1B5$NPg45GHM9NeQAzj5WQm2pfZVX1pw4VgixkJ4c7yMwbU=	2023-12-05 13:56:21.498386+00	f	mchangrijunior@gmail.com	MOHAMED DJITIHADI	FAICOIL	mchangrijunior@gmail.com	f	t	2023-12-05 12:16:31.142809+00
100	pbkdf2_sha256$600000$ofEYe5OkdKlkquo14WMCLp$hczOKNCjHKCBEVE9a3dW3RZNYG/1KFyo1UOyehKdroc=	2023-12-06 07:29:27.969662+00	f	lisboafis@yahoo.com	Felismino 	Lisboa	lisboafis@yahoo.com	f	t	2023-12-05 13:27:26.872153+00
101	pbkdf2_sha256$600000$PPj7nd1TAtvsfna2al23SP$v7Lw2lmHte+E724FG7JBmiweBuS4qcdEhflpk+P0C2g=	\N	f	hassanimohamedsaid8gmail.com	MOHAMED SAID	HASSANI	hassanimohamedsaid8gmail.com	f	t	2024-01-29 10:30:08.565486+00
\.


--
-- Data for Name: auth_user_groups; Type: TABLE DATA; Schema: public; Owner: tipnet
--

COPY public.auth_user_groups (id, user_id, group_id) FROM stdin;
1	2	1
5	6	1
6	7	1
7	8	1
8	9	1
9	11	1
12	14	1
13	16	1
14	17	1
15	19	1
16	20	1
17	21	1
18	22	1
19	23	1
20	24	1
21	25	1
22	26	1
23	27	1
24	28	1
25	29	1
26	30	1
27	31	1
28	32	1
29	33	1
30	34	1
31	35	1
32	36	1
33	37	1
34	38	1
35	39	1
36	40	1
37	41	1
38	42	1
39	43	1
40	44	1
41	45	1
42	46	1
43	47	1
44	48	1
45	49	1
46	50	1
47	51	1
48	52	1
49	53	1
50	54	1
51	55	1
52	56	1
53	57	1
54	58	1
55	59	1
56	60	1
57	61	1
58	62	1
59	63	1
60	64	1
61	65	1
62	66	1
63	67	1
65	69	1
66	70	1
68	72	1
70	74	1
71	75	1
72	76	1
73	77	1
74	78	1
75	79	1
77	81	1
78	82	1
79	83	1
80	84	1
82	86	1
83	87	1
85	89	1
86	90	1
87	91	1
89	93	1
90	94	1
91	95	1
92	96	1
93	97	1
94	98	1
95	99	1
96	100	1
97	101	1
\.


--
-- Data for Name: auth_user_user_permissions; Type: TABLE DATA; Schema: public; Owner: tipnet
--

COPY public.auth_user_user_permissions (id, user_id, permission_id) FROM stdin;
\.


--
-- Data for Name: case_interview_app_accesspermission; Type: TABLE DATA; Schema: public; Owner: tipnet
--

COPY public.case_interview_app_accesspermission (id, name, name_en, name_fr, name_pt) FROM stdin;
\.


--
-- Data for Name: case_interview_app_affirmoption; Type: TABLE DATA; Schema: public; Owner: tipnet
--

COPY public.case_interview_app_affirmoption (id, name, name_en, name_fr, name_pt) FROM stdin;
4	NK	NK	\N	\N
3	NA	NA	\N	\N
2	No	No	\N	\N
1	Yes	Yes	\N	\N
\.


--
-- Data for Name: case_interview_app_approvalstatus; Type: TABLE DATA; Schema: public; Owner: tipnet
--

COPY public.case_interview_app_approvalstatus (id, name, name_en, name_fr, name_pt) FROM stdin;
1	Pending	Pending	\N	\N
2	Approved	Approved	\N	\N
3	Rejected	Rejected	\N	\N
4	Requires clarification	Requires clarification	\N	\N
\.


--
-- Data for Name: case_interview_app_aquitalreason; Type: TABLE DATA; Schema: public; Owner: tipnet
--

COPY public.case_interview_app_aquitalreason (id, name, name_en, name_fr, name_pt) FROM stdin;
1	Failure to produce cooperative victim	Failure to produce cooperative victim	absence de victime cooprative	Ausncia de vtima colaborativa
2	Inconsistency	Inconsistency	incohrence	Inconsistncia
3	Insufficient evidence	Insufficient evidence	insuffisance de preuves	Provas insuficientes
4	No corroborative evidence	No corroborative evidence	absence de preuves corroborantes	Inexistncia de provas corroborativas
5	Unavailability of witnesses	Unavailability of witnesses	indisponibilit des tmoins	Testemunhas indisponveis
\.


--
-- Data for Name: case_interview_app_arrestinvestigation; Type: TABLE DATA; Schema: public; Owner: tipnet
--

COPY public.case_interview_app_arrestinvestigation (id, suspects_arrested, why_no_arrest, victim_smuggled, investigation_done, why_no_investigation, why_pending, withdrawn_closed_reason, investigation_status_id, victim_id, org_crime, approval_id, approval_comments, interviewer_id, created_at, updated_at) FROM stdin;
1	\N	no evidence	f	t				2	1	f	1	\N	1	2023-11-27 17:39:54.651614+00	2023-11-27 17:39:54.756499+00
2	\N	No explanation	f	t		Non	Non	1	2	f	1	\N	9	2023-11-27 17:39:54.651614+00	2023-11-27 17:39:54.756499+00
3	\N	No explanation	t	t		Non	Non	3	2	f	1	\N	9	2023-11-27 17:39:54.651614+00	2023-11-27 17:39:54.756499+00
4	\N		t	t				3	14	t	1	\N	11	2023-11-27 17:39:54.651614+00	2023-11-27 17:39:54.756499+00
5	t		t	t				3	26	t	1	\N	15	2023-12-04 17:13:48.876215+00	2023-12-04 17:13:48.876237+00
6	t		t	t				3	31	t	1	\N	15	2023-12-04 17:33:32.631167+00	2023-12-04 17:33:32.631189+00
7	t		t	t				3	39	t	1	\N	15	2023-12-04 22:29:37.858739+00	2023-12-04 22:29:37.858766+00
8	t		t	t				\N	40	t	1	\N	15	2023-12-05 00:37:46.320204+00	2023-12-05 00:37:46.320229+00
9	f	Still conduting assessments	f	t				1	76	f	1	\N	47	2023-12-05 10:41:05.529004+00	2023-12-05 10:41:05.529023+00
10	t		t	t				2	80	t	1	\N	58	2023-12-05 12:35:26.341858+00	2023-12-05 12:35:26.341877+00
12	t		t	t				\N	57	t	1	\N	43	2023-12-05 12:39:38.50409+00	2023-12-05 12:48:14.75435+00
13	t		t	t				2	46	t	1	\N	33	2023-12-05 12:50:03.058759+00	2023-12-05 12:50:03.05878+00
14	t		t	t				\N	46	t	1	\N	33	2023-12-05 12:52:30.733185+00	2023-12-05 12:52:30.733204+00
15	t		t	t				3	97	t	1	\N	73	2023-12-05 12:52:59.929532+00	2023-12-05 12:52:59.929551+00
11	t		t	t				\N	44	t	1	\N	44	2023-12-05 12:39:38.029926+00	2023-12-05 12:59:12.39225+00
16	t		t	t				2	82	t	1	\N	77	2023-12-05 13:00:10.833377+00	2023-12-05 13:00:10.833397+00
17	t		t	t				1	112	t	1	\N	76	2023-12-05 13:01:21.045545+00	2023-12-05 13:01:21.04557+00
19	t		f	t				1	115	f	1	\N	97	2023-12-05 13:31:20.744321+00	2023-12-05 13:31:20.744342+00
20	t		t	f				\N	125	f	1	\N	99	2023-12-05 13:38:00.809994+00	2023-12-05 13:53:04.382916+00
18	t		t	f				\N	114	t	1	\N	29	2023-12-05 13:28:42.037116+00	2023-12-05 14:03:22.64609+00
22	t		f	t				3	179	t	1	\N	15	2024-03-29 01:17:33.967707+00	2024-03-29 01:17:33.967736+00
23	f	ONGOING INVESTIGATIONS	t	f	ONGOING INVESTIGATIONS			\N	180	t	1	\N	15	2024-03-29 01:44:29.936503+00	2024-03-29 01:44:29.936524+00
24	f	ONGOING INVESTIGATIONS	t	f	ONGOING INVESTIGATIONS			\N	180	t	1	\N	15	2024-03-29 01:45:11.724856+00	2024-03-29 01:45:11.724882+00
25	f	UNKNOWN	t	t				2	181	t	1	\N	15	2024-03-29 02:08:35.275506+00	2024-03-29 02:08:35.275533+00
26	t		t	t				3	182	t	1	\N	15	2024-03-29 09:37:03.998407+00	2024-03-29 09:37:03.998436+00
27	t		t	t			UNKNOWN	2	183	t	1	\N	15	2024-03-30 05:24:47.220719+00	2024-03-30 05:24:47.220747+00
28	t		t	t				1	184	t	1	\N	5	2024-04-02 14:59:11.314015+00	2024-04-02 14:59:11.314042+00
29	t		t	t			UNKNOWN	1	185	t	1	\N	15	2024-04-02 15:07:11.373408+00	2024-04-02 15:07:11.373434+00
21	t		f	t				1	167	f	1	\N	2	2024-03-04 20:33:00.331347+00	2024-04-13 10:16:34.776577+00
30	f	They fled the region	f	t				1	35	t	1	\N	2	2024-04-13 11:30:59.293347+00	2024-04-13 11:30:59.293379+00
31	f	They fled the region	f	t				1	35	t	1	\N	2	2024-04-13 11:33:34.583663+00	2024-04-13 11:33:34.583689+00
32	t		t	t				1	134	t	1	\N	2	2024-04-13 11:52:23.484715+00	2024-04-13 11:52:23.484752+00
\.


--
-- Data for Name: case_interview_app_arrestinvestigation_how_traffickers_org; Type: TABLE DATA; Schema: public; Owner: tipnet
--

COPY public.case_interview_app_arrestinvestigation_how_traffickers_org (id, arrestinvestigation_id, traffickerorg_id) FROM stdin;
1	1	4
2	2	3
3	3	2
4	4	1
5	4	2
6	5	3
7	5	4
8	6	1
9	6	3
10	7	2
11	8	3
12	9	6
13	10	2
14	11	6
15	12	2
16	12	3
17	13	2
18	14	2
19	15	2
20	11	2
21	16	5
22	17	3
23	18	5
24	19	3
25	20	5
26	20	6
27	18	4
29	22	2
30	26	3
31	27	3
32	27	2
33	28	5
34	29	3
35	21	1
36	21	2
37	32	1
38	32	2
\.


--
-- Data for Name: case_interview_app_assistance; Type: TABLE DATA; Schema: public; Owner: tipnet
--

COPY public.case_interview_app_assistance (id, social_assistance_days, social_assistance_months, med_rehab_days, med_rehab_months, housing_allowance_days, housing_allowance_months, shelter_days, shelter_months, vocational_training_days, vocational_training_months, micro_ent_income_days, micro_ent_income_months, legal_assistance_days, legal_assistance_months, medical_assistance_days, medical_assistance_months, financial_assistance_days, financial_assistance_months, education_assistance_days, education_assistance_months, im_emmigration_assistance_days, im_emmigration_assistance_months, other_community_assistance_days, other_community_assistance_months, education_assistance_level_id, im_emmigration_assistance_status_id, micro_ent_income_project_id, other_community_assistance_type_id, approval_id, approval_comments, interviewer_id, victim_id, halfway_house_months, halfway_house_days, created_at, updated_at) FROM stdin;
1	30	\N	5	\N	25	\N	\N	\N	\N	\N	\N	\N	\N	\N	\N	\N	\N	\N	\N	\N	\N	\N	\N	\N	\N	1	1	1	1	\N	1	1	\N	\N	2023-11-27 17:39:54.809426+00	2023-11-27 17:39:54.860748+00
2	\N	\N	\N	\N	\N	\N	\N	\N	\N	\N	\N	\N	\N	\N	\N	\N	\N	\N	\N	\N	\N	\N	\N	\N	\N	1	1	1	1	\N	9	2	\N	\N	2023-11-27 17:39:54.809426+00	2023-11-27 17:39:54.860748+00
3	\N	-7	\N	\N	\N	\N	\N	\N	\N	\N	\N	\N	\N	\N	\N	\N	\N	\N	\N	\N	\N	\N	\N	\N	\N	1	1	1	1	\N	9	2	\N	\N	2023-11-27 17:39:54.809426+00	2023-11-27 17:39:54.860748+00
4	23	\N	23	\N	\N	45	\N	32	45	\N	\N	\N	14	\N	\N	12	54	\N	60	\N	45	\N	45	\N	\N	3	4	1	1	\N	9	6	\N	\N	2023-11-27 17:39:54.809426+00	2023-11-27 17:39:54.860748+00
5	76	\N	76	\N	\N	76	76	\N	76	\N	76	\N	76	\N	76	\N	76	\N	76	\N	\N	\N	76	\N	\N	1	1	1	1	\N	9	7	\N	\N	2023-11-27 17:39:54.809426+00	2023-11-27 17:39:54.860748+00
6	5	\N	5	\N	5	\N	5	\N	55	\N	5	\N	5	\N	5	\N	5	\N	5	\N	5	\N	5	\N	\N	1	1	1	1	\N	9	11	\N	\N	2023-11-27 17:39:54.809426+00	2023-11-27 17:39:54.860748+00
7	5	\N	\N	4	5	\N	5	\N	5	\N	\N	21	7	\N	7	\N	44	\N	\N	48	\N	5	\N	72	\N	1	1	1	1	\N	11	29	\N	\N	2023-11-27 17:39:54.809426+00	2023-11-27 17:39:54.860748+00
8	55	\N	55	\N	44	\N	44	\N	44	\N	44	\N	44	\N	44	\N	44	\N	44	\N	44	\N	44	\N	\N	1	1	1	1	\N	15	31	\N	\N	2023-12-04 17:53:21.19136+00	2023-12-04 17:53:21.191391+00
9	45	\N	45	\N	\N	1	\N	\N	\N	\N	\N	\N	\N	\N	\N	\N	\N	\N	\N	\N	\N	\N	5	\N	\N	4	1	1	1	\N	15	37	\N	\N	2023-12-04 21:49:43.598227+00	2023-12-04 21:49:43.598258+00
10	\N	4	\N	3	\N	3	\N	3	\N	\N	\N	\N	\N	3	\N	3	\N	3	\N	\N	\N	\N	\N	3	\N	1	2	3	1	\N	68	69	\N	\N	2023-12-05 10:40:46.074839+00	2023-12-05 10:40:46.074864+00
11	35	\N	25	\N	60	\N	5	\N	25	\N	25	\N	4	\N	25	\N	35	\N	40	\N	2	\N	25	\N	\N	2	2	7	1	\N	33	46	\N	\N	2023-12-05 12:59:33.238609+00	2023-12-05 12:59:33.238636+00
12	\N	11	\N	3	\N	5	18	\N	0	\N	0	\N	\N	5	\N	3	\N	3	0	\N	3	\N	\N	3	\N	1	1	7	1	\N	73	97	\N	\N	2023-12-05 13:06:12.948079+00	2023-12-05 13:06:12.948102+00
13	\N	6	\N	9	\N	\N	\N	7	\N	4	\N	5	\N	2	\N	3	\N	\N	\N	12	\N	6	\N	4	\N	1	6	5	1	\N	43	57	\N	\N	2023-12-05 13:06:45.994472+00	2023-12-05 13:06:45.994491+00
14	\N	8	\N	6	\N	8	\N	\N	\N	\N	\N	4	\N	8	\N	\N	\N	\N	\N	36	\N	\N	\N	8	\N	5	1	6	1	\N	58	80	\N	\N	2023-12-05 13:07:32.807886+00	2023-12-05 13:07:32.807908+00
15	\N	23	\N	5	\N	\N	60	\N	\N	\N	\N	\N	5	\N	2	\N	\N	\N	\N	\N	\N	\N	\N	\N	\N	1	1	1	1	\N	44	44	\N	\N	2023-12-05 13:08:00.506949+00	2023-12-05 13:08:00.506983+00
16	\N	1	5	\N	10	\N	\N	1	\N	\N	\N	\N	10	\N	\N	\N	10	\N	\N	\N	\N	\N	10	\N	\N	1	1	2	1	\N	53	53	\N	\N	2023-12-05 13:08:20.477363+00	2023-12-05 13:08:20.477384+00
17	\N	24	12	\N	\N	\N	\N	24	\N	12	\N	6	20	\N	7	\N	\N	24	\N	12	12	\N	12	\N	\N	4	1	7	1	\N	77	82	\N	\N	2023-12-05 13:16:14.944471+00	2023-12-05 13:16:14.944494+00
18	\N	\N	\N	\N	\N	\N	\N	\N	\N	\N	\N	\N	\N	\N	\N	\N	\N	\N	\N	\N	\N	\N	\N	\N	\N	1	1	1	1	\N	77	82	\N	\N	2023-12-05 13:18:23.358488+00	2023-12-05 13:18:23.358508+00
19	\N	\N	\N	\N	\N	\N	\N	\N	\N	\N	\N	\N	\N	\N	\N	\N	\N	\N	\N	\N	\N	\N	\N	\N	\N	1	1	1	1	\N	44	44	\N	\N	2023-12-05 14:02:23.018022+00	2023-12-05 14:02:23.018047+00
20	\N	24	7	\N	0	\N	\N	24	\N	23	0	\N	\N	3	0	\N	0	\N	\N	24	7	\N	0	\N	\N	1	3	1	1	\N	95	120	\N	\N	2023-12-05 14:10:59.847429+00	2023-12-05 14:10:59.847449+00
21	\N	\N	\N	\N	\N	\N	\N	\N	\N	\N	\N	\N	\N	\N	\N	\N	\N	\N	\N	\N	\N	\N	\N	\N	\N	1	1	1	1	\N	29	75	\N	\N	2023-12-05 14:30:40.05961+00	2023-12-05 14:30:40.059637+00
22	\N	20	\N	\N	\N	\N	\N	\N	\N	\N	\N	\N	\N	\N	\N	\N	\N	\N	\N	\N	\N	\N	\N	\N	\N	1	1	1	1	\N	2	35	\N	\N	2024-03-09 12:28:35.364556+00	2024-04-14 17:30:57.397204+00
\.


--
-- Data for Name: case_interview_app_assistance_education_assistance_provider; Type: TABLE DATA; Schema: public; Owner: tipnet
--

COPY public.case_interview_app_assistance_education_assistance_provider (id, assistance_id, provider_id) FROM stdin;
1	4	3
2	5	2
3	6	2
4	7	2
5	8	2
6	11	1
7	13	1
8	14	1
9	17	2
10	20	2
11	21	1
\.


--
-- Data for Name: case_interview_app_assistance_financial_assistance_provider; Type: TABLE DATA; Schema: public; Owner: tipnet
--

COPY public.case_interview_app_assistance_financial_assistance_provider (id, assistance_id, provider_id) FROM stdin;
1	4	2
2	5	3
3	6	1
4	7	2
5	8	2
6	10	1
7	11	1
8	12	2
9	16	1
10	17	2
11	21	1
\.


--
-- Data for Name: case_interview_app_assistance_halfway_house_providers; Type: TABLE DATA; Schema: public; Owner: tipnet
--

COPY public.case_interview_app_assistance_halfway_house_providers (id, assistance_id, provider_id) FROM stdin;
\.


--
-- Data for Name: case_interview_app_assistance_housing_allowance_provider; Type: TABLE DATA; Schema: public; Owner: tipnet
--

COPY public.case_interview_app_assistance_housing_allowance_provider (id, assistance_id, provider_id) FROM stdin;
1	4	3
2	5	3
3	5	2
4	6	2
5	7	2
6	8	2
7	9	2
8	10	1
9	11	2
10	12	2
11	14	2
12	21	1
\.


--
-- Data for Name: case_interview_app_assistance_im_emmigration_assistance_pro0797; Type: TABLE DATA; Schema: public; Owner: tipnet
--

COPY public.case_interview_app_assistance_im_emmigration_assistance_pro0797 (id, assistance_id, provider_id) FROM stdin;
1	4	3
2	6	2
3	7	2
4	8	2
5	9	2
6	10	1
7	11	3
8	12	1
9	13	1
10	13	2
11	17	1
12	20	1
13	21	1
\.


--
-- Data for Name: case_interview_app_assistance_legal_assistance_provider; Type: TABLE DATA; Schema: public; Owner: tipnet
--

COPY public.case_interview_app_assistance_legal_assistance_provider (id, assistance_id, provider_id) FROM stdin;
1	4	2
2	5	2
3	5	3
4	6	2
5	7	2
6	8	2
7	10	1
8	11	1
9	12	1
10	13	1
11	14	1
12	15	1
13	16	1
14	17	2
15	20	2
16	21	1
\.


--
-- Data for Name: case_interview_app_assistance_med_rehab_provider; Type: TABLE DATA; Schema: public; Owner: tipnet
--

COPY public.case_interview_app_assistance_med_rehab_provider (id, assistance_id, provider_id) FROM stdin;
1	4	1
2	5	3
3	6	2
4	7	1
5	8	2
6	9	2
7	10	1
8	11	1
9	12	2
10	13	2
11	14	2
12	15	1
13	16	1
14	17	2
15	20	1
16	21	1
\.


--
-- Data for Name: case_interview_app_assistance_medical_assistance_provider; Type: TABLE DATA; Schema: public; Owner: tipnet
--

COPY public.case_interview_app_assistance_medical_assistance_provider (id, assistance_id, provider_id) FROM stdin;
1	4	2
2	5	2
3	5	3
4	6	2
5	7	2
6	8	2
7	10	1
8	11	1
9	12	1
10	13	1
11	15	1
12	17	1
13	21	1
\.


--
-- Data for Name: case_interview_app_assistance_micro_ent_income_provider; Type: TABLE DATA; Schema: public; Owner: tipnet
--

COPY public.case_interview_app_assistance_micro_ent_income_provider (id, assistance_id, provider_id) FROM stdin;
1	4	2
2	5	2
3	5	3
4	7	2
5	8	2
6	10	1
7	11	2
8	13	2
9	14	2
10	17	2
11	21	1
\.


--
-- Data for Name: case_interview_app_assistance_other_community_assistance_pr1378; Type: TABLE DATA; Schema: public; Owner: tipnet
--

COPY public.case_interview_app_assistance_other_community_assistance_pr1378 (id, assistance_id, provider_id) FROM stdin;
1	4	2
2	5	2
3	6	2
4	7	2
5	8	2
6	9	2
7	10	1
8	11	3
9	12	3
10	13	2
11	14	2
12	16	1
13	17	2
14	21	1
\.


--
-- Data for Name: case_interview_app_assistance_shelter_provider; Type: TABLE DATA; Schema: public; Owner: tipnet
--

COPY public.case_interview_app_assistance_shelter_provider (id, assistance_id, provider_id) FROM stdin;
1	4	2
2	5	1
3	5	3
4	6	2
5	7	3
6	8	2
7	10	1
8	11	2
9	12	1
10	13	2
11	15	2
12	16	2
13	17	2
14	20	2
15	21	1
\.


--
-- Data for Name: case_interview_app_assistance_social_assistance_provider; Type: TABLE DATA; Schema: public; Owner: tipnet
--

COPY public.case_interview_app_assistance_social_assistance_provider (id, assistance_id, provider_id) FROM stdin;
1	3	1
2	3	3
3	4	2
4	5	2
5	5	3
6	6	2
7	7	2
8	8	2
9	9	2
10	10	1
11	11	1
12	12	2
13	13	2
14	14	2
15	15	2
16	16	1
17	17	2
18	20	2
19	21	1
20	22	1
\.


--
-- Data for Name: case_interview_app_assistance_vocational_training_provider; Type: TABLE DATA; Schema: public; Owner: tipnet
--

COPY public.case_interview_app_assistance_vocational_training_provider (id, assistance_id, provider_id) FROM stdin;
1	4	2
2	5	1
3	5	3
4	6	2
5	7	3
6	8	2
7	10	1
8	11	1
9	13	2
10	17	2
11	20	2
12	21	1
\.


--
-- Data for Name: case_interview_app_assistanceaggregatedata; Type: TABLE DATA; Schema: public; Owner: tipnet
--

COPY public.case_interview_app_assistanceaggregatedata (id, total_tip_annually, total_service, eligible_family_service, total_anon_contacts, data_supplier_id, approval_id, approval_comments, interviewer_id, created_at, updated_at) FROM stdin;
1	5	1	5	\N	1	1	\N	9	2023-11-27 17:39:54.907113+00	2023-11-27 17:39:54.954639+00
2	5	5	5	5	1	1	\N	9	2023-11-27 17:39:54.907113+00	2023-11-27 17:39:54.954639+00
3	-1	-1	-1	-1	1	1	\N	11	2023-11-27 17:39:54.907113+00	2023-11-27 17:39:54.954639+00
4	55	55	55	5	1	1	\N	15	2023-12-04 17:54:05.40014+00	2023-12-04 17:54:05.400169+00
5	50	55	49	55	1	1	\N	15	2023-12-04 18:00:54.758938+00	2023-12-04 18:00:54.758972+00
6	\N	\N	\N	\N	1	1	\N	15	2023-12-04 21:51:10.271702+00	2023-12-04 21:51:10.271753+00
7	16	2	3	2	1	1	\N	68	2023-12-05 10:42:32.206965+00	2023-12-05 10:42:32.206991+00
8	20	10	14	10	1	1	\N	33	2023-12-05 13:00:29.910885+00	2023-12-05 13:00:29.910907+00
9	6	5	2	6	1	1	\N	43	2023-12-05 13:08:21.660389+00	2023-12-05 13:08:21.660411+00
10	3	11	\N	4	1	1	\N	73	2023-12-05 13:08:26.589004+00	2023-12-05 13:08:26.589025+00
11	1	\N	\N	\N	1	1	\N	53	2023-12-05 13:09:48.972333+00	2023-12-05 13:09:48.972359+00
12	2	1	0	0	1	1	\N	44	2023-12-05 13:11:43.324064+00	2023-12-05 13:11:43.324092+00
13	12	12	4	4	1	1	\N	77	2023-12-05 13:23:37.928479+00	2023-12-05 13:23:37.928506+00
14	10	10	16	45	1	1	\N	58	2023-12-05 13:28:13.75388+00	2023-12-05 13:28:13.753907+00
15	6	5	0	4	1	1	\N	95	2023-12-05 14:14:32.797526+00	2023-12-05 14:14:32.797547+00
16	66	34	25	60	1	1	\N	29	2023-12-05 14:34:00.211981+00	2023-12-05 14:34:00.212006+00
17	10	1	3	1	1	1	\N	2	2024-03-09 09:38:51.736905+00	2024-03-09 09:38:51.736929+00
18	10	1	3	1	1	1	\N	2	2024-03-09 09:40:12.041321+00	2024-03-09 09:40:12.041372+00
19	10	1	3	1	1	1	\N	2	2024-03-09 09:40:21.227617+00	2024-03-09 09:40:21.227639+00
20	10	1	3	1	1	1	\N	2	2024-03-09 09:40:29.894813+00	2024-03-09 09:40:29.89484+00
21	1	1	1	1	2	1	\N	2	2024-03-09 09:47:22.396991+00	2024-03-09 09:47:22.397016+00
\.


--
-- Data for Name: case_interview_app_bodypart; Type: TABLE DATA; Schema: public; Owner: tipnet
--

COPY public.case_interview_app_bodypart (id, name, name_en, name_fr, name_pt) FROM stdin;
3	Other	Other	Autre	Outro
1	Kidney	Kidney	Rein	Rim
2	Cornea	Cornea	Corne	Crnea
4	Liver	Liver	Foie	Rim
\.


--
-- Data for Name: case_interview_app_brideprice; Type: TABLE DATA; Schema: public; Owner: tipnet
--

COPY public.case_interview_app_brideprice (id, name, name_en, name_fr, name_pt) FROM stdin;
1	Yes - bride price	Yes - bride price	Oui - prix de mariage	Sim - preo da noiva
2	Yes - dowry	Yes - dowry	Oui - dot	Sim  dote
3	Yes - dower	Yes - dower	Oui - douaire	Sim  contradote
4	No	No	Non	No
\.


--
-- Data for Name: case_interview_app_bridepricerecipient; Type: TABLE DATA; Schema: public; Owner: tipnet
--

COPY public.case_interview_app_bridepricerecipient (id, name, name_en, name_fr, name_pt) FROM stdin;
1	Parent	Parent	parent	Pai
2	Relative	Relative	proche	Parente
3	Sibling	Sibling	frre ou sur	Irmo
4	Other	Other	Autre	Outro
\.


--
-- Data for Name: case_interview_app_casestatus; Type: TABLE DATA; Schema: public; Owner: tipnet
--

COPY public.case_interview_app_casestatus (id, name, name_en, name_fr, name_pt) FROM stdin;
1	Awaiting allocation of trial date	Awaiting allocation of trial date	En attente de l'attribution d'une date de procs	Aguardando data do julgamento
2	Cancelled	Cancelled	Annule	Cancelado
3	Finalised	Finalised	Finalise	Finalizado
4	Part heard	Part heard	Partiellement entendue	Audio a decorrer
5	Pending trial	Pending trial	En attente de procs	Julgamento pendente
6	Pending appeal	Pending appeal	En attente d'appel	Recurso pendente
7	Pending review	Pending review	En attente de rexamen	Reviso pendente
8	Struck off the role	Struck off the role	Raye du rle	Retirada do papel
9	Withdrawn	Withdrawn	Retire	Suspenso
\.


--
-- Data for Name: case_interview_app_childmarriagereason; Type: TABLE DATA; Schema: public; Owner: tipnet
--

COPY public.case_interview_app_childmarriagereason (id, name, name_en, name_fr, name_pt) FROM stdin;
1	Cultural practice	Cultural practice	pratique culturelle	Prtica cultural
2	Economic benefit for the trafficker	Economic benefit for the trafficker	avantage conomique pour le trafiquant	Benefcio econmico para o traficante
3	Payment of debt by parent or guardian	Payment of debt by parent or guardian	paiement d'une dette par les parents ou le tuteur	Pagamento de dvida pelos pais ou encarregados de
4	Reduction of economic burden on the family	Reduction of economic burden on the family	rduction de la charge conomique pour la famille	reduo das despesas econmicas da famlia/
5	Other	Other	Autre	Outro
\.


--
-- Data for Name: case_interview_app_communityassistancetype; Type: TABLE DATA; Schema: public; Owner: tipnet
--

COPY public.case_interview_app_communityassistancetype (id, name, name_en, name_fr, name_pt) FROM stdin;
1	Financial assistance	Financial assistance	Aide financire	Assistncia financeira
2	Housing	Housing	Logement	Habitao
3	Legal assistance	Legal assistance	Assistance juridique	Assistncia jurdica
4	Medical assistance	Medical assistance	Assistance mdicale	Assistncia mdica
5	Micro-enterprise	Micro-enterprise	Micro-entreprise	Microempresa
6	Vocational training	Vocational training	Formation professionnelle	Formao profissional
7	Other	Other	Autre	Outros
\.


--
-- Data for Name: case_interview_app_country; Type: TABLE DATA; Schema: public; Owner: tipnet
--

COPY public.case_interview_app_country (id, name, flag, three_code, two_code, is_sadc) FROM stdin;
16	Zimbabwe	case_interview_app/images/member-states/zimbabwe.png	ZWE	ZW	t
15	Zambia	case_interview_app/images/member-states/zambia.jpg	ZMB	ZM	t
14	United Republic of Tanzania	case_interview_app/images/member-states/tanzania.jpg	TZA	TZ	t
13	South Africa	case_interview_app/images/member-states/southafrica.jpg	ZAF	ZA	t
12	Seychelles	case_interview_app/images/member-states/seychelles.jpg	SYC	SC	t
11	Namibia	case_interview_app/images/member-states/namibia.jpg	NAM	NA	t
10	Mozambique	case_interview_app/images/member-states/monzambique.jpg	MOZ	MZ	t
9	Mauritius	case_interview_app/images/member-states/mauritius.jpg	MUS	MU	t
8	Malawi	case_interview_app/images/member-states/malawi.jpg	MWI	MW	t
7	Madagascar	case_interview_app/images/member-states/madagascar.jpg	MDG	MG	t
6	Kingdom of Lesotho	case_interview_app/images/member-states/lesotho.jpg	LSO	LS	t
5	Kingdom of Eswatini	case_interview_app/images/member-states/eswatini.jpg	SWZ	SZ	t
4	Democratic Republic of Congo	case_interview_app/images/member-states/drc.jpg	COD	CD	t
3	Comoros	case_interview_app/images/member-states/comoros.jpg	COM	KM	t
2	Botswana	case_interview_app/images/member-states/botswana.jpg	BWA	BW	t
1	Angola	case_interview_app/images/member-states/angola.jpg	AGO	AO	t
17	Kenya	\N	KEN	KE	f
18	Other	\N	OTH	OT	f
20	Ethiopia	\N	ETH	ET	f
19	Uganda	\N	UGA	UG	f
21	Somalia	\N	SOM	SO	f
22	Eritrea	\N	ERT	ER	f
23	Djibouti	\N	DJB	DJ	f
\.


--
-- Data for Name: case_interview_app_criminalactivitytype; Type: TABLE DATA; Schema: public; Owner: tipnet
--

COPY public.case_interview_app_criminalactivitytype (id, name, name_en, name_fr, name_pt) FROM stdin;
1	Bag snatching	Bag snatching	Vol de sacs	Roubo de mala
2	Bulglary	Bulglary	Cambriolage	Furto
3	Pick pocketing	Pick pocketing	Vol  la tire	Carteiristas
4	Robbery	Robbery	Vol qualifi	Roubo
5	Trade of counterfeit goods	Trade of counterfeit goods	Commerce de produits de contrefaon	Comrcio de produtos falsificados
6	Trade of illegal substances	Trade of illegal substances	Commerce de substances illicites	Comrcio de substncias ilegais
7	Other	Other	Autres	Outros
\.


--
-- Data for Name: case_interview_app_dataentrypurpose; Type: TABLE DATA; Schema: public; Owner: tipnet
--

COPY public.case_interview_app_dataentrypurpose (id, name, name_en, name_fr, name_pt) FROM stdin;
1	TiP Process	TiP Process	Processus TIP	Processo
2	Investigation	Investigation	Investigation	Investigao
3	Prosecution	Prosecution	Poursuite	Acusao
4	Assistance	Assistance	Assistance	Assistncia de TSH
\.


--
-- Data for Name: case_interview_app_datasupplier; Type: TABLE DATA; Schema: public; Owner: tipnet
--

COPY public.case_interview_app_datasupplier (id, name, name_en, name_fr, name_pt) FROM stdin;
1	NGO	NGO	ONG	ONG
2	Labour market	Labour market	partie prenante du march du travail	entidade do mercado de trabalho
3	Private sector party	Private sector party	secteur priv	sector privado
4	Other	Other	Autre	Outra entidade
\.


--
-- Data for Name: case_interview_app_educationlevel; Type: TABLE DATA; Schema: public; Owner: tipnet
--

COPY public.case_interview_app_educationlevel (id, name, name_en, name_fr, name_pt) FROM stdin;
1	High school	High school	cole secondaire	Ensino Secundrio
2	Primary school or elementary school	Primary school or elementary school	cole primaire ou lmentaire	Ensino Bsico
3	Secondary education	Secondary education	Enseignement secondaire	Ensino Secundrio
4	Technical school	Technical school	cole technique	Escola Tcnico-profissional
5	Tutoring	Tutoring	Tutorat	Tutoria
6	University	University	Universit	Universidade
7	Other	Other	Autre	Outro
\.


--
-- Data for Name: case_interview_app_exploitation; Type: TABLE DATA; Schema: public; Owner: tipnet
--

COPY public.case_interview_app_exploitation (id, victim_id, debt_amount, e_armed_group_name, e_bprice_amount_kind, e_child_marriage, e_child_soldier, e_child_soldier_age, e_children_from_marriage, e_criminal_activity, e_forced_labour, e_forced_marriage, e_m_health_issues_description, e_maternal_health_issues, e_online_porno, e_operation_country_id, e_organ_removed, e_organ_sale_price, e_other_sexual, e_other_sexual_online, e_prostitution, e_remarks, e_spouse_nationality_id, e_victim_knew_spouse, e_victim_pregnancy, event_description, exploitation_length, intent_to_exploit, pay_debt, subject_to_exploitation, e_bprice_paid_id, e_forced_military_type_id, e_marriage_violence_id, e_operation_location_id, e_organ_paid_to_id, e_recruiter_relationship_id, e_recruitment_type_id, exploitation_age_id, freed_method_id, approval_id, approval_comments, interviewer_id, created_at, updated_at, e_forced_military) FROM stdin;
4	2	9000	N/A	Many prices	f	t	18	0	t	f	t	\N	f	t	13	f	None	t	t	t	None	11	\N	f	\N	25	\N	f	t	3	2	3	4	3	\N	3	\N	3	1	\N	9	2023-11-27 17:39:55.011222+00	2023-11-27 17:39:55.066833+00	\N
5	8	\N	Unknown	\N	t	t	10	3	t	t	f	Health related	t	f	16	t	\N	t	f	t	\N	\N	\N	t	\N	5	\N	t	t	\N	1	1	2	1	\N	1	\N	\N	1	\N	9	2023-11-27 17:39:55.011222+00	2023-11-27 17:39:55.066833+00	\N
6	9	\N	Unknown	45000	t	t	5	2	t	t	t	\N	t	t	\N	f	\N	t	t	f	\N	10	t	t	Overwhelmed by details	\N	\N	\N	f	3	1	1	\N	\N	\N	10	\N	4	1	\N	9	2023-11-27 17:39:55.011222+00	2023-11-27 17:39:55.066833+00	\N
7	10	\N	N/A	\N	f	f	\N	\N	f	f	t	\N	\N	\N	\N	f	\N	f	\N	f	\N	13	\N	\N	Victim self rescued	\N	f	\N	f	4	1	\N	\N	\N	\N	3	\N	7	1	\N	9	2023-11-27 17:39:55.011222+00	2023-11-27 17:39:55.066833+00	\N
8	13	5555	NK	Plenty	f	t	10	\N	t	t	t	\N	\N	\N	\N	f	\N	f	\N	t	\N	14	f	\N	\N	7 years	\N	t	t	3	1	\N	\N	\N	\N	\N	\N	2	1	\N	11	2023-11-27 17:39:55.011222+00	2023-11-27 17:39:55.066833+00	\N
9	13	\N	NK	\N	t	f	\N	8	\N	t	t	\N	\N	t	\N	\N	\N	t	\N	f	\N	1	t	t	Intervention required	\N	f	\N	f	1	\N	2	\N	\N	\N	2	\N	2	1	\N	11	2023-11-27 17:39:55.011222+00	2023-11-27 17:39:55.066833+00	\N
10	23	8888	Nk	\N	f	t	55	\N	t	t	f	\N	\N	t	\N	f	\N	t	t	t	\N	\N	\N	\N	NK	5	\N	t	t	\N	2	\N	\N	\N	\N	5	\N	6	1	\N	12	2023-11-27 17:39:55.011222+00	2023-11-27 17:39:55.066833+00	\N
11	24	USD 5000	NK	\N	t	t	25	7	t	t	f	\N	t	f	7	t	6000 USD	t	\N	t	Information obtained under duress	\N	\N	t	Ransom Paid	5	\N	t	t	\N	2	1	2	4	\N	3	\N	2	1	\N	11	2023-11-27 17:39:55.011222+00	2023-11-27 17:39:55.066833+00	\N
12	25	\N	\N	\N	\N	\N	\N	\N	\N	\N	\N	\N	\N	t	\N	\N	\N	t	t	t	\N	\N	\N	\N	she fled and asked for help from civilians	\N	\N	\N	\N	\N	\N	\N	\N	\N	\N	\N	\N	6	1	\N	16	2023-11-27 17:39:55.011222+00	2023-11-27 17:39:55.066833+00	\N
13	25	\N	\N	\N	f	f	\N	\N	f	f	f	\N	\N	t	\N	\N	\N	t	t	t	\N	\N	\N	\N	victim escaped and asked for help from civilians.	2 years	\N	f	t	\N	\N	\N	\N	\N	\N	\N	\N	6	1	\N	16	2023-11-27 17:39:55.011222+00	2023-11-27 17:39:55.066833+00	\N
14	25	35234USD	\N	\N	t	\N	\N	\N	t	t	\N	\N	\N	t	\N	\N	\N	t	t	t	\N	\N	\N	\N	KN	2 years	\N	t	t	\N	\N	\N	\N	\N	\N	\N	\N	2	1	\N	16	2023-11-27 17:39:55.011222+00	2023-11-27 17:39:55.066833+00	\N
15	25	\N	\N	\N	\N	\N	\N	\N	\N	\N	\N	\N	\N	t	\N	\N	\N	t	t	t	\N	\N	\N	\N	\N	\N	\N	\N	\N	\N	\N	\N	\N	\N	\N	\N	\N	\N	1	\N	16	2023-11-27 17:39:55.011222+00	2023-11-27 17:39:55.066833+00	\N
16	25	\N	xxxx	\N	f	f	\N	\N	f	f	f	\N	\N	\N	\N	f	\N	t	\N	t	\N	\N	\N	\N	xxxx	\N	\N	\N	\N	\N	2	\N	\N	\N	\N	1	\N	6	1	\N	16	2023-11-27 17:39:55.011222+00	2023-11-27 17:39:55.066833+00	\N
17	26	8943USD	UNKNOWN	\N	t	t	5	\N	t	t	t	\N	\N	t	\N	f	\N	t	t	t	\N	\N	\N	f	UNKNOWN	7 years	\N	t	t	\N	1	2	\N	\N	\N	2	\N	3	1	\N	11	2023-11-27 17:39:55.011222+00	2023-11-27 17:39:55.066833+00	\N
18	30	5000	UNKNOWN	Material goos	\N	t	14	\N	t	t	t	\N	\N	t	4	t	UNKNOWN	t	t	t	UNKNOWN	2	t	\N	Exploitation-	5	\N	t	t	3	1	\N	2	4	\N	1	\N	3	1	\N	17	2023-11-28 10:15:23.410221+00	2023-11-28 10:15:23.410239+00	\N
19	32	66000	UNKNOWN	UNKNOWN	t	t	15	4	t	t	t	\N	f	t	\N	f	\N	t	t	t	\N	2	t	t	No details provided	4	\N	t	t	2	1	1	\N	\N	\N	8	\N	2	1	\N	15	2023-12-03 23:38:25.024327+00	2023-12-03 23:38:25.024355+00	\N
20	33	\N	UNKNOWN	N/A	t	t	13	1	t	t	t	\N	f	t	2	t	N/A	t	t	t	\N	4	t	t	UNKNOWN	N/A	\N	t	t	3	1	3	2	1	\N	1	\N	2	1	\N	15	2023-12-04 11:08:18.38169+00	2023-12-04 11:08:18.38171+00	\N
22	36	\N	\N	\N	\N	\N	\N	\N	\N	\N	\N	\N	\N	\N	\N	\N	\N	\N	\N	\N	\N	\N	\N	\N	\N	\N	\N	\N	f	\N	\N	\N	\N	\N	\N	\N	\N	\N	1	\N	5	2023-12-04 14:58:23.909453+00	2023-12-04 14:58:23.909474+00	\N
23	26	\N	\N	\N	\N	\N	\N	\N	\N	\N	\N	\N	\N	\N	\N	\N	\N	\N	\N	\N	\N	\N	\N	\N	\N	UNKNOWN	\N	\N	t	\N	\N	\N	\N	\N	\N	\N	\N	\N	1	\N	15	2023-12-04 17:32:10.82839+00	2023-12-04 17:32:10.828414+00	\N
24	41	\N	NK	N/A	f	t	14	\N	t	t	t	\N	\N	t	18	t	NK	t	t	f	\N	18	t	\N	NGO Intervention	\N	t	\N	f	2	1	\N	2	2	\N	5	\N	5	1	\N	15	2023-12-05 08:57:02.805416+00	2023-12-05 08:57:02.805445+00	\N
25	48	\N	\N	\N	f	\N	\N	\N	\N	t	f	\N	\N	\N	\N	\N	\N	\N	\N	\N	\N	\N	\N	\N	\N	1	\N	f	t	\N	\N	\N	\N	\N	\N	8	\N	4	1	\N	32	2023-12-05 10:30:39.18085+00	2023-12-05 10:30:39.180869+00	\N
26	47	\N	UNKNOWN	\N	f	f	\N	\N	f	t	f	\N	\N	f	\N	f	\N	t	f	t	\N	\N	\N	\N	Victim can not share	7 years	\N	f	t	\N	2	\N	\N	\N	\N	4	\N	4	1	\N	19	2023-12-05 10:31:36.470208+00	2023-12-05 10:31:36.470236+00	\N
27	58	\N	\N	\N	f	t	\N	\N	t	t	t	\N	\N	\N	13	t	\N	\N	\N	t	\N	\N	t	\N	\N	3	\N	t	t	1	1	\N	2	\N	\N	\N	\N	4	1	\N	36	2023-12-05 10:32:14.926171+00	2023-12-05 10:32:14.926207+00	\N
28	49	US$1000	RFK	\N	t	t	17	\N	t	t	\N	\N	\N	t	\N	f	\N	t	t	f	\N	\N	\N	f	Inter-govt negotiations	6 months	\N	t	t	\N	2	1	\N	\N	\N	2	\N	4	1	\N	55	2023-12-05 10:32:36.863122+00	2023-12-05 10:32:36.863149+00	\N
29	46	\N	Support 	\N	f	t	8	\N	t	f	f	\N	\N	\N	\N	f	\N	t	\N	\N	\N	\N	\N	\N	Everything 	2 years	\N	f	t	\N	2	\N	\N	\N	\N	2	\N	4	1	\N	33	2023-12-05 10:32:43.564195+00	2023-12-05 10:32:43.564216+00	\N
30	57	2000	Combatant	\N	f	t	\N	\N	t	\N	f	\N	\N	t	\N	f	\N	t	\N	t	\N	\N	\N	\N	vdhdidkdiekd	2 years	\N	t	t	\N	1	\N	\N	\N	\N	4	\N	5	1	\N	43	2023-12-05 10:32:54.861663+00	2023-12-05 10:32:54.861685+00	\N
31	53	\N	\N	15 000 R	f	f	\N	\N	f	f	t	\N	\N	f	\N	f	\N	t	f	t	\N	22	f	\N	police intervened	2 years	\N	\N	t	1	2	\N	\N	\N	\N	\N	\N	4	1	\N	53	2023-12-05 10:32:56.186835+00	2023-12-05 10:32:56.186857+00	\N
32	56	\N	\N	\N	f	\N	\N	\N	t	f	f	\N	\N	\N	\N	\N	\N	f	\N	f	Theft 	\N	\N	\N	Police investigations 	7 days	\N	f	t	\N	\N	\N	\N	\N	\N	8	\N	7	1	\N	56	2023-12-05 10:33:18.400385+00	2023-12-05 10:33:18.400411+00	\N
33	54	3456666788	\N	\N	f	f	\N	\N	f	f	f	\N	\N	t	\N	f	\N	t	t	f	\N	\N	\N	\N	\N	13 years	\N	t	t	\N	1	\N	\N	\N	\N	4	\N	5	1	\N	30	2023-12-05 10:33:19.593427+00	2023-12-05 10:33:19.593448+00	\N
34	60	\N	\N	\N	f	f	\N	\N	f	f	f	\N	\N	f	\N	f	\N	t	t	f	\N	\N	\N	\N	\N	5	\N	f	t	\N	\N	\N	\N	\N	\N	4	\N	5	1	\N	60	2023-12-05 10:34:24.882186+00	2023-12-05 10:34:24.882206+00	\N
35	44	R30000	Nk	Nk	t	f	\N	1	t	t	t	\N	\N	\N	3	t	100000	f	\N	t	Nk	3	f	t	Nk	2	\N	t	t	2	1	4	2	1	\N	1	\N	6	1	\N	44	2023-12-05 10:34:26.663503+00	2023-12-05 10:34:26.663523+00	\N
36	55	\N	MIlitia 	\N	f	f	\N	\N	t	f	f	\N	\N	\N	\N	f	\N	f	\N	f	\N	\N	\N	\N	\N	2 years	\N	f	t	\N	2	\N	\N	\N	\N	1	\N	4	1	\N	63	2023-12-05 10:34:38.365114+00	2023-12-05 10:34:38.365133+00	\N
37	43	NK	NK	NK	t	t	12	5	t	t	t	HEalth issues	t	t	23	t	NK	t	t	t	NK	\N	f	t	Victim too Traumatised to share	6	\N	t	t	2	2	1	2	1	\N	4	\N	2	1	\N	17	2023-12-05 10:35:00.301262+00	2023-12-05 10:35:00.301284+00	\N
38	52	SR10000	NK	\N	f	t	\N	\N	t	t	f	\N	\N	\N	2	t	NK	\N	\N	\N	\N	\N	\N	\N	Labour exploitation	1 year	\N	t	t	\N	2	\N	2	1	\N	4	\N	4	1	\N	52	2023-12-05 10:35:03.526382+00	2023-12-05 10:35:03.526414+00	\N
39	68	10000	\N	\N	f	f	\N	\N	f	f	f	\N	\N	\N	\N	f	\N	f	\N	t	\N	\N	\N	\N	\N	6 MONTHS	\N	t	t	\N	\N	\N	\N	\N	\N	\N	\N	4	1	\N	64	2023-12-05 10:37:28.851788+00	2023-12-05 10:37:28.851809+00	\N
40	62	300 dollars monthly	\N	\N	f	f	\N	\N	t	\N	f	\N	\N	f	\N	f	\N	t	f	f	\N	\N	\N	\N	deception on recuitment. forced to beg and provide payment to handler. sexually assault	6 years	\N	t	t	\N	\N	\N	\N	\N	\N	2	\N	4	1	\N	54	2023-12-05 10:38:08.057718+00	2023-12-05 10:38:08.057739+00	\N
41	65	\N	\N	\N	f	\N	\N	\N	f	f	f	\N	\N	\N	\N	\N	\N	f	\N	f	None	\N	\N	\N	Intercepted at the point of entry	\N	f	\N	f	\N	\N	\N	\N	\N	\N	1	\N	4	1	\N	31	2023-12-05 10:39:52.128458+00	2023-12-05 10:39:52.128479+00	\N
42	72	5000	\N	\N	t	f	\N	\N	t	f	t	\N	\N	\N	\N	f	\N	t	t	t	\N	\N	t	\N	NA	4 meses	\N	t	t	\N	1	\N	\N	\N	\N	9	\N	7	1	\N	73	2023-12-05 10:39:58.705255+00	2023-12-05 10:39:58.705275+00	\N
43	51	usd300	Non	500	\N	t	12	\N	f	t	t	\N	\N	f	\N	f	\N	t	\N	t	\N	14	f	\N	REport	2 years	\N	t	t	1	2	\N	\N	\N	\N	1	\N	4	1	\N	28	2023-12-05 10:40:00.197282+00	2023-12-05 10:40:00.197311+00	\N
44	73	\N	\N	\N	f	\N	\N	\N	\N	t	f	\N	\N	\N	\N	f	\N	\N	\N	\N	\N	\N	\N	\N	taken to tobacco farms	2 years	\N	f	t	\N	\N	\N	\N	\N	\N	1	\N	5	1	\N	22	2023-12-05 10:40:08.380512+00	2023-12-05 10:40:08.380532+00	\N
45	71	\N	\N	\N	\N	\N	\N	\N	\N	t	\N	\N	\N	\N	\N	f	\N	\N	\N	\N	\N	\N	\N	\N	Elle a t contacte par sa famille pour intgrer une agence qui recrute des travailleuses domestiques	1 an	\N	t	t	\N	\N	\N	\N	\N	\N	1	\N	2	1	\N	41	2023-12-05 10:41:48.586215+00	2023-12-05 10:41:48.586237+00	\N
46	71	\N	\N	\N	\N	\N	\N	\N	\N	t	\N	\N	\N	\N	\N	f	\N	\N	\N	\N	\N	\N	\N	\N	Elle a t contacte par sa famille pour intgrer une agence qui recrute des travailleuses domestiques	1 an	\N	t	t	\N	\N	\N	\N	\N	\N	1	\N	2	1	\N	41	2023-12-05 10:41:49.269659+00	2023-12-05 10:41:49.269685+00	\N
47	64	\N	\N	\N	f	\N	\N	\N	t	t	f	\N	\N	f	\N	\N	\N	t	f	t	\N	\N	\N	\N	Foi abordado por um estranho sobre ir trabalhar numa fbrica em Lagos postos l descobriu-se que era para retirada de rgos 	Sexual 	\N	f	t	\N	2	\N	\N	\N	\N	\N	\N	7	1	\N	45	2023-12-05 10:41:58.211573+00	2023-12-05 10:41:58.211595+00	\N
48	49	\N	\N	\N	\N	\N	\N	\N	\N	\N	\N	\N	\N	\N	\N	\N	\N	\N	\N	\N	\N	\N	\N	\N	\N	\N	\N	\N	\N	\N	\N	\N	\N	\N	\N	\N	\N	\N	1	\N	55	2023-12-05 10:44:07.750921+00	2023-12-05 10:44:07.750948+00	\N
49	78	\N	multinational gang	\N	f	\N	\N	\N	t	t	f	\N	\N	\N	\N	f	\N	f	\N	f	\N	\N	\N	\N	made to do excessive manual work	\N	t	\N	f	\N	2	\N	\N	\N	\N	9	\N	2	1	\N	18	2023-12-05 10:45:31.706896+00	2023-12-05 10:45:31.706915+00	\N
1	1	\N	\N	\N	\N	\N	0	0	t	t	f	\N	\N	f	\N	\N	\N	\N	f	f	\N	\N	\N	\N	\N	10 days	t	f	t	\N	\N	\N	\N	\N	\N	\N	\N	\N	1	\N	\N	2023-11-27 17:39:55.011222+00	2024-04-01 18:37:55.18091+00	\N
2	1	10292	\N	\N	\N	\N	0	0	t	t	f	\N	\N	f	\N	\N	\N	\N	f	f	\N	\N	\N	\N	\N	11 months	t	t	t	\N	\N	\N	\N	\N	\N	\N	2	\N	1	\N	\N	2023-11-27 17:39:55.011222+00	2024-04-01 18:42:31.638088+00	\N
3	3	50000USD	\N	\N	\N	\N	0	0	\N	\N	\N	\N	\N	\N	\N	\N	\N	t	\N	\N	\N	\N	\N	\N	abduction and sexual assault	500 days	\N	t	t	\N	\N	\N	\N	\N	\N	\N	\N	\N	1	\N	1	2023-11-27 17:39:55.011222+00	2024-04-01 18:45:17.556757+00	\N
50	75	1000	\N	500 dollars	t	\N	\N	3	t	t	t	\N	f	t	\N	\N	\N	t	t	t	\N	3	f	t	Sexual exploitation 	3 years 	\N	t	t	1	\N	1	\N	\N	\N	\N	\N	1	1	\N	29	2023-12-05 10:46:27.154958+00	2023-12-05 10:46:27.154982+00	\N
51	80	5000	\N	\N	f	\N	\N	\N	f	f	f	\N	\N	\N	\N	f	\N	\N	\N	t	\N	\N	\N	\N	The victim was identified at Sandton City mall by the law enforcement officer dealing with TIP cases in Johannesburg	12 months	\N	t	t	\N	\N	\N	\N	\N	\N	4	\N	4	1	\N	58	2023-12-05 10:48:07.59962+00	2023-12-05 10:48:07.599642+00	\N
52	75	1000	Boko haram	\N	f	t	15	\N	t	t	f	\N	\N	\N	\N	f	\N	f	\N	f	\N	\N	\N	\N	The relatives managed to report the incident to the law enforcement officer 	3 years 	\N	t	t	\N	2	\N	\N	\N	\N	8	\N	2	1	\N	29	2023-12-05 10:53:25.254428+00	2023-12-05 10:53:25.254447+00	\N
53	77	\N	Not applicable	\N	f	f	\N	\N	f	t	f	\N	\N	\N	\N	f	\N	f	\N	f	\N	\N	\N	\N	He escaped	6months	\N	f	t	\N	\N	\N	\N	\N	\N	4	\N	6	1	\N	69	2023-12-05 10:55:24.076116+00	2023-12-05 10:55:24.076143+00	\N
54	82	500,000	unknown	unknown	t	t	17	3	t	t	t	unknown	t	\N	2	t	unkwn	f	\N	t	\N	14	t	t	Unknown	3 years	\N	t	t	1	1	1	2	1	\N	\N	\N	5	1	\N	77	2023-12-05 11:04:28.404249+00	2023-12-05 11:04:28.404276+00	\N
55	61	\N	\N	\N	f	f	\N	\N	f	t	f	\N	\N	\N	\N	f	\N	\N	\N	f	\N	\N	\N	\N	\N	\N	t	\N	f	\N	2	\N	\N	\N	\N	1	\N	4	1	\N	21	2023-12-05 11:11:49.279344+00	2023-12-05 11:11:49.27937+00	\N
56	57	\N	\N	\N	\N	\N	\N	\N	\N	\N	\N	\N	\N	\N	\N	\N	\N	\N	\N	\N	\N	\N	\N	\N	\N	\N	\N	\N	\N	\N	\N	\N	\N	\N	\N	\N	\N	\N	1	\N	43	2023-12-05 12:17:27.824556+00	2023-12-05 12:17:27.824582+00	\N
57	83	\N	unknown	\N	f	f	\N	\N	f	t	f	\N	\N	\N	\N	f	\N	f	\N	f	\N	\N	\N	\N	not known	\N	\N	f	t	\N	\N	\N	\N	\N	\N	9	\N	6	1	\N	86	2023-12-05 12:19:37.809566+00	2023-12-05 12:19:37.809587+00	\N
58	85	$1500	n/a	\N	f	f	\N	\N	f	f	f	\N	\N	\N	\N	f	\N	f	\N	t	\N	\N	\N	\N	the victim was recruited as domestic worker but was being exploited sexually	3months	\N	t	t	\N	\N	\N	\N	\N	\N	2	\N	6	1	\N	71	2023-12-05 12:23:04.348195+00	2023-12-05 12:23:04.348216+00	\N
59	79	\N	\N	\N	t	\N	\N	1	\N	\N	\N	\N	f	\N	\N	\N	\N	t	\N	\N	\N	\N	\N	t	victim was recruited on false job promise and sexually exploited	6 months	\N	f	t	\N	\N	1	\N	\N	\N	4	\N	4	1	\N	59	2023-12-05 12:23:26.500399+00	2023-12-05 12:23:26.500419+00	\N
60	87	5000 euros	\N	\N	f	\N	\N	\N	f	f	f	\N	\N	t	\N	f	\N	t	t	f	\N	\N	\N	\N	the girl became insane after her exploitation	7 years	\N	t	t	\N	\N	\N	\N	\N	\N	4	\N	5	1	\N	30	2023-12-05 12:25:57.794738+00	2023-12-05 12:25:57.794758+00	\N
61	70	\N	\N	\N	\N	\N	\N	\N	\N	\N	\N	\N	\N	\N	\N	f	\N	\N	\N	t	\N	\N	\N	\N	The victim was identified at the port of entry at Maseru Bridge by Love Justice International personnel stationed there and she was in the company of the perpetrator who was actually keeping her under his control. The Love Justice personnel interviewed her and immediately identified signs of trafficking.	24 months	\N	f	t	\N	\N	\N	\N	\N	\N	1	\N	5	1	\N	58	2023-12-05 12:26:16.149785+00	2023-12-05 12:26:16.149806+00	\N
62	89	\N	\N	\N	f	f	\N	\N	t	t	f	\N	\N	\N	\N	f	\N	f	\N	t	\N	\N	\N	\N	Ran away	3 years	\N	f	t	\N	\N	\N	\N	\N	\N	9	\N	6	1	\N	44	2023-12-05 12:28:12.018772+00	2023-12-05 12:28:12.018797+00	\N
63	80	\N	\N	\N	\N	\N	\N	\N	\N	\N	\N	\N	\N	\N	\N	\N	\N	\N	\N	\N	\N	\N	\N	\N	\N	\N	\N	\N	\N	\N	\N	\N	\N	\N	\N	\N	\N	\N	1	\N	58	2023-12-05 12:30:10.625114+00	2023-12-05 12:30:10.62514+00	\N
64	90	\N	Combatant	\N	f	f	\N	\N	t	t	f	\N	\N	\N	\N	f	\N	\N	\N	f	\N	\N	\N	\N	\N	\N	t	\N	f	\N	2	\N	\N	\N	\N	4	\N	4	1	\N	43	2023-12-05 12:30:59.344245+00	2023-12-05 12:30:59.34427+00	\N
65	56	\N	\N	\N	f	\N	\N	\N	t	f	f	\N	\N	\N	\N	\N	\N	f	\N	f	Not involved in any military or organ removal activity	\N	\N	\N	Police operation 	7 days	\N	f	t	\N	\N	\N	\N	\N	\N	8	\N	4	1	\N	56	2023-12-05 12:32:40.764846+00	2023-12-05 12:32:40.764868+00	\N
66	93	R100 000.00	\N	\N	f	f	\N	\N	t	f	f	\N	\N	\N	\N	f	\N	f	\N	f	\N	\N	\N	\N	Law enforcement received information from civil society	One year	\N	t	t	\N	\N	\N	\N	\N	\N	2	\N	4	1	\N	24	2023-12-05 12:33:35.92388+00	2023-12-05 12:33:35.923907+00	\N
67	92	\N	\N	\N	f	f	\N	\N	f	f	f	\N	\N	\N	\N	f	\N	f	\N	t	\N	\N	\N	\N	exploited for prostitution	more than one year	\N	f	t	\N	1	\N	\N	\N	\N	1	\N	7	1	\N	85	2023-12-05 12:33:47.089995+00	2023-12-05 12:33:47.090021+00	\N
68	84	1,000,000	\N	\N	\N	\N	\N	\N	t	t	t	\N	\N	t	\N	\N	\N	t	t	t	\N	14	t	\N	unknown	2 years	\N	t	t	\N	\N	\N	\N	\N	\N	\N	\N	6	1	\N	77	2023-12-05 12:35:20.926182+00	2023-12-05 12:35:20.926203+00	\N
69	95	ZAR 1500	\N	\N	\N	\N	\N	\N	\N	t	\N	\N	\N	\N	\N	\N	\N	\N	\N	\N	\N	\N	\N	\N	the victim escaped from the traffickers	7months	\N	t	t	\N	\N	\N	\N	\N	\N	2	\N	6	1	\N	90	2023-12-05 12:36:44.815864+00	2023-12-05 12:36:44.815891+00	\N
70	94	\N	ABF	\N	\N	f	\N	\N	t	t	t	\N	\N	\N	\N	f	\N	f	\N	t	\N	7	f	\N	exploitation domestique	2mois	\N	t	t	4	2	\N	\N	\N	\N	9	\N	5	1	\N	88	2023-12-05 12:37:28.228508+00	2023-12-05 12:37:28.228537+00	\N
71	86	\N	\N	\N	f	\N	\N	\N	f	t	f	\N	\N	\N	\N	f	\N	f	\N	f	\N	\N	\N	\N	La victime a fuit la maison o elle a t exploit durant labsence de son patron	2	\N	f	t	\N	\N	\N	\N	\N	\N	4	\N	6	1	\N	60	2023-12-05 12:37:41.729585+00	2023-12-05 12:37:41.729612+00	\N
72	91	15000	\N	one cattle	t	f	\N	2	f	t	t	\N	f	t	\N	f	\N	f	f	f	\N	11	f	t	\N	2 years	t	t	f	2	\N	1	\N	\N	\N	9	\N	7	1	\N	51	2023-12-05 12:38:02.036026+00	2023-12-05 12:38:02.036053+00	\N
73	96	\N	\N	\N	t	\N	\N	1	f	f	t	\N	f	f	\N	\N	\N	t	f	\N	\N	5	f	t	Intercepted at a roadblock	3 months duration	\N	f	t	4	\N	3	\N	\N	\N	4	\N	4	1	\N	61	2023-12-05 12:41:12.127803+00	2023-12-05 12:41:12.127826+00	\N
74	82	\N	\N	\N	\N	\N	\N	\N	\N	\N	\N	\N	\N	\N	\N	\N	\N	\N	\N	\N	\N	\N	\N	\N	\N	\N	\N	\N	\N	\N	\N	\N	\N	\N	\N	\N	\N	\N	1	\N	77	2023-12-05 12:42:15.884155+00	2023-12-05 12:42:15.884182+00	\N
75	97	\N	\N	\N	t	f	\N	1	f	f	t	problemas de parto	t	\N	\N	f	\N	t	\N	t	\N	8	f	t	NA	1 ano	\N	f	t	4	\N	1	\N	\N	\N	4	\N	8	1	\N	73	2023-12-05 12:42:59.978435+00	2023-12-05 12:42:59.978462+00	\N
76	94	\N	ABF	\N	t	t	14	\N	t	t	t	\N	\N	\N	\N	f	\N	\N	\N	t	\N	7	t	f	\N	2mois	\N	\N	t	4	2	2	\N	\N	\N	9	\N	5	1	\N	88	2023-12-05 12:44:20.595973+00	2023-12-05 12:44:20.595993+00	\N
77	100	\N	None	\N	\N	\N	\N	\N	f	\N	\N	\N	\N	\N	\N	\N	\N	f	\N	\N	\N	\N	\N	\N	Victim sent to shop came across 	Two months	\N	f	t	\N	\N	\N	\N	\N	\N	4	\N	5	1	\N	56	2023-12-05 12:45:11.92389+00	2023-12-05 12:45:11.923916+00	\N
78	101	\N	\N	\N	f	\N	\N	\N	t	\N	f	\N	\N	\N	\N	\N	\N	f	\N	t	\N	\N	\N	\N	sexual exploitation	\N	\N	\N	\N	\N	\N	\N	\N	\N	\N	2	\N	9	1	\N	62	2023-12-05 12:46:57.123372+00	2023-12-05 12:46:57.123392+00	\N
79	78	\N	\N	\N	\N	\N	\N	\N	\N	\N	\N	\N	\N	\N	\N	\N	\N	\N	\N	\N	\N	\N	\N	\N	\N	\N	\N	\N	\N	\N	\N	\N	\N	\N	\N	\N	\N	\N	1	\N	18	2023-12-05 12:47:38.988507+00	2023-12-05 12:47:38.988527+00	\N
80	46	\N	\N	\N	\N	\N	\N	\N	\N	\N	\N	\N	\N	\N	\N	\N	\N	\N	\N	\N	\N	\N	\N	\N	\N	\N	\N	\N	\N	\N	\N	\N	\N	\N	\N	\N	\N	\N	1	\N	33	2023-12-05 12:48:02.991186+00	2023-12-05 12:48:02.991206+00	\N
81	102	\N	\N	\N	t	f	\N	\N	f	f	f	\N	\N	\N	\N	f	\N	f	\N	f	\N	\N	\N	f	\N	\N	t	\N	f	\N	1	2	\N	\N	\N	1	\N	2	1	\N	68	2023-12-05 12:48:48.814876+00	2023-12-05 12:48:48.814902+00	\N
82	92	\N	\N	\N	\N	\N	\N	\N	\N	\N	\N	\N	\N	\N	\N	\N	\N	\N	\N	\N	\N	\N	\N	\N	\N	\N	\N	\N	\N	\N	\N	\N	\N	\N	\N	\N	\N	\N	1	\N	85	2023-12-05 12:51:39.237629+00	2023-12-05 12:51:39.237656+00	\N
83	106	\N	\N	\N	f	f	\N	\N	f	f	f	\N	\N	\N	\N	f	\N	f	\N	f	\N	\N	\N	\N	\N	\N	f	\N	f	\N	2	\N	\N	\N	\N	8	\N	7	1	\N	68	2023-12-05 12:54:57.863606+00	2023-12-05 12:54:57.863625+00	\N
84	105	\N	\N	\N	\N	\N	\N	\N	\N	t	\N	\N	\N	\N	\N	\N	\N	\N	\N	\N	Victim was used in dagga fields with no pay. 	\N	\N	\N	Victim dialled toll free number	\N	t	\N	f	\N	\N	\N	\N	\N	\N	1	\N	6	1	\N	61	2023-12-05 12:55:15.942232+00	2023-12-05 12:55:15.942264+00	\N
85	103	30000 rands	\N	\N	f	\N	\N	\N	f	f	f	\N	\N	\N	\N	\N	\N	f	\N	t	\N	\N	\N	\N	family members were alerted by friends and brought police response tean	12 months	\N	t	t	\N	\N	\N	\N	\N	\N	1	\N	2	1	\N	70	2023-12-05 12:57:27.791336+00	2023-12-05 12:57:27.791356+00	\N
86	107	\N	\N	\N	f	f	\N	\N	f	t	f	\N	\N	\N	\N	f	\N	f	\N	f	\N	\N	\N	\N	victim was tied up at his employer's place	4 years	\N	f	t	\N	\N	\N	\N	\N	\N	1	\N	5	1	\N	53	2023-12-05 12:58:01.618674+00	2023-12-05 12:58:01.618701+00	\N
87	75	$2000	BOKO HARAM	\N	f	t	18	\N	t	t	f	\N	\N	\N	\N	f	\N	f	\N	t	\N	\N	\N	\N	SUBJECT MANAGED TO A HOT LINE PHONE NUMBER FOR UNODC	2 years	\N	t	t	\N	2	\N	\N	\N	\N	4	\N	5	1	\N	29	2023-12-05 12:58:03.192588+00	2023-12-05 12:58:03.192615+00	\N
88	108	\N	\N	\N	f	f	\N	\N	f	f	f	\N	\N	f	\N	f	\N	t	f	t	\N	\N	\N	\N	\N	12 months	\N	f	t	\N	1	\N	\N	\N	\N	4	\N	4	1	\N	74	2023-12-05 12:58:36.279834+00	2023-12-05 12:58:36.279853+00	\N
89	111	\N	Forced to secual exploitation by military	\N	f	f	\N	\N	f	f	f	\N	\N	f	\N	f	\N	t	\N	f	\N	\N	\N	\N	Pay no seeing ano	12 months	\N	f	t	\N	\N	\N	\N	\N	\N	8	\N	6	1	\N	56	2023-12-05 13:01:02.306277+00	2023-12-05 13:01:02.306304+00	\N
90	110	$ 3000	\N	\N	\N	\N	\N	\N	\N	t	\N	\N	\N	\N	\N	\N	\N	\N	\N	\N	Non	\N	\N	\N	Victim was recruited to work in the mine. Upon arrival, documents were taken away from him, and made to work without pay.	3 months	\N	t	t	\N	\N	\N	\N	\N	\N	1	\N	4	1	\N	93	2023-12-05 13:01:34.730253+00	2023-12-05 13:01:34.730275+00	\N
91	78	\N	multinational gang	\N	f	f	\N	\N	f	t	f	\N	\N	\N	\N	f	\N	f	\N	f	\N	\N	\N	\N	The victim managed to contact family and gave them his whereabouts	\N	\N	\N	f	\N	1	\N	\N	\N	\N	4	\N	2	1	\N	18	2023-12-05 13:03:38.495913+00	2023-12-05 13:03:38.495933+00	\N
92	113	\N	\N	\N	f	f	\N	\N	t	t	f	\N	\N	\N	\N	f	\N	f	\N	t	\N	\N	\N	\N	la fille est envoy vivre dans une famille d'accueil	10 ans	\N	t	t	\N	\N	\N	\N	\N	\N	9	\N	2	1	\N	88	2023-12-05 13:04:08.878457+00	2023-12-05 13:04:08.878484+00	\N
93	110	$ 3000	\N	\N	\N	\N	\N	\N	\N	\N	\N	\N	\N	\N	\N	\N	\N	\N	\N	\N	\N	\N	\N	\N	\N	3 months	\N	t	t	\N	\N	\N	\N	\N	\N	\N	\N	4	1	\N	93	2023-12-05 13:05:41.138127+00	2023-12-05 13:05:41.138156+00	\N
94	48	\N	\N	\N	\N	\N	\N	\N	\N	t	\N	\N	\N	\N	\N	\N	\N	\N	\N	\N	\N	\N	\N	\N	victim was sold by the parents to trafficker for the purpose of domestic servitude	1 year	\N	f	t	\N	\N	\N	\N	\N	\N	4	\N	4	1	\N	32	2023-12-05 13:05:43.026882+00	2023-12-05 13:05:43.026909+00	\N
95	98	R 1000	\N	R 10,000	\N	\N	\N	\N	f	f	t	\N	\N	f	\N	\N	\N	t	f	\N	The spouse was fictitious, main client unknown 	\N	f	\N	The victim was lured into marriage and travelled to south Africa only to be received by strangers 	6 months	\N	t	t	1	\N	\N	\N	\N	\N	4	\N	6	1	\N	89	2023-12-05 13:07:26.594324+00	2023-12-05 13:07:26.594343+00	\N
96	114	$2000	\N	\N	f	\N	\N	\N	f	t	f	\N	\N	\N	\N	\N	\N	f	\N	t	\N	\N	\N	\N	THIS WAS DURING A JOINT OPERATION THAT WAS CONDUCTED BY A COMBINED TEAM OF LAW ENFORCEMENT OFFICERS IN KABULONGA AREA	2 years	\N	t	t	\N	\N	\N	\N	\N	\N	\N	\N	4	1	\N	29	2023-12-05 13:09:56.420639+00	2023-12-05 13:09:56.420668+00	\N
97	115	\N	not applicable	\N	\N	\N	\N	\N	\N	\N	\N	\N	\N	\N	\N	\N	\N	\N	\N	t	victim was recruited in Angola by a relative	\N	\N	\N	Victim was being used in the sex industry	3 months	\N	f	t	\N	\N	\N	\N	\N	\N	4	\N	4	1	\N	97	2023-12-05 13:11:09.041781+00	2023-12-05 13:11:09.041808+00	\N
98	117	\N	\N	\N	t	\N	\N	\N	t	\N	\N	\N	\N	t	\N	\N	\N	t	\N	t	\N	\N	\N	\N	Brothel raided	3months	\N	f	t	\N	\N	1	\N	\N	\N	8	\N	4	1	\N	90	2023-12-05 13:20:48.905836+00	2023-12-05 13:20:48.905877+00	\N
99	119	\N	OTHER	\N	f	f	\N	\N	f	f	f	\N	\N	\N	\N	\N	\N	f	\N	f	\N	\N	\N	\N	\N	\N	f	\N	f	\N	2	\N	\N	\N	\N	8	\N	7	1	\N	68	2023-12-05 13:22:38.540277+00	2023-12-05 13:22:38.540304+00	\N
100	122	\N	\N	\N	f	\N	\N	\N	f	f	f	\N	\N	\N	\N	f	\N	f	\N	f	\N	\N	\N	\N	\N	\N	f	\N	f	\N	\N	\N	\N	\N	\N	\N	\N	\N	1	\N	68	2023-12-05 13:30:16.858976+00	2023-12-05 13:30:16.858997+00	\N
101	122	\N	OTHER	\N	f	f	\N	\N	f	f	f	\N	\N	\N	\N	f	\N	f	\N	f	\N	\N	\N	\N	\N	\N	f	\N	f	\N	2	\N	\N	\N	\N	8	\N	\N	1	\N	68	2023-12-05 13:32:00.528744+00	2023-12-05 13:32:00.528765+00	\N
102	120	\N	Not applicable	\N	f	f	\N	\N	t	f	f	\N	\N	t	\N	f	\N	t	t	t	\N	\N	\N	\N	On the Material date the trafficker she went to serve the customer at the Hotel but she could not get into unless she is possession of a passport. Following that requirement was given her passport by the Madam(Trafficker) and that gave her opportunity to flee.	two years 	\N	\N	t	\N	\N	\N	\N	\N	\N	4	\N	6	1	\N	95	2023-12-05 13:32:52.9052+00	2023-12-05 13:32:52.90522+00	\N
103	82	\N	\N	\N	\N	t	17	\N	\N	\N	\N	\N	\N	\N	\N	\N	\N	\N	\N	\N	\N	\N	\N	\N	\N	\N	\N	\N	\N	\N	\N	\N	\N	\N	\N	4	\N	\N	1	\N	77	2023-12-05 13:33:56.633881+00	2023-12-05 13:33:56.633903+00	\N
104	121	\N	\N	\N	\N	\N	\N	\N	\N	t	\N	\N	\N	\N	\N	\N	\N	\N	\N	\N	\N	\N	\N	\N	the victim was working as a domestic worker but had no monthly salary	2 years	\N	f	t	\N	\N	\N	\N	\N	\N	4	\N	9	1	\N	81	2023-12-05 13:35:35.405908+00	2023-12-05 13:35:35.405927+00	\N
105	124	\N	kjl	\N	f	f	\N	\N	t	\N	f	\N	\N	f	\N	f	\N	t	f	t	\N	\N	\N	\N	nbgf	30	\N	f	t	\N	2	\N	\N	\N	\N	1	\N	7	1	\N	98	2023-12-05 13:41:20.961729+00	2023-12-05 13:41:20.961754+00	\N
106	92	\N	\N	\N	\N	\N	\N	\N	\N	\N	\N	\N	\N	\N	\N	\N	\N	\N	\N	\N	\N	\N	\N	\N	\N	\N	\N	\N	\N	\N	\N	\N	\N	\N	\N	\N	\N	\N	1	\N	85	2023-12-05 14:00:58.931586+00	2023-12-05 14:00:58.931613+00	\N
107	117	\N	\N	\N	\N	\N	\N	\N	\N	\N	\N	\N	\N	\N	\N	\N	\N	\N	\N	\N	\N	\N	\N	\N	\N	\N	\N	\N	\N	\N	\N	\N	\N	\N	\N	\N	\N	\N	1	\N	90	2023-12-05 14:01:01.043442+00	2023-12-05 14:01:01.043467+00	\N
108	126	\N	\N	\N	\N	\N	\N	\N	\N	\N	\N	\N	\N	\N	\N	\N	\N	\N	\N	\N	\N	\N	\N	\N	\N	\N	\N	\N	\N	\N	\N	\N	\N	\N	\N	\N	\N	\N	1	\N	90	2023-12-05 14:14:05.284966+00	2023-12-05 14:14:05.284994+00	\N
109	82	\N	\N	\N	\N	\N	\N	\N	\N	\N	\N	\N	\N	\N	\N	\N	\N	\N	\N	\N	\N	\N	\N	\N	\N	\N	\N	\N	\N	\N	\N	\N	\N	\N	\N	\N	\N	\N	1	\N	77	2023-12-05 14:15:11.748123+00	2023-12-05 14:15:11.74815+00	\N
110	46	\N	\N	\N	\N	\N	\N	\N	\N	\N	\N	\N	\N	\N	\N	\N	\N	\N	\N	\N	\N	\N	\N	\N	\N	\N	\N	\N	\N	\N	\N	\N	\N	\N	\N	\N	\N	\N	1	\N	33	2023-12-05 14:22:29.233059+00	2023-12-05 14:22:29.233079+00	\N
111	86	\N	\N	\N	\N	\N	\N	\N	\N	\N	\N	\N	\N	\N	\N	\N	\N	\N	\N	\N	\N	\N	\N	\N	\N	\N	\N	\N	\N	\N	\N	\N	\N	\N	\N	\N	\N	\N	1	\N	60	2023-12-05 14:23:44.473938+00	2023-12-05 14:23:44.473958+00	\N
112	123	\N	\N	\N	\N	\N	\N	\N	\N	\N	\N	\N	\N	\N	\N	\N	\N	\N	\N	\N	\N	\N	\N	\N	\N	\N	\N	\N	\N	\N	\N	\N	\N	\N	\N	\N	\N	\N	1	\N	98	2023-12-05 14:40:58.676478+00	2023-12-05 14:40:58.676501+00	\N
113	127	\N	OTHER	\N	f	f	\N	\N	f	f	f	\N	\N	\N	\N	f	\N	f	\N	f	\N	\N	\N	\N	\N	\N	f	\N	f	\N	2	\N	\N	\N	\N	2	\N	7	1	\N	68	2023-12-05 14:49:27.542441+00	2023-12-05 14:49:27.542468+00	\N
114	101	\N	\N	\N	\N	\N	\N	\N	\N	\N	\N	\N	\N	\N	\N	\N	\N	\N	\N	\N	\N	\N	\N	\N	\N	\N	\N	\N	\N	\N	\N	\N	\N	\N	\N	\N	\N	\N	1	\N	62	2023-12-05 14:52:01.810153+00	2023-12-05 14:52:01.810179+00	\N
115	124	\N	\N	\N	\N	\N	\N	\N	\N	\N	\N	\N	\N	\N	\N	\N	\N	\N	\N	\N	\N	\N	\N	\N	\N	\N	\N	\N	\N	\N	\N	\N	\N	\N	\N	\N	\N	\N	1	\N	98	2023-12-05 15:10:02.381254+00	2023-12-05 15:10:02.381276+00	\N
116	128	\N	OTHER	\N	f	f	\N	\N	f	f	f	\N	\N	\N	\N	f	\N	f	\N	f	\N	\N	\N	\N	\N	\N	f	\N	f	\N	2	\N	\N	\N	\N	8	\N	\N	1	\N	68	2023-12-07 07:24:42.977643+00	2023-12-07 07:24:42.977665+00	\N
117	129	\N	\N	\N	\N	\N	\N	\N	\N	\N	\N	\N	\N	\N	\N	\N	\N	\N	\N	\N	\N	\N	\N	\N	\N	\N	\N	\N	\N	\N	\N	\N	\N	\N	\N	\N	\N	\N	1	\N	15	2024-01-17 10:58:55.576833+00	2024-01-17 10:58:55.576858+00	\N
118	129	\N	\N	\N	\N	\N	\N	\N	\N	\N	\N	\N	\N	\N	\N	\N	\N	\N	\N	\N	\N	\N	\N	\N	\N	\N	\N	\N	\N	\N	\N	\N	\N	\N	\N	\N	\N	\N	1	\N	15	2024-01-17 10:58:56.026046+00	2024-01-17 10:58:56.026071+00	\N
21	34	\N	\N	\N	\N	\N	\N	\N	t	t	t	\N	\N	t	\N	\N	\N	t	t	t	\N	3	t	\N	UNKNOWN	\N	\N	\N	t	3	\N	\N	\N	\N	\N	\N	\N	3	2	\N	15	2023-12-04 13:19:35.542643+00	2024-01-22 17:40:44.849018+00	\N
122	163				f	f	0	0	f	t	f		\N	\N	\N	f		f	\N	f	n/a	\N	\N	\N	Sold into slavery	2	\N	f	t	\N	\N	\N	\N	\N	4	2	2	5	1	\N	2	2024-03-03 15:55:33.894537+00	2024-03-03 15:55:33.894559+00	\N
123	163				f	f	0	0	f	t	f		\N	\N	\N	f		f	\N	f	n/a	\N	\N	\N	Sold into slavery	2	\N	f	t	\N	\N	\N	\N	\N	4	2	2	5	1	\N	2	2024-03-03 15:58:22.377102+00	2024-03-03 15:58:22.377124+00	\N
125	177	0			t	t	55	0	\N	t	t		\N	t	\N	f		t	t	t		\N	t	t	UNKNOWN 		\N	t	t	\N	\N	\N	\N	\N	\N	\N	\N	1	1	\N	15	2024-03-28 21:34:42.529584+00	2024-03-28 21:34:42.52961+00	\N
126	178	\N	UNKNOWN	\N	f	t	10	\N	t	\N	f	\N	\N	t	\N	f	\N	t	f	t	\N	\N	\N	\N	VICTIM FLED FROM CAPTORS	5 YEARS	\N	f	t	\N	2	\N	\N	\N	\N	\N	\N	6	1	\N	15	2024-03-29 00:55:43.008713+00	2024-03-29 00:55:43.008734+00	\N
120	163	62938 usd			f	f	0	0	f	f	f		\N	\N	\N	f		f	\N	t	Nothing	\N	\N	\N	Sold into slavery	20 days	\N	t	t	\N	\N	\N	\N	\N	2	1	2	3	1	\N	2	2024-03-03 15:46:41.208084+00	2024-04-02 05:11:24.568788+00	\N
121	163	62938 usd			f	f	0	0	f	f	f		\N	\N	\N	f		f	\N	t	Nothing	\N	\N	\N	Sold into slavery	20 years	\N	f	t	\N	\N	\N	\N	\N	2	1	1	3	1	\N	2	2024-03-03 15:55:29.38442+00	2024-04-11 17:35:34.35109+00	\N
124	164				f	f	0	0	f	t	f		\N	\N	\N	f		f	\N	f	Nono	\N	\N	\N	fraudulent job promise	2 years	\N	f	t	\N	\N	\N	\N	\N	1	1	1	1	1	\N	2	2024-03-03 19:16:17.553262+00	2024-04-11 17:45:35.89664+00	\N
\.


--
-- Data for Name: case_interview_app_exploitation_e_body_part_removed; Type: TABLE DATA; Schema: public; Owner: tipnet
--

COPY public.case_interview_app_exploitation_e_body_part_removed (id, exploitation_id, bodypart_id) FROM stdin;
1	5	1
2	11	3
3	20	1
4	24	2
5	24	1
6	27	1
7	27	2
8	37	1
9	38	1
10	54	2
\.


--
-- Data for Name: case_interview_app_exploitation_e_brice_recipient; Type: TABLE DATA; Schema: public; Owner: tipnet
--

COPY public.case_interview_app_exploitation_e_brice_recipient (id, exploitation_id, bridepricerecipient_id) FROM stdin;
1	4	1
2	4	3
3	6	2
4	8	4
5	9	2
6	18	1
7	20	1
8	20	2
9	24	1
10	31	1
11	37	4
12	43	4
13	54	3
14	72	1
15	95	1
\.


--
-- Data for Name: case_interview_app_exploitation_e_child_marriage_reason; Type: TABLE DATA; Schema: public; Owner: tipnet
--

COPY public.case_interview_app_exploitation_e_child_marriage_reason (id, exploitation_id, childmarriagereason_id) FROM stdin;
1	4	1
2	5	3
3	5	4
4	6	2
5	6	5
6	9	3
7	9	2
8	11	4
9	17	2
10	19	5
11	20	1
12	28	2
13	35	1
14	35	3
15	37	3
16	54	1
17	59	4
18	72	3
19	73	3
20	75	2
21	76	5
\.


--
-- Data for Name: case_interview_app_exploitation_e_criminal_activity_type; Type: TABLE DATA; Schema: public; Owner: tipnet
--

COPY public.case_interview_app_exploitation_e_criminal_activity_type (id, exploitation_id, criminalactivitytype_id) FROM stdin;
1	2	3
2	4	2
3	4	5
4	4	3
5	5	5
6	6	5
7	6	3
8	8	2
9	8	7
10	10	5
11	11	2
12	11	3
13	14	4
14	14	7
15	17	5
16	18	5
17	19	3
18	20	3
19	21	2
20	24	4
21	24	2
22	29	1
23	30	1
24	30	6
25	36	4
26	37	4
27	37	1
28	38	7
29	40	3
30	42	3
31	47	6
32	49	3
33	49	2
34	52	5
35	54	2
36	62	2
37	62	1
38	64	3
39	64	2
40	65	2
41	66	6
42	68	4
43	78	7
44	87	6
45	102	6
46	105	7
47	126	7
\.


--
-- Data for Name: case_interview_app_exploitation_e_forced_labour_industry; Type: TABLE DATA; Schema: public; Owner: tipnet
--

COPY public.case_interview_app_exploitation_e_forced_labour_industry (id, exploitation_id, forcedlabourindustry_id) FROM stdin;
1	4	4
2	5	5
3	8	7
4	9	5
5	10	5
6	11	5
7	11	2
8	14	5
9	17	5
10	18	5
11	20	4
12	20	2
13	21	5
14	24	4
15	24	5
16	25	5
17	26	2
18	38	1
19	43	1
20	44	1
21	49	6
22	49	2
23	50	5
24	52	6
25	54	5
26	55	1
27	57	5
28	57	1
29	62	1
30	64	4
31	64	5
32	64	6
33	66	13
34	66	3
35	66	14
36	68	13
37	71	5
38	71	3
39	72	1
40	84	1
41	86	6
42	87	5
43	87	6
44	90	8
45	91	2
46	92	3
47	94	5
48	96	5
49	123	4
51	125	2
53	124	1
\.


--
-- Data for Name: case_interview_app_exploitation_e_marriage_violence_type; Type: TABLE DATA; Schema: public; Owner: tipnet
--

COPY public.case_interview_app_exploitation_e_marriage_violence_type (id, exploitation_id, marriageviolencetype_id) FROM stdin;
1	4	1
2	5	6
3	6	3
4	6	4
5	11	1
6	11	4
7	19	6
8	28	3
9	37	3
10	37	2
11	50	3
12	50	5
13	54	1
14	59	3
15	72	6
16	75	1
17	98	6
18	98	5
19	98	3
\.


--
-- Data for Name: case_interview_app_exploitation_e_trafficking_means; Type: TABLE DATA; Schema: public; Owner: tipnet
--

COPY public.case_interview_app_exploitation_e_trafficking_means (id, exploitation_id, traffickingmean_id) FROM stdin;
1	4	5
2	5	5
3	6	5
4	6	10
5	7	5
6	7	7
7	7	4
8	8	5
9	9	5
10	9	3
11	10	5
12	11	4
13	11	10
14	11	8
15	16	6
16	17	5
17	18	5
18	19	6
19	20	10
20	24	6
21	25	7
22	26	5
23	26	4
24	26	13
25	26	12
26	26	10
27	28	5
28	29	5
29	30	7
30	34	6
31	35	6
32	35	5
33	36	5
34	37	5
35	38	5
36	40	5
37	41	5
38	42	5
39	43	7
40	45	8
41	46	8
42	51	5
43	51	6
44	51	8
45	53	5
46	57	5
47	58	5
48	59	5
49	60	7
50	60	1
51	60	8
52	61	5
53	61	4
54	61	7
55	62	5
56	64	7
57	65	5
58	67	4
59	69	5
60	70	8
61	71	7
62	71	6
63	72	5
64	73	5
65	75	7
66	76	8
67	77	8
68	78	4
69	81	8
70	81	6
71	83	11
72	84	8
73	85	5
74	87	3
75	89	8
76	90	5
77	91	8
78	92	8
79	94	7
80	95	5
81	97	5
82	99	11
83	101	11
84	101	4
85	102	5
86	103	6
87	104	5
88	104	7
89	105	7
90	113	5
91	113	4
92	116	7
93	123	3
94	124	1
\.


--
-- Data for Name: case_interview_app_exploitation_e_victim_military_activities; Type: TABLE DATA; Schema: public; Owner: tipnet
--

COPY public.case_interview_app_exploitation_e_victim_military_activities (id, exploitation_id, militaryactivity_id) FROM stdin;
1	5	3
2	6	4
3	6	2
4	7	1
5	7	3
6	8	1
7	9	2
8	9	3
9	10	3
10	11	1
11	16	1
12	17	1
13	18	4
14	19	3
15	20	2
16	24	2
17	26	3
18	28	2
19	29	4
20	30	2
21	30	3
22	36	2
23	36	4
24	36	1
25	37	2
26	38	2
27	38	4
28	43	1
29	49	1
30	52	4
31	54	1
32	57	4
33	58	4
34	64	1
35	64	2
36	70	3
37	76	3
38	87	2
39	89	4
40	91	4
41	92	4
42	99	4
43	101	4
44	103	1
45	105	4
46	113	1
47	116	4
48	126	4
\.


--
-- Data for Name: case_interview_app_exploitationage; Type: TABLE DATA; Schema: public; Owner: tipnet
--

COPY public.case_interview_app_exploitationage (id, name, name_en, name_fr, name_pt) FROM stdin;
1	Below 18	Below 18	moins de 18 ans	menos de 18
2	Above 18	Above 18	plus de 18 ans	mais de 18
3	Both	Both	les deux	ambos
\.


--
-- Data for Name: case_interview_app_familystructure; Type: TABLE DATA; Schema: public; Owner: tipnet
--

COPY public.case_interview_app_familystructure (id, name, name_en, name_fr, name_pt) FROM stdin;
1	Extended family	Extended family	famille largie	Famlia alargada
2	Nuclear	Nuclear	nuclaire	Nuclear
3	Single head female	Single head female	femme seule	Famlia monoparental sustentada por uma mulher
4	Single head male	Single head male	homme seul	Famlia monoparental sustentada por um homem
5	Orphan	Orphan	Orphelin	rfo
6	Other	Other	Autre	Outro
\.


--
-- Data for Name: case_interview_app_faq; Type: TABLE DATA; Schema: public; Owner: tipnet
--

COPY public.case_interview_app_faq (id, question, answer, is_active, created_at, updated_at) FROM stdin;
2	Can I access the system in different languages?	Yes, the system supports English, French, and Portuguese.	t	2023-11-29 14:19:16.112473+00	2023-11-29 14:19:16.112495+00
3	How do I change the language settings?	To change the language, go to the menu bar where you'll find the language option. Select your preferred language, and the system interface will update accordingly.	t	2023-11-29 14:19:35.061684+00	2023-11-29 14:19:35.061705+00
4	What are the navigation features of the system, and how do I navigate to different sections?	The system is designed with user-friendly navigation in mind. It features a clear and intuitive interface with labeled sections and easy-to-follow menus.	t	2023-11-29 14:19:51.24243+00	2023-11-29 14:19:51.242453+00
5	How does the system ensure comprehensive data collection from various stakeholders?	The system is built to aggregate data from a wide range of stakeholders. This approach ensures a comprehensive collection of data, providing a broad and inclusive perspective on Trafficking in Persons information.	t	2023-11-29 14:20:08.848801+00	2023-11-29 14:20:08.848821+00
6	What measures are in place to ensure the security and confidentiality of the data entered into the system?	TipNet prioritizes the security and confidentiality of all data entered into our system. Robust encryption, secure login processes, and strict access controls are in place to protect your data.	t	2023-11-29 14:20:25.83635+00	2023-11-29 14:20:25.836376+00
1	How do I input data using the system's forms?	To input data, simply navigate to the data entry section of the system. Here, forms provide an interface for data entry which are designed to make data entry as intuitive and straightforward as possible.	t	2023-11-29 14:18:58.609839+00	2024-01-23 00:14:39.499636+00
\.


--
-- Data for Name: case_interview_app_forcedlabourindustry; Type: TABLE DATA; Schema: public; Owner: tipnet
--

COPY public.case_interview_app_forcedlabourindustry (id, name, name_en, name_fr, name_pt) FROM stdin;
2	Begging	Begging	Mendicit	Mendicidade
1	Agricultural work	Agricultural work	Travail agricole	Trabalho agrcola
3	Child care	Child care	Garde d'enfants	Cuidados infantis
4	Construction	Construction	Construction	Construo
5	Domestic work	Domestic work	Travail domestique	Trabalho domstico
6	Factory work	Factory work	Travail en usin	Trabalho em contexto de fbrica
7	Fishing	Fishing	Pche	Pesca
8	Mining	Mining	Mines	Minerao
9	Restaurants and hotel work	Restaurants and hotel work	Restauration et htellerie	Restaurantes e hotelaria
10	Small street commerce	Small street commerce	Petit commerce de rue	Pequeno comrcio de rua
11	Trade	Trade	Commerce	Comrcio
12	Transport sector	Transport sector	Secteur des transports	Sector de transportes
13	Other	Other	Autre	Outro
14	NA	NA	NA	NA
15	NK	NK	NSP	NS
\.


--
-- Data for Name: case_interview_app_freedmethod; Type: TABLE DATA; Schema: public; Owner: tipnet
--

COPY public.case_interview_app_freedmethod (id, name, name_en, name_fr, name_pt) FROM stdin;
1	Client	Client	Client	Cliente
2	Family Intervention	Family Intervention	Intervention de la famille	Interveno familiar
3	Friend	Friend	Ami	Amigo
4	Law enforcement Intervention	Law enforcement Intervention	Intervention des forces de l'ordre	Interveno policial
5	NGO intervention	NGO intervention	Intervention d'une ONG	Interveno de uma ONG
6	Self	Self	Moi-mme	Por si prpria
7	Other	Other	Autre	Outro
8	NA	NA	NA	NA
9	NK	NK	NSP	NS
\.


--
-- Data for Name: case_interview_app_gender; Type: TABLE DATA; Schema: public; Owner: tipnet
--

COPY public.case_interview_app_gender (id, name, name_en, name_fr, name_pt) FROM stdin;
2	Female	Female	Femme	feminino
1	Male	Male	masculino	homme
\.


--
-- Data for Name: case_interview_app_guiltyreason; Type: TABLE DATA; Schema: public; Owner: tipnet
--

COPY public.case_interview_app_guiltyreason (id, name, name_en, name_fr, name_pt) FROM stdin;
1	Accessory before or after the fact	Accessory before or after the fact	complicit avant ou aprs les faits	Acessrio antes ou depois do fact
2	Attempt	Attempt	tentative	Tentativa
3	Principal offence	Principal offence	infraction principale	Infrao principal
4	Related offence	Related offence	infraction connexe	Infrao conexa
5	Other competent verdict	Other competent verdict	autre verdict comptent	Outro veredicto competente
\.


--
-- Data for Name: case_interview_app_idtype; Type: TABLE DATA; Schema: public; Owner: tipnet
--

COPY public.case_interview_app_idtype (id, name, name_en, name_fr, name_pt) FROM stdin;
3	ID Document	ID Document	document d'identit	Documento de Identidade
1	Birth certificate	Birth certificate	certificat de naissance	Certido de Nascimento/
2	Driver's license	Driver's license	permis de conduire	Carta de Conduo
4	Passport	Passport	passeport	Passaporte
5	Other	Other	Autre	Outros
\.


--
-- Data for Name: case_interview_app_imemmigrationstatus; Type: TABLE DATA; Schema: public; Owner: tipnet
--

COPY public.case_interview_app_imemmigrationstatus (id, name, name_en, name_fr, name_pt) FROM stdin;
1	Conditional permanent resident	Conditional permanent resident	Rsident permanent conditionnel	Residente permanente condicional
2	Lawful permanent resident	Lawful permanent resident	rsident permanent lgal	Residente permanente legal
3	Naturalized citizen	Naturalized citizen	citoyen naturalis	Cidado naturalizado
4	Voluntary assisted return and reintegration	Voluntary assisted return and reintegration	assistance au retour et  la rintgration volonta	Regresso assistido voluntrio e reintegrao
5	Other	Other	Autre	Outros
\.


--
-- Data for Name: case_interview_app_incomeprojecttype; Type: TABLE DATA; Schema: public; Owner: tipnet
--

COPY public.case_interview_app_incomeprojecttype (id, name, name_en, name_fr, name_pt) FROM stdin;
1	Agro business	Agro business	Agro-industrie	Agronegcio
2	Foreign language	Foreign language	Langue trangre	Lngua estrangeira
3	Manufacturing	Manufacturing	Fabrication	Indstria
4	Proffessional training	Proffessional training	Formation professionnelle	Formao profissional
5	Service sector	Service sector	Secteur des services	Setor de servios
6	Trade or shop	Trade or shop	Commerce ou boutique	Comrcio ou loja
7	Other	Other	Autre	Outros
\.


--
-- Data for Name: case_interview_app_interviewer; Type: TABLE DATA; Schema: public; Owner: tipnet
--

COPY public.case_interview_app_interviewer (id, first_name, last_name, "position", organization, email_address, country_id, data_entry_purpose_id, address, approval_comments, approval_id, created_at, updated_at) FROM stdin;
4	Test1	Test1	None	Auth1	addr1@my.org	1	1	Addr1	\N	\N	2023-11-27 17:39:55.11543+00	2023-11-27 17:39:55.165168+00
24	Elizabeth	Van Der Merwe 	National Coordinator 	DPCI	VdMerweElizabeth@saps.gov.za	13	2	Pretoria	\N	\N	2023-12-05 10:16:32.417062+00	2023-12-05 13:41:48.443325+00
6	Keketso	Motseki	Webmaster	SADC Secretariat	kmotseki@sadc.int	2	4	P.B 0095, Gaborone	\N	\N	2023-11-27 17:39:55.11543+00	2023-11-27 17:39:55.165168+00
3	Test1	Test1	Test1	Test1	qwerqwer	2	1	Test1	\N	\N	2023-11-27 17:39:55.11543+00	2023-11-27 17:39:55.165168+00
7	Test1	Test1	Test1	Test1	Test1@ Test1.com	2	1	Test1	\N	\N	2023-11-27 17:39:55.11543+00	2023-11-27 17:39:55.165168+00
8	FName-A	LName-A	Authority	Main NGO	Test1@ test1.com	2	1	1111-2222	\N	\N	2023-11-27 17:39:55.11543+00	2023-11-27 17:39:55.165168+00
12	JJ	NN	MyPos	MyOrg	JJ@jj.org	1	1	NK	\N	\N	2023-11-27 17:39:55.11543+00	2023-11-27 17:39:55.165168+00
13	Test1	Test1	Test1 Position	Test1 Org	Test1@1.org	1	1	Test1 Street	\N	\N	2023-11-27 17:39:55.11543+00	2023-11-27 17:39:55.165168+00
14	Test2	Test2	Test2 Pos	Test2 Org	jimmy.ndungu@ymail.com	1	1	Test2 address	\N	\N	2023-11-27 17:39:55.11543+00	2023-11-27 17:39:55.165168+00
44	Sentle	Rathebe	Prosecutor	DPP	rathebesentle@gmail.com	6	3	Maseru	\N	\N	2023-12-05 10:20:19.46996+00	2023-12-05 14:02:49.961638+00
16	User1Fname	User1Lname	Immigration officer	immigration office	User1@gmail.com	2	1	30165 Gabarone	\N	\N	2023-11-27 17:39:55.11543+00	2023-11-27 17:39:55.165168+00
9	Test5	Test5	Test5	Test5	Test5@test5.org	2	3	Test5 Test5	\N	\N	2023-11-27 17:39:55.11543+00	2023-11-27 17:39:55.165168+00
10	Test1	Test1	Interviewer1	NGO-A	noname@noname.com	10	1	No name street	\N	\N	2023-11-27 17:39:55.11543+00	2023-11-27 17:39:55.165168+00
11	Test6	Test6	Test6	Test6 Org	Test6@6.com	1	4	Test6 Street	\N	\N	2023-11-27 17:39:55.11543+00	2023-11-27 17:39:55.165168+00
33	A	N	Adpp	Odpp	eos5531@gmail.com	9	1	Mauritius 	\N	\N	2023-12-05 10:18:44.151795+00	2023-12-05 14:21:54.162211+00
29	Frank	Michelo	Senior Immigration officer 	Immigration 	michelofrank@yahoo.com	15	4	Lusaka zambia	\N	\N	2023-12-05 10:17:27.862449+00	2023-12-05 14:24:37.481794+00
17	Test0	Test0	NA	N/A	j.dunn0787@gmail.com	1	3	NONE	\N	\N	2023-11-27 17:39:55.11543+00	2023-12-05 14:38:48.579943+00
47	Gloria  Meamui	Mubita	National  Coordinator -Victim Support unit	Zambia Police Service	meamuiron@gmail.com	15	2	Zambia Police Service PO BOX 50103, Lusaka	\N	\N	2023-12-05 10:20:41.205759+00	2023-12-05 14:51:22.007462+00
18	Mulenga	Kashingwa	Information Systems Officer	SADC	mkashingwa@sadc.int	2	1	Gaborone	\N	\N	2023-12-04 14:48:22.242328+00	2023-12-04 14:48:22.24235+00
5	Alphonci	Muradza	IT	SADC	amuradza@sadc.int	16	2	plot 	\N	\N	2023-11-27 17:39:55.11543+00	2023-12-04 15:02:09.30298+00
30	Oly	Ratrimosoa	Secrtaire excutif	Primature	olyratrimosoa@gmail.com	7	1	Mahazoarivo	\N	\N	2023-12-05 10:17:39.255586+00	2023-12-05 10:17:39.255619+00
1	John	Rarui	Developer	TiPNET	jrarui.jr@gmail.com	1	1	Nairobi	\N	\N	2023-11-27 17:39:55.11543+00	2024-03-18 17:52:00.767128+00
31	Kegakgametse 	Malete	Focal Point Person	Botswana Police Service	kegamalete@gmail.com	2	1	Private Bag 0012 Gaborone	\N	\N	2023-12-05 10:17:45.56412+00	2023-12-05 10:17:45.56415+00
19	Shirley	Ben	CAO	MOJ	ben.shirley83@gmail.com	2	1	404896 Gaborone	\N	\N	2023-12-05 10:15:02.265605+00	2023-12-05 10:15:02.265633+00
15	Test01 Fname	Test01 Lname	Test01 Pos	Test01 Org	james.ndungu@gmail.com	1	2	Test01 Street	\N	\N	2023-11-27 17:39:55.11543+00	2024-04-02 15:03:24.840774+00
23	Chomwa 	Mbewe	TIP/SOM	UNODC 	chomwa.mbewe.un.org	15	3	UN Annex	\N	\N	2023-12-05 10:16:25.577358+00	2023-12-05 10:16:25.577387+00
26	Neo	Molelekwa	Prosecution Counsel	Directorate of Public Prosecutions	neomolelekwa@gmail.com	2	3	Kgale View	\N	\N	2023-12-05 10:16:50.679081+00	2023-12-05 10:16:50.679106+00
27	Boina	Abdoulfatah 	DIRCAB	Ministre intrieure 	fboina@yahoo.fr	3	1	Moroni Comores 	\N	\N	2023-12-05 10:16:59.149686+00	2023-12-05 10:16:59.149709+00
28	Perfect	Makumbe	Manager	ZIMSTAT	makumbep@zimstat.co.zw	16	1	Harare Zimbabwe	\N	\N	2023-12-05 10:17:16.739449+00	2023-12-05 10:17:16.739472+00
32	Florietha	Jantjies	Police Officer	Namibian Police Force	fjantjies@nampol.na	11	1	National Police Head Quarters Windhoek	\N	\N	2023-12-05 10:18:23.448071+00	2023-12-05 10:18:23.448097+00
100	MOHAMED SAID	HASSANI	POLICEIER	MINISTAIRE INTERIEUR	hassanimohamedsaid8gmail.com	3	2	MORONI COMORES	\N	\N	2024-01-29 10:30:08.547007+00	2024-01-29 10:30:08.547035+00
34	Carina 	Coetzee	Prosecutor	NPA	ccoetzee@npa.gov.za	13	3	Director of Public Prosecutions,	\N	\N	2023-12-05 10:19:04.920485+00	2023-12-05 10:19:04.920508+00
35	Mahandry 	Mandimbilaza 	Commissaire 	Police	dodamah@yahoo.fr 	7	1	Ivato	\N	\N	2023-12-05 10:19:06.408086+00	2023-12-05 10:19:06.408123+00
37	Alex	Lupilya	ASATS	MOHA	lupilyas@gmail.com	14	1	Tanzania	\N	\N	2023-12-05 10:19:35.486223+00	2023-12-05 10:19:35.486251+00
38	Davis	Simeon	Police officer 	Seychelles police force	davis.simeon@police.gov.sc	12	1	Seychelles 	\N	\N	2023-12-05 10:19:39.92281+00	2023-12-05 10:19:39.922836+00
39	Inilsa	Esteves	Procuradora da Republica	Procuradoria Geral da Republica	einilsa@yahoo.com.br	10	1	maputo	\N	\N	2023-12-05 10:20:05.349134+00	2023-12-05 10:20:05.349161+00
40	Francisco	Manguana	Tecnico de Estatistica	Instituto Nacional de Estatistica	ciscojasse@mail.com	10	1	Cidade de Maputo, Av. 24 de Julho, 1989	\N	\N	2023-12-05 10:20:06.37642+00	2023-12-05 10:20:06.376444+00
41	Mahandrisoaniony Tsiry	RANDRIAMAROLAFY	MAGISTRAT	JUSTICE	tsiriniony@gmail.com	7	1	Lot VE 26 Bis D Ambanidia	\N	\N	2023-12-05 10:20:06.600076+00	2023-12-05 10:20:06.600106+00
42	Gina 	NN	Deputy Chief State Advocate	NPA	ginanyalugwe@gmail.com	15	3	Lusaka	\N	\N	2023-12-05 10:20:07.583268+00	2023-12-05 10:20:07.583291+00
45	Ana	Carvalho 	Ponto focal-tecnica MINJUSDH	MINJUSDH 	Zinga1975@gmail.com	1	1	Zinga1975@gmail.com	\N	\N	2023-12-05 10:20:24.171352+00	2023-12-05 10:20:24.17138+00
46	Arthur 	Mphande 	Data officer	Government 	mphande2016@gmail.com	15	1	Lusaka	\N	\N	2023-12-05 10:20:26.057972+00	2023-12-05 10:20:26.058003+00
48	Francisco Cardoso	Nhango	Director Adjunto de Estatistica	Procuradoria Geral da Republica	shyfrancisco1@yahoo.com.br	10	3	Matola F, Rua rio Messalo	\N	\N	2023-12-05 10:20:48.918602+00	2023-12-05 10:20:48.918625+00
49	Boris	Mulengu 	Director 	Anti Human Trafficking Department 	mulengub@yahoo.com 	15	1	Box123 Lusaka 	\N	\N	2023-12-05 10:20:55.672333+00	2023-12-05 10:20:55.672363+00
50	Joseph	Patrick	Secretariat	Dojcd	JMogoshane@justice.gov.za 	13	1	Pretoria 	\N	\N	2023-12-05 10:20:56.353548+00	2023-12-05 10:20:56.353571+00
25	Jacobus	Duck	Dojcd	Dojcd	jjjcobus@gmail.com	13	4	123	\N	\N	2023-12-05 10:16:36.671188+00	2023-12-05 12:43:29.339032+00
2	John	Rarui	Developer	TiPNET	jrarui@strathmore.edu	14	4	Nairobi		\N	2023-11-27 17:39:55.11543+00	2024-04-14 19:21:52.373952+00
36	chomwa	mbewe	TIP/SOM	chomwam@gmail.com	chomwam@gmail.com	15	1	Lusaka	\N	\N	2023-12-05 10:19:12.256799+00	2023-12-05 12:54:36.885042+00
73	Henriques 	Manuel	Investigador	SERNIC	hemanueltomola@gmail.com	10	4	Maputo	\N	\N	2023-12-05 10:31:09.354545+00	2023-12-05 13:09:11.627037+00
21	Pachalo	Chizala	Statistician	Statistician, National Statistical Office	pachalochizala@gmail.com	8	2	P.O. Box 333, Zomba	\N	\N	2023-12-05 10:15:42.744782+00	2023-12-05 13:20:39.972596+00
51	Ndapandula	Kadhikua	Statistician	Namibian Statistics Agency	nkadhikua@nsa.org.na	11	1	P.o box 6735 Windhoek 	\N	\N	2023-12-05 10:20:58.695278+00	2023-12-05 10:20:58.695304+00
52	Corrine Hilary Bernadette 	Rose	State Counsel(Attorney-At-Law)	The Attorney General's Office	corrinerose@gov.sc	12	1	Ile Du Port, Mahe, Seychelles	\N	\N	2023-12-05 10:21:11.454339+00	2023-12-05 10:21:11.454366+00
54	Michelle	Sabury	Director	Trafficking in Person Secretariat	DirectorTIP@gov.sc	12	1	Victoria Mahe 	\N	\N	2023-12-05 10:21:19.828684+00	2023-12-05 10:21:19.828716+00
55	George 	Kudzai	Legal	MOHACH	geoma91@gmail.com	16	1	GLEN NORAH	\N	\N	2023-12-05 10:21:29.271717+00	2023-12-05 10:21:29.271744+00
95	Ahmad Saidi 	Mwen-dadi	Head of the Training 	Ministry of Home Affairs 	mwendadi2001@yahoo.com	14	3	DODOMA	\N	\N	2023-12-05 12:53:37.082816+00	2023-12-05 14:29:38.490069+00
57	Brina Telma	Dufresne	Senior Immigration Officer	Immigraion	bdufresne@immigration.gov.sc	12	1	Victoria	\N	\N	2023-12-05 10:23:04.515433+00	2023-12-05 10:23:04.515456+00
59	Josephat	Chitambira	Police Official	CID Zimbabwe	jchitambira89@gmail.com	16	1	CID Zimbabwe	\N	\N	2023-12-05 10:23:19.293234+00	2023-12-05 10:23:19.293263+00
62	Adelino Abel Domingos	Antnio	investigador Criminal	Servio de Investigao Criminal	medinameca31@gmail.com	1	1	Luanda/Angola	\N	\N	2023-12-05 10:23:49.117838+00	2023-12-05 10:23:49.117867+00
63	Thanyani	Gumede	Senior Officer Police	SADC Secretariat 	tgumede@sadc.int	2	1	SADC House, Botswana	\N	\N	2023-12-05 10:23:53.768501+00	2023-12-05 10:23:53.768525+00
64	Banysing 	UNMAR	Acting Deputy Director of Statistics	Statistics Mauritius	bunmar@govmu.org	9	1	Port Louis	\N	\N	2023-12-05 10:24:20.881442+00	2023-12-05 10:24:20.881471+00
65	PRISCA	MADZIVIRIDZE	LEGAL ADVISOR	MINISTRY OF HOME AFFAIRS AND CULTURAL HERITAGE	priscavaraidzo@gmail.com	16	1	4358 ROCKVIEW PARK , RUWA  ZIMBABWE	\N	\N	2023-12-05 10:24:51.682217+00	2023-12-05 10:24:51.682241+00
66	MOHAMED SAID	HASSANI	POLICEIER	MINISTAIRE INTERIEUR	hsassanimohamedsaid8@gmail.com	3	4	MORONI COMORES	\N	\N	2023-12-05 10:25:05.800702+00	2023-12-05 10:25:05.80073+00
70	Jonathan 	MUROMBEDZI	PROSECUTOR	NPA	murombedzij@gmail.com	7	2	22  FREDROAD  HARARE  	\N	\N	2023-12-05 10:29:39.315356+00	2023-12-05 14:02:41.484999+00
71	Kondwani	Kamanga	TIP Focal person	Ministry of Homeland Security	kondwani1@yahoo.com	8	1	P/Bag 331	\N	\N	2023-12-05 10:29:55.268915+00	2023-12-05 10:29:55.268938+00
56	Nompumelelo 	Lukhele	Head of Secretariat 	Prime Minister's Office	channelmpumi@gmail.com	5	3	Hospital Hill,  Mbabane	\N	\N	2023-12-05 10:23:02.604447+00	2023-12-05 14:04:09.280728+00
74	Amabelia Francisca da Conceicao	Chuquela	procuradora geral adjunta	procuradoria geral da republica	amabeliachuquela@gmail.com	10	1	maputo	\N	\N	2023-12-05 10:31:27.423985+00	2023-12-05 10:31:27.424016+00
88	MOHAMED DJITIHADI	FAICOIL	DGAPJ	MAECIDF	mchangrijunior@gmail.com	3	1	MORONI 	\N	\N	2023-12-05 12:16:31.139229+00	2023-12-05 12:16:31.139251+00
75	Mohamed 	Abdallah 	Prosector 	Justice	medamane@yahoo.fr	3	1	Moya  Anjouan  Union des Comores 	\N	\N	2023-12-05 10:35:34.687271+00	2023-12-05 10:35:34.6873+00
76	rehema	mkecha	immigration officer	ministry of home affair	rehemamkecha@gmail.com	14	2	dar es salaam	\N	\N	2023-12-05 10:36:20.398077+00	2023-12-05 10:36:20.398098+00
68	MOHAMED SAID	HASSANI	POLICEIER	MINISTAIRE INTERIEUR	hassanimohamedsaid8@gmail.com	3	1	MORONI COMORES	\N	\N	2023-12-05 10:28:03.159798+00	2023-12-05 12:21:30.892813+00
61	Thandiwe M.	Dlamini	Head of Department	Royal Eswatini Police Service	dlaminithandiwem@gmail.com	5	3	C/O Mbabane next to Home Affairs	\N	\N	2023-12-05 10:23:33.506323+00	2023-12-05 14:05:13.71149+00
78	Doda	Maresaka	Chef	Police	Unknown	7	1	Ivato	\N	\N	2023-12-05 10:45:02.974725+00	2023-12-05 10:45:02.974752+00
79	Thandiwe M.	Nsibandze-Dlamini 	Head of Department	Royal Eswatini Police Service	dlaminithandiwe084@gmail.com	5	2	Box 49 Mbabane Eswatini	\N	\N	2023-12-05 10:46:49.380471+00	2023-12-05 10:46:49.380492+00
80	Boris	Mulengu 	Director 	Anti Human Trafficking Department 	Boris.Mulengu@mohais.gov.zm	15	1	Box123 Lusaka 	\N	\N	2023-12-05 10:47:43.006823+00	2023-12-05 10:47:43.006847+00
82	Arthur 	Mphande 	Data Officer 	Ministry of Home Affairs and Internal Security 	arthur.mphande @icloud.com	15	1	P.o Box 50997, LUSAKA 	\N	\N	2023-12-05 10:54:18.296461+00	2023-12-05 10:54:18.296481+00
83	K	Tamas	Adviser	Unodc	kristoftamas@aim.com	13	1	Sktr	\N	\N	2023-12-05 10:58:14.848422+00	2023-12-05 10:58:14.848451+00
85	pachalo	chizala	Statistician	National Statistical Office	pchizala@gmail.com	8	1	P.O. Box 333, Zomba	\N	\N	2023-12-05 10:59:27.804316+00	2023-12-05 10:59:27.804342+00
86	Edwin 	Kanyemba	Police Officer (Investigator)	Malawi Police Services	edkanyemba@gmail.com	8	1	P/Bag 305, Lilongwe 3, Malawi	\N	\N	2023-12-05 11:10:10.100078+00	2023-12-05 11:10:10.100101+00
67	Atil kumar	Reekoye	Police Officer	Police	atilkumar3@gmail.com	9	1	Amaury, Belle vue Maurel		\N	2023-12-05 10:27:06.194636+00	2023-12-05 11:13:28.775902+00
87	Atil kumar	Reekoye	Police Officer	Mauritius police Force 	atilkumar3@gmail,com	9	1	port Louis	\N	\N	2023-12-05 11:19:41.378154+00	2023-12-05 11:19:41.378177+00
69	Ahmad Saidi 	Mwen-dadi	Head of the Training 	Ministry of Home Affairs 	mbeleje2018@gmail.com	14	3	DODOMA	\N	\N	2023-12-05 10:28:29.086796+00	2023-12-05 12:37:31.720646+00
91	Brian	Poliah	Law Enforcement Consultant	UNODC	BPOLIAH@YAHOO.COM	13	1	29 A GIBSON DRIVE EAST	\N	\N	2023-12-05 12:42:32.897586+00	2023-12-05 12:42:32.89761+00
92	Archie	Magai	investigator	UN	archiemagai@ymail.com	15	1	ZXC	\N	\N	2023-12-05 12:45:20.993222+00	2023-12-05 12:45:20.993252+00
93	Archie	Magai	investigator	UN	archiemagai@gmail.com	15	1	ZXC	\N	\N	2023-12-05 12:48:09.762696+00	2023-12-05 12:48:09.762723+00
94	Prisca Varaidzo	Madziviridze	Legal Advisor	Government	priscamadziviridze@gmail	16	1	89 Neville Barret road Tynwald Harare , Zimbabwe	\N	\N	2023-12-05 12:48:19.410463+00	2023-12-05 12:48:19.410484+00
22	James	Phiri	Magistrate	Judiciary	wysonn021@gmail.com	8	1	Box 30244, Chichiri, Blantyre	\N	\N	2023-12-05 10:15:44.779208+00	2023-12-05 13:01:44.45388+00
90	Arthur	Mphande	Data Management Officer	Government	arthur.mphande@icloud.com	15	1	Box 50997, Lusaka	\N	\N	2023-12-05 12:27:01.915915+00	2023-12-05 14:53:53.230379+00
43	Ntha	Thabane	Refugee and Migration	government of the Kingdom of Lesotho	nthatisi.thabane@gmail.com	6	4	Maseru	\N	\N	2023-12-05 10:20:07.723941+00	2023-12-05 13:02:45.393573+00
60	Oellerick 	ANDRIATSIMANDATSY 	Enqueteur	Police 	aoellerick@gmail.com	7	1	Antananarivo 	\N	\N	2023-12-05 10:23:24.244912+00	2023-12-11 08:32:15.793581+00
81	Celestine Shotete	Alweendo	prosecutor	Ministry of Justice	Calweendo@nampol.na	11	1	PO Box 12024, Windhoek, Namibia	\N	\N	2023-12-05 10:53:39.39603+00	2023-12-05 15:03:01.418522+00
89	Boris	Mulengu	Director	Anti Human Trafficking Department	mulengub@yahoo.com	15	2	Lusaka South Park, Off Shatuntumbu	\N	\N	2023-12-05 12:23:14.943818+00	2023-12-05 13:21:01.685241+00
96	Mohamed 	Abdallah 	Prosector 	Justice	medamane653@gmail.com 	3	1	Moya  Anjouan  Union des Comores 	\N	\N	2023-12-05 12:57:37.943691+00	2023-12-05 12:57:37.943725+00
58	Makatiso	Mapetja	Assistant Registrar	Judiciay	thatokmap@gmail.com	6	4	Naleli Maseru	\N	\N	2023-12-05 10:23:19.109017+00	2023-12-05 13:52:07.383909+00
53	Pusmawtee	SOHUN	Deputy Permanent Secretary	Prime Minister's Office	psohun@govmu.org	9	2	Port Louis	\N	\N	2023-12-05 10:21:15.244353+00	2023-12-05 13:15:01.189411+00
98	AAA	BBB	CCC	OOO	reginakufumanamanuel@gmail.com	1	1	DDD	\N	\N	2023-12-05 13:16:26.690582+00	2023-12-05 13:16:26.690602+00
99	Felismino 	Lisboa	Chefe de Departamento	Ministrio da Justia e dos Direitos Humanos	lisboafis@yahoo.com	1	2	Cidade Alda- Palacio	\N	\N	2023-12-05 13:27:26.868255+00	2023-12-05 13:27:26.868279+00
97	Brian	Poliah	Law Enforcement Consultant	UNODC	brianpoliah@gmail.com	13	2	29 A GIBSON DRIVE EAST	\N	\N	2023-12-05 13:01:31.281329+00	2023-12-05 13:30:21.639374+00
77	Alexander	Lupilya	ASATS	MOHA	alexnkayaga@hotmail.com	14	3	Tanzania	\N	\N	2023-12-05 10:39:40.491543+00	2023-12-05 14:58:32.506349+00
\.


--
-- Data for Name: case_interview_app_interviewer_som_cases; Type: TABLE DATA; Schema: public; Owner: tipnet
--

COPY public.case_interview_app_interviewer_som_cases (id, interviewer_id, somcase_id) FROM stdin;
1	2	1
2	15	2
3	2	3
4	2	4
5	2	5
\.


--
-- Data for Name: case_interview_app_interviewer_som_victims; Type: TABLE DATA; Schema: public; Owner: tipnet
--

COPY public.case_interview_app_interviewer_som_victims (id, interviewer_id, somvictimprofile_id) FROM stdin;
1	2	4
\.


--
-- Data for Name: case_interview_app_interviewer_victims; Type: TABLE DATA; Schema: public; Owner: tipnet
--

COPY public.case_interview_app_interviewer_victims (id, interviewer_id, victimprofile_id) FROM stdin;
1	1	1
2	9	2
3	1	3
4	9	4
5	9	5
6	9	6
7	9	7
8	9	8
9	9	9
10	9	10
11	9	11
12	10	12
13	11	13
14	11	14
15	11	15
16	11	22
17	12	23
18	11	24
19	16	25
20	11	26
21	11	27
22	11	28
23	11	29
24	17	30
25	1	31
26	15	32
27	15	33
28	15	34
29	2	35
30	5	36
31	15	37
32	15	38
33	15	39
34	15	40
35	15	41
36	25	42
37	17	43
38	44	44
39	22	45
40	33	46
41	19	47
42	32	48
43	55	49
44	36	50
45	28	51
46	52	52
47	53	53
48	30	54
49	63	55
50	56	56
51	43	57
52	36	58
53	58	59
54	60	60
55	21	61
56	54	62
57	45	63
58	45	64
59	31	65
60	42	66
61	22	67
62	64	68
63	68	69
64	58	70
65	41	71
66	73	72
67	22	73
68	26	74
69	29	75
70	47	76
71	69	77
72	18	78
73	59	79
74	58	80
75	34	81
76	77	82
77	86	83
78	77	84
79	71	85
80	60	86
81	30	87
82	48	88
83	44	89
84	43	90
85	51	91
86	85	92
87	24	93
88	88	94
89	90	95
90	61	96
91	73	97
92	89	98
93	62	99
94	56	100
95	62	101
96	68	102
97	70	103
98	39	104
99	61	105
100	68	106
101	53	107
102	74	108
103	42	109
104	93	110
105	56	111
106	76	112
107	88	113
108	29	114
109	97	115
110	34	116
111	90	117
112	56	118
113	68	119
114	95	120
115	81	121
116	68	122
117	98	123
118	98	124
119	99	125
120	90	126
121	68	127
122	68	128
123	15	129
124	15	130
125	15	131
126	2	134
127	2	135
128	15	142
129	15	143
130	15	155
131	15	156
132	15	157
133	15	158
134	2	159
135	2	160
136	2	161
137	2	162
138	2	163
139	2	164
140	2	165
141	2	166
142	2	167
143	2	168
144	15	177
145	15	178
146	15	179
147	15	180
148	15	181
149	15	182
150	15	183
151	5	184
152	15	185
\.


--
-- Data for Name: case_interview_app_investigationstatus; Type: TABLE DATA; Schema: public; Owner: tipnet
--

COPY public.case_interview_app_investigationstatus (id, name, name_en, name_fr, name_pt) FROM stdin;
3	Case file closed	Case file closed	Dossier cltur	Processo encerrado
4	Withdrawn	Withdrawn	retir	Suspenso
2	Completed	Completed	termin	Concludo
1	Pending	Pending	en suspens	Pendente
\.


--
-- Data for Name: case_interview_app_language; Type: TABLE DATA; Schema: public; Owner: tipnet
--

COPY public.case_interview_app_language (id, name, name_en, name_fr, name_pt) FROM stdin;
1	English	English	\N	\N
2	French	French	\N	\N
3	Portuguese	Portuguese	\N	\N
4	German	German	\N	\N
5	Swahili	Swahili	\N	\N
6	Lingala	Lingala	Lingala	Lingala
\.


--
-- Data for Name: case_interview_app_livingwith; Type: TABLE DATA; Schema: public; Owner: tipnet
--

COPY public.case_interview_app_livingwith (id, name, name_en, name_fr, name_pt) FROM stdin;
1	Adopted	Adopted	Adopte	Adoptado
2	Alone	Alone	Seule	Sozinho
3	Employer	Employer	Employeur	Empregador
4	Friends	Friends	Amis	Amigos
5	Homeless	Homeless	Sans-abri	Sem-abrigo
6	Institution	Institution	Institution	Instituio
7	Patner	Patner	Partenaire	Parceiro
8	Relatives	Relatives	Parents	Familiares
9	School	School	cole	Escola
10	Other	Other	Autre	Outros
\.


--
-- Data for Name: case_interview_app_marriageviolencetype; Type: TABLE DATA; Schema: public; Owner: tipnet
--

COPY public.case_interview_app_marriageviolencetype (id, name, name_en, name_fr, name_pt) FROM stdin;
1	Beating	Beating	Battement	Espancamento
2	Child labour	Child labour	Travail des enfants	Trabalho infantil
3	Physical abuse	Physical abuse	Maltraitance physique	Maus-tratos fsicos
4	Rape	Rape	Viol	Violao sexual
5	Verbal abuse	Verbal abuse	Violence verbale	Agresses verbais
6	Under age sexual intercourse	Under age sexual intercourse	Rapports sexuels avec des mineurs	Relao sexual com menores de idade
\.


--
-- Data for Name: case_interview_app_militaryactivity; Type: TABLE DATA; Schema: public; Owner: tipnet
--

COPY public.case_interview_app_militaryactivity (id, name, name_en, name_fr, name_pt) FROM stdin;
1	De-mining	De-mining	Dminage	Desminagem
2	Front line combat	Front line combat	Combat en premire ligne	Combate na linha da frente
3	Support staff	Support staff	Personnel de soutien	Pessoal de apoio
4	Other	Other	Autres	Outros
\.


--
-- Data for Name: case_interview_app_militarytype; Type: TABLE DATA; Schema: public; Owner: tipnet
--

COPY public.case_interview_app_militarytype (id, name, name_en, name_fr, name_pt) FROM stdin;
1	Regular	Regular	rgulire	Regular
2	Irregular	Irregular	irrgulire	Irregular
\.


--
-- Data for Name: case_interview_app_occupation; Type: TABLE DATA; Schema: public; Owner: tipnet
--

COPY public.case_interview_app_occupation (id, name, name_en, name_fr, name_pt) FROM stdin;
1	Agricultural work	Agricultural work	Travail agricole	Trabalho agrcola
2	Begging	Begging	Mendicit	Mendicidade
3	Child care	Child care	Garde d'enfants	Cuidados infantis
4	Construction	Construction	Construction	Construo
5	Domestic work	Domestic work	Travail domestique	Trabalho domstico
6	Factory work	Factory work	Travail en usine	Trabalho em contexto de fbricas
7	Fishing	Fishing	Pche	Pesca
8	Low-level criminal activities	Low-level criminal activities	Activits criminelles de bas niveau	Atividades criminosas de baixo nvel
9	Military service	Military service	Service militaire	Servio militar
10	Mining	Mining	Mines	Minerao
11	Prostitution	Prostitution	Prostitution	Prostituio
12	Restaurants and hotel work	Restaurants and hotel work	Restauration et htellerie	Restaurantes e hotelaria
13	Small street commerce	Small street commerce	Petit commerce de rue	Pequeno comrcio de rua
14	Trade	Trade	Commerce	Comrcio
15	Transport sector	Transport sector	Secteur des transports	Setor de transportes
16	Unemployed	Unemployed	Chmeur	Desempregado
17	Other	Other	Autre	Outros
18	NA	NA	NA	NA
19	NK	NK	NSP	NS
\.


--
-- Data for Name: case_interview_app_operationlocation; Type: TABLE DATA; Schema: public; Owner: tipnet
--

COPY public.case_interview_app_operationlocation (id, name, name_en, name_fr, name_pt) FROM stdin;
1	Hospital	Hospital	Hpital	Hospital
2	Private clinic	Private clinic	Clinique prive	Clnica privada
3	Private house	Private house	Maison prive	Casa particular
4	Other	Other	Autre	Outros
\.


--
-- Data for Name: case_interview_app_organpaidto; Type: TABLE DATA; Schema: public; Owner: tipnet
--

COPY public.case_interview_app_organpaidto (id, name, name_en, name_fr, name_pt) FROM stdin;
1	Criminal organizer(s)	Criminal organizer(s)	organisateur(s) criminel(s)	Organizador(es) criminal(ais)
2	Family member(s)	Family member(s)	membre(s) de la famille	Membro(s) da famlia
3	Friend(s)	Friend(s)	Ami(s)	Amigo(s)
4	Self	Self	Soi-mme	 prpria pessoa
5	NA	NA	NA	NA
6	NK	NK	NSP	NS
\.


--
-- Data for Name: case_interview_app_prosecution; Type: TABLE DATA; Schema: public; Owner: tipnet
--

COPY public.case_interview_app_prosecution (id, court_case_no, guilty_verdict, review_appeal_outcome, years_imposed, aquital_reason_id, guilty_verdict_reason_id, interviewer_id, prosecution_outcome_id, sanction_penalty_id, status_of_case_id, trafficker_id, trial_court_id, trial_court_country_id, victim_id, verdict_id, approval_id, approval_comments, created_at, updated_at) FROM stdin;
1	aa-00-11	\N	None	1	\N	\N	9	2	2	6	2	3	\N	2	3	1	\N	2023-11-27 17:39:55.2234+00	2023-11-27 17:39:55.363541+00
2	aa-00-11	\N	None	1	\N	\N	9	2	2	6	2	3	\N	2	3	1	\N	2023-11-27 17:39:55.2234+00	2023-11-27 17:39:55.363541+00
3	AFASDA-324	\N	NK	5	\N	2	11	2	2	4	4	3	\N	15	2	1	\N	2023-11-27 17:39:55.2234+00	2023-11-27 17:39:55.363541+00
4	45239485-2445	\N		\N	\N	\N	11	3	2	4	5	3	\N	22	3	1	\N	2023-11-27 17:39:55.2234+00	2023-11-27 17:39:55.363541+00
5	GD5338/028	\N		\N	\N	\N	11	5	5	1	7	2	\N	28	\N	1	\N	2023-11-27 17:39:55.2234+00	2023-11-27 17:39:55.363541+00
6	253250/33/443	\N		\N	\N	\N	11	5	5	2	8	3	\N	24	3	1	\N	2023-11-27 17:39:55.2234+00	2023-11-27 17:39:55.363541+00
7	UNKNOWN	\N	UNKNOWN	\N	\N	2	11	4	\N	2	9	3	\N	13	2	1	\N	2023-11-27 17:39:55.2234+00	2023-11-27 17:39:55.363541+00
8	248023414	\N		\N	\N	2	15	3	1	2	12	4	\N	38	2	1	\N	2023-12-04 22:12:32.908882+00	2023-12-04 22:12:32.908923+00
9	124	\N		\N	\N	\N	25	\N	\N	4	14	2	\N	42	3	1	\N	2023-12-05 10:26:45.847035+00	2023-12-05 10:26:45.847057+00
10	20/2023	\N		\N	\N	\N	22	\N	\N	5	15	2	\N	45	\N	1	\N	2023-12-05 10:33:20.811577+00	2023-12-05 10:33:20.811597+00
11	11/23/SMZM	\N		\N	\N	\N	42	5	\N	1	16	3	\N	66	\N	1	\N	2023-12-05 10:45:35.372644+00	2023-12-05 10:45:35.372664+00
12	N.A.	\N		25	\N	3	34	3	2	3	17	2	\N	81	2	1	\N	2023-12-05 10:49:37.144784+00	2023-12-05 10:49:37.144804+00
13	CTHGB 000011/23	\N		\N	\N	\N	26	\N	\N	4	18	2	\N	74	\N	1	\N	2023-12-05 10:49:42.515623+00	2023-12-05 10:49:42.515682+00
14	11/23/SMZM	\N		\N	\N	\N	42	5	5	5	16	3	\N	66	3	1	\N	2023-12-05 12:27:19.913732+00	2023-12-05 12:27:19.913753+00
15	192	\N	Joao	\N	\N	3	48	4	3	3	19	1	10	88	2	1	\N	2023-12-05 12:28:09.251573+00	2023-12-05 12:28:09.251598+00
16	CRI/T/03/2023	\N		\N	\N	\N	58	\N	\N	4	22	3	\N	80	\N	1	\N	2023-12-05 12:55:41.406557+00	2023-12-05 12:55:41.406579+00
17	123	\N		\N	\N	\N	33	1	\N	3	23	3	\N	46	3	1	\N	2023-12-05 12:56:03.554716+00	2023-12-05 12:56:03.554738+00
18	unknown	\N		\N	\N	\N	77	\N	\N	1	24	5	\N	82	\N	1	\N	2023-12-05 12:57:40.010082+00	2023-12-05 12:57:40.01011+00
19	cv1988	\N		\N	\N	3	43	3	1	3	20	3	\N	57	2	1	\N	2023-12-05 12:57:40.236145+00	2023-12-05 12:57:40.236175+00
20	cv2009	\N		15	\N	3	43	3	2	3	21	3	\N	57	2	1	\N	2023-12-05 12:59:54.721383+00	2023-12-05 12:59:54.721403+00
21	Case JN23	\N		\N	\N	\N	73	3	3	3	27	3	\N	97	1	1	\N	2023-12-05 13:01:24.648848+00	2023-12-05 13:01:24.648872+00
22	CR/T/0023/2023	\N		20	\N	3	44	3	2	3	26	3	\N	44	2	1	\N	2023-12-05 13:02:06.525344+00	2023-12-05 13:02:06.525383+00
23	11/23/SMZM	\N		\N	\N	3	42	3	2	3	28	3	\N	109	2	1	\N	2023-12-05 13:03:14.004401+00	2023-12-05 13:03:14.004422+00
24	10/2023	\N		-10	\N	3	53	\N	2	3	30	2	\N	107	2	1	\N	2023-12-05 13:14:15.513202+00	2023-12-05 13:14:15.513224+00
25	N.A.	\N		25	\N	3	34	3	2	3	31	2	\N	116	2	1	\N	2023-12-05 13:22:36.011009+00	2023-12-05 13:22:36.011033+00
26	23/23	\N		\N	\N	\N	56	\N	\N	5	34	2	\N	56	\N	1	\N	2023-12-05 14:08:56.781775+00	2023-12-05 14:08:56.781797+00
27	LSK782398	\N		\N	\N	\N	29	3	2	5	32	3	\N	114	3	1	\N	2023-12-05 14:22:42.602858+00	2023-12-05 14:22:42.602883+00
28	unknown	\N		2	\N	3	77	3	2	3	24	5	\N	82	2	1	\N	2023-12-05 14:57:02.515571+00	2023-12-05 14:57:02.515599+00
29	unknown	\N		3	\N	3	77	3	2	3	24	2	\N	82	2	1	\N	2023-12-05 15:11:59.659082+00	2023-12-05 15:11:59.659107+00
30	ANG_24234	\N		\N	5	\N	2	2	\N	1	37	2	\N	167	2	1	\N	2024-03-03 21:38:24.754066+00	2024-03-03 21:38:24.754096+00
31	ANG_24234	\N		\N	5	\N	2	2	\N	1	37	2	\N	167	2	1	\N	2024-03-03 21:38:32.210178+00	2024-03-03 21:38:32.210203+00
32	ANG_24234	\N		\N	5	\N	2	2	\N	1	37	2	\N	167	2	1	\N	2024-03-03 21:53:51.827157+00	2024-03-03 21:53:51.827179+00
33	ANG_24234	\N		\N	5	\N	2	2	\N	1	37	2	\N	167	2	1	\N	2024-03-03 21:54:27.976703+00	2024-03-03 21:54:27.976726+00
34	cs-0394	\N		\N	\N	\N	2	1	1	3	54	2	\N	35	2	1	\N	2024-04-14 02:26:03.00443+00	2024-04-14 03:29:24.900149+00
\.


--
-- Data for Name: case_interview_app_prosecutionoutcome; Type: TABLE DATA; Schema: public; Owner: tipnet
--

COPY public.case_interview_app_prosecutionoutcome (id, name, name_en, name_fr, name_pt) FROM stdin;
1	Acquittal	Acquittal	Acquittement	Absolvio
2	Appeal(s)	Appeal(s)	Appel(s)	Recurso(s)
3	Conviction obtained	Conviction obtained	Condamnation obtenue	Condenao
4	Reviews	Reviews	Revues	Revises
5	Other	Other	Autres	Outro
\.


--
-- Data for Name: case_interview_app_provider; Type: TABLE DATA; Schema: public; Owner: tipnet
--

COPY public.case_interview_app_provider (id, name, name_en, name_fr, name_pt) FROM stdin;
1	Government	Government	\N	\N
2	NGO	NGO	\N	\N
3	Other	Other	\N	\N
\.


--
-- Data for Name: case_interview_app_race; Type: TABLE DATA; Schema: public; Owner: tipnet
--

COPY public.case_interview_app_race (id, name, name_en, name_fr, name_pt) FROM stdin;
1	Black	Black	Noir	Preto
2	White	White	Blanc	Branco
3	Mixed Race	Mixed Race	Mtis	Mestio
4	Asian	Asian	Asiatique	Asitico
5	Other	Other	Autre	Outro
\.


--
-- Data for Name: case_interview_app_recruiterrelationship; Type: TABLE DATA; Schema: public; Owner: tipnet
--

COPY public.case_interview_app_recruiterrelationship (id, name, name_en, name_fr, name_pt) FROM stdin;
1	Acquaintance	Acquaintance	Connaissance	Conhecido
2	Business contact	Business contact	Contact professionnel	Contacto comercial
3	Family	Family	Famille	Famlia
4	Friend	Friend	Ami	Amigo
5	Neighbour	Neighbour	Voisin	Vizinho
6	Patner	Patner	Partenaire	Parceiro
7	Pimp	Pimp	Proxnte	Proxeneta
8	Relative	Relative	Parent	Parente
9	Stranger	Stranger	tranger	Estranho
10	Other	Other	Autre	Outros
11	NA	NA	NA	NA
12	NK	NK	NSP	NS
\.


--
-- Data for Name: case_interview_app_recruitmenttype; Type: TABLE DATA; Schema: public; Owner: tipnet
--

COPY public.case_interview_app_recruitmenttype (id, name, name_en, name_fr, name_pt) FROM stdin;
1	Employment agency	Employment agency	Agence pour l'emploi	Agncia de emprego
2	Internet advertiser	Internet advertiser	Publicit sur Internet	Anncio na Internet
3	Newspaper advertisement	Newspaper advertisement	Publicit dans les journaux	Anncio em jornais
4	Personal contact	Personal contact	Contact personnel	Contacto pessoal
5	Radio advertisement	Radio advertisement	Publicit  la radio	Anncio na rdio
6	Travel agency	Travel agency	Agence de voyage	Agncia de viagens
7	Television advertisement	Television advertisement	Publicit  la tlvision	Anncio televisivo
8	Other	Other	Autre	Organizador(es) criminal(ais)
9	NA	NA	NA	NA
10	NK	NK	NSP	NS
\.


--
-- Data for Name: case_interview_app_roleintrafficking; Type: TABLE DATA; Schema: public; Owner: tipnet
--

COPY public.case_interview_app_roleintrafficking (id, name, name_en, name_fr, name_pt) FROM stdin;
1	Buyer	Buyer	Acheteur	Comprador
2	Harbourer	Harbourer	Hbergeur	Pessoa que alberga a vtima
3	Kidnapper	Kidnapper	Kidnappeur	Sequestrador
4	Receiver	Receiver	Rcepteur	Receptor
5	Recruiter	Recruiter	Recruteur	Recrutador
6	Seller	Seller	Vendeur	Vendedor
7	Transporter	Transporter	Transporteur	Transportador
\.


--
-- Data for Name: case_interview_app_sanctionpenalty; Type: TABLE DATA; Schema: public; Owner: tipnet
--

COPY public.case_interview_app_sanctionpenalty (id, name, name_en, name_fr, name_pt) FROM stdin;
1	Correctional supervision	Correctional supervision	surveillance correctionnelle	(Vigilncia correcional e.g., Liberdade condiciona
2	Custodial sanction	Custodial sanction	sanction privative de libert	Sano privativa
3	Fined	Fined	amende	Multa
4	Suspended sanction	Suspended sanction	sanction avec sursis	Sano suspensa
5	Other	Other	Autre	Outra
\.


--
-- Data for Name: case_interview_app_search; Type: TABLE DATA; Schema: public; Owner: tipnet
--

COPY public.case_interview_app_search (id, search_text, search_description, search_link, search_tag_id, is_admin, is_technical, created_at, updated_at, data_entry_purpose_id, search_description_fr, search_description_pt, search_text_fr, search_text_pt) FROM stdin;
6	Add victim	This page allows a first responder to add a suspect	http://34.16.125.1/en/tip_form	1	\N	\N	2023-11-27 17:51:46.432398+00	2023-12-01 17:30:04.725534+00	1	Cette page permet  un premier intervenant d'ajouter un suspect	Esta pgina permite que um socorrista adicione um suspeito	Ajouter une victime	Adicionar vtima
5	Add victim	This page allows an investigator to add a victim	http://34.16.125.1/en/investigation_form	1	\N	\N	2023-11-27 17:50:53.135825+00	2023-12-01 17:30:25.292961+00	2	\N	\N	\N	\N
4	Approve victims	This page allows you to view unapproved victims	http://34.16.125.1/en/central/case_interview_app/pendingcase/	1	t	t	2023-11-27 17:39:55.370091+00	2023-12-01 17:30:45.973029+00	\N	\N	\N	\N	\N
3	View all victims	This allows the admin to view a list of all victims	http://34.16.125.1/en/central/case_interview_app/victimprofile	1	t	t	2023-11-27 17:39:55.370091+00	2023-12-01 17:30:57.474567+00	\N	\N	\N	\N	\N
2	Add victim - assistance	This page allows those who are offering assistance to a victim to add a victim profile	http://34.16.125.1/en/assistance_form	1	f	f	2023-11-27 17:39:55.370091+00	2023-12-01 17:31:09.545825+00	4	\N	\N	\N	\N
1	Add suspect - prosecutor	This page allows a prosecutor to add a suspect	http://34.16.125.1/en/prosecution_form	1	f	f	2023-11-27 17:39:55.370091+00	2023-12-01 17:31:36.779803+00	3	\N	\N	\N	\N
\.


--
-- Data for Name: case_interview_app_socioeconomic; Type: TABLE DATA; Schema: public; Owner: tipnet
--

COPY public.case_interview_app_socioeconomic (id, violence_prior, violence_type, education_level_id, family_structure_id, living_with_id, approval_id, approval_comments, interviewer_id, victim_id, created_at, updated_at) FROM stdin;
1	f		3	5	1	1	\N	1	1	2023-11-27 17:39:55.425775+00	2023-11-27 17:39:55.472192+00
2	t		1	1	1	1	\N	9	6	2023-11-27 17:39:55.425775+00	2023-11-27 17:39:55.472192+00
3	f		1	1	1	1	\N	9	7	2023-11-27 17:39:55.425775+00	2023-11-27 17:39:55.472192+00
4	t	None	1	1	1	1	\N	9	11	2023-11-27 17:39:55.425775+00	2023-11-27 17:39:55.472192+00
5	f		1	1	1	1	\N	11	13	2023-11-27 17:39:55.425775+00	2023-11-27 17:39:55.472192+00
6	t	UNKNOWN	1	1	1	1	\N	15	31	2023-12-04 17:53:36.078213+00	2023-12-04 17:53:36.078243+00
7	f		1	5	4	1	\N	15	37	2023-12-04 21:50:31.113206+00	2023-12-04 21:50:31.113237+00
8	t	moroni	4	1	1	1	\N	68	69	2023-12-05 10:41:42.503177+00	2023-12-05 10:41:42.503198+00
9	t	Domestic	1	1	1	1	\N	33	46	2023-12-05 13:00:00.522651+00	2023-12-05 13:00:00.522677+00
10	f		1	1	1	1	\N	43	57	2023-12-05 13:07:37.277281+00	2023-12-05 13:07:37.277323+00
11	f		3	2	10	1	\N	73	97	2023-12-05 13:07:41.267537+00	2023-12-05 13:07:41.267563+00
12	f		1	1	2	1	\N	53	53	2023-12-05 13:09:22.321621+00	2023-12-05 13:09:22.321642+00
13	t	Gbv	1	2	8	1	\N	44	44	2023-12-05 13:09:32.728503+00	2023-12-05 13:09:32.728523+00
14	t	The mother was physically abused by the Father	1	1	1	1	\N	58	80	2023-12-05 13:15:00.791632+00	2023-12-05 13:15:00.791691+00
15	t	rape	7	1	1	1	\N	77	82	2023-12-05 13:21:31.671153+00	2023-12-05 13:21:31.671175+00
16	t	abuse	1	1	1	1	\N	95	120	2023-12-05 14:12:50.842489+00	2023-12-05 14:12:50.842516+00
17	t	Attacked by army officers	1	1	4	1	\N	29	75	2023-12-05 14:33:00.841836+00	2023-12-05 14:33:00.841857+00
18	f		1	1	1	1	\N	2	35	2024-03-09 17:37:08.680011+00	2024-04-14 18:38:57.639584+00
\.


--
-- Data for Name: case_interview_app_socioeconomic_last_occupation; Type: TABLE DATA; Schema: public; Owner: tipnet
--

COPY public.case_interview_app_socioeconomic_last_occupation (id, socioeconomic_id, occupation_id) FROM stdin;
1	1	16
2	2	5
3	2	2
4	3	5
5	3	6
6	3	3
7	4	7
8	5	3
9	5	5
10	5	8
11	6	3
12	7	6
13	7	3
14	8	4
15	10	2
16	11	5
17	12	3
18	13	16
19	14	6
20	15	17
21	17	5
22	18	2
23	18	1
\.


--
-- Data for Name: case_interview_app_somarrestinvestigation; Type: TABLE DATA; Schema: public; Owner: tipnet
--

COPY public.case_interview_app_somarrestinvestigation (id, org_crime, suspects_arrested, why_no_arrest, victim_smuggled, investigation_done, why_no_investigation, why_pending, withdrawn_closed_reason, approval_comments, created_at, updated_at, approval_id, interviewer_id, investigation_status_id, case_id) FROM stdin;
1	t	t		t	t				\N	2024-03-29 02:20:46.587981+00	2024-03-29 02:20:46.588004+00	1	15	1	\N
2	\N	\N		\N	\N				\N	2024-03-29 02:23:50.770618+00	2024-03-29 02:23:50.770638+00	1	15	\N	\N
3	t	t		t	t				\N	2024-04-03 08:11:49.564247+00	2024-04-03 08:11:49.56428+00	1	15	4	\N
4	t	t		t	t				\N	2024-04-03 08:11:52.42242+00	2024-04-03 08:11:52.422445+00	1	15	4	\N
6	t	t		t	t				\N	2024-04-13 23:49:03.702707+00	2024-04-13 23:49:03.702741+00	1	2	1	5
5	t	t		t	t				\N	2024-04-13 23:46:41.734028+00	2024-04-14 00:25:19.888233+00	1	2	1	5
\.


--
-- Data for Name: case_interview_app_somarrestinvestigation_how_traffickers_org; Type: TABLE DATA; Schema: public; Owner: tipnet
--

COPY public.case_interview_app_somarrestinvestigation_how_traffickers_org (id, somarrestinvestigation_id, traffickerorg_id) FROM stdin;
1	6	1
2	5	2
\.


--
-- Data for Name: case_interview_app_somassistance; Type: TABLE DATA; Schema: public; Owner: tipnet
--

COPY public.case_interview_app_somassistance (id, approval_comments, created_at, updated_at, approval_id, education_assistance_level_id, im_emmigration_assistance_status_id, interviewer_id, micro_ent_income_project_id, other_community_assistance_type_id, education_assistance, financial_assistance, halfway_house, housing_allowance, im_emmigration_assistance, legal_assistance, med_rehab, medical_assistance, micro_ent_income, other_community_assistance, shelter, social_assistance, vocational_training, case_id) FROM stdin;
1	\N	2024-04-14 19:44:40.492109+00	2024-04-14 19:44:40.492143+00	1	\N	\N	2	\N	\N	\N	\N	\N	\N	\N	\N	\N	\N	\N	\N	\N	t	\N	\N
2	\N	2024-04-14 19:44:49.811656+00	2024-04-14 19:44:49.811679+00	1	\N	\N	2	\N	\N	\N	\N	\N	\N	\N	\N	\N	\N	\N	\N	\N	t	\N	\N
3	\N	2024-04-14 19:46:54.846575+00	2024-04-14 19:46:54.846615+00	1	\N	\N	2	\N	\N	\N	\N	\N	\N	\N	\N	\N	\N	\N	\N	\N	t	\N	\N
4	\N	2024-04-14 19:48:32.989592+00	2024-04-14 19:48:32.989621+00	1	\N	\N	2	\N	\N	\N	\N	\N	\N	\N	\N	\N	\N	\N	\N	\N	t	\N	4
\.


--
-- Data for Name: case_interview_app_somassistance_education_assistance_provider; Type: TABLE DATA; Schema: public; Owner: tipnet
--

COPY public.case_interview_app_somassistance_education_assistance_provider (id, somassistance_id, provider_id) FROM stdin;
\.


--
-- Data for Name: case_interview_app_somassistance_financial_assistance_provider; Type: TABLE DATA; Schema: public; Owner: tipnet
--

COPY public.case_interview_app_somassistance_financial_assistance_provider (id, somassistance_id, provider_id) FROM stdin;
\.


--
-- Data for Name: case_interview_app_somassistance_halfway_house_providers; Type: TABLE DATA; Schema: public; Owner: tipnet
--

COPY public.case_interview_app_somassistance_halfway_house_providers (id, somassistance_id, provider_id) FROM stdin;
\.


--
-- Data for Name: case_interview_app_somassistance_housing_allowance_provider; Type: TABLE DATA; Schema: public; Owner: tipnet
--

COPY public.case_interview_app_somassistance_housing_allowance_provider (id, somassistance_id, provider_id) FROM stdin;
\.


--
-- Data for Name: case_interview_app_somassistance_im_emmigration_assistance_5235; Type: TABLE DATA; Schema: public; Owner: tipnet
--

COPY public.case_interview_app_somassistance_im_emmigration_assistance_5235 (id, somassistance_id, provider_id) FROM stdin;
\.


--
-- Data for Name: case_interview_app_somassistance_legal_assistance_provider; Type: TABLE DATA; Schema: public; Owner: tipnet
--

COPY public.case_interview_app_somassistance_legal_assistance_provider (id, somassistance_id, provider_id) FROM stdin;
\.


--
-- Data for Name: case_interview_app_somassistance_med_rehab_provider; Type: TABLE DATA; Schema: public; Owner: tipnet
--

COPY public.case_interview_app_somassistance_med_rehab_provider (id, somassistance_id, provider_id) FROM stdin;
\.


--
-- Data for Name: case_interview_app_somassistance_medical_assistance_provider; Type: TABLE DATA; Schema: public; Owner: tipnet
--

COPY public.case_interview_app_somassistance_medical_assistance_provider (id, somassistance_id, provider_id) FROM stdin;
\.


--
-- Data for Name: case_interview_app_somassistance_micro_ent_income_provider; Type: TABLE DATA; Schema: public; Owner: tipnet
--

COPY public.case_interview_app_somassistance_micro_ent_income_provider (id, somassistance_id, provider_id) FROM stdin;
\.


--
-- Data for Name: case_interview_app_somassistance_other_community_assistancef9fa; Type: TABLE DATA; Schema: public; Owner: tipnet
--

COPY public.case_interview_app_somassistance_other_community_assistancef9fa (id, somassistance_id, provider_id) FROM stdin;
\.


--
-- Data for Name: case_interview_app_somassistance_shelter_provider; Type: TABLE DATA; Schema: public; Owner: tipnet
--

COPY public.case_interview_app_somassistance_shelter_provider (id, somassistance_id, provider_id) FROM stdin;
\.


--
-- Data for Name: case_interview_app_somassistance_social_assistance_provider; Type: TABLE DATA; Schema: public; Owner: tipnet
--

COPY public.case_interview_app_somassistance_social_assistance_provider (id, somassistance_id, provider_id) FROM stdin;
1	1	1
2	2	1
3	3	1
4	4	1
\.


--
-- Data for Name: case_interview_app_somassistance_vocational_training_provider; Type: TABLE DATA; Schema: public; Owner: tipnet
--

COPY public.case_interview_app_somassistance_vocational_training_provider (id, somassistance_id, provider_id) FROM stdin;
\.


--
-- Data for Name: case_interview_app_somcase; Type: TABLE DATA; Schema: public; Owner: tipnet
--

COPY public.case_interview_app_somcase (id, date_of_arrest, traffick_from_place, traffick_to_place, approval_comments, created_at, updated_at, approval_id, traffick_from_country_id, traffick_to_country_id) FROM stdin;
2	1999-03-03	UNKNOWN	UNKNOWN	\N	2024-03-29 02:20:19.455298+00	2024-03-29 02:20:19.455338+00	1	1	1
3	2024-01-01	abuju	gaborone	\N	2024-04-10 14:52:35.111949+00	2024-04-10 14:52:35.111969+00	1	1	2
4	2022-04-01	ankira	gaborone	\N	2024-04-10 18:39:15.868106+00	2024-04-10 18:39:15.868139+00	1	1	2
5	2024-03-04	astra	muncha	\N	2024-04-13 12:45:59.497885+00	2024-04-13 12:45:59.497908+00	1	1	3
1	2024-03-17	maloo	wsdd	\N	2024-03-17 18:10:22.812562+00	2024-04-14 01:59:22.980884+00	1	1	2
\.


--
-- Data for Name: case_interview_app_sommultivictimprofile; Type: TABLE DATA; Schema: public; Owner: tipnet
--

COPY public.case_interview_app_sommultivictimprofile (id, victim_identifier, victim_count, interview_location, interview_date, additional_remarks, consent_share_gov_patner, consent_limited_disclosure, consent_research, consent_abstain_answer, approval_comments, created_at, updated_at, approval_id, case_id, interview_country_id) FROM stdin;
\.


--
-- Data for Name: case_interview_app_sommultivictimprofile_countries_of_origin; Type: TABLE DATA; Schema: public; Owner: tipnet
--

COPY public.case_interview_app_sommultivictimprofile_countries_of_origin (id, sommultivictimprofile_id, country_id) FROM stdin;
\.


--
-- Data for Name: case_interview_app_somprosecution; Type: TABLE DATA; Schema: public; Owner: tipnet
--

COPY public.case_interview_app_somprosecution (id, court_case_no, guilty_verdict, review_appeal_outcome, years_imposed, approval_comments, created_at, updated_at, approval_id, aquital_reason_id, guilty_verdict_reason_id, interviewer_id, prosecution_outcome_id, sanction_penalty_id, status_of_case_id, trafficker_id, trial_court_id, trial_court_country_id, verdict_id, case_id) FROM stdin;
1	cs-056	\N		\N	\N	2024-04-14 15:27:46.428429+00	2024-04-14 15:27:46.42846+00	1	\N	\N	2	5	5	4	1	2	\N	\N	5
\.


--
-- Data for Name: case_interview_app_somsocioeconomic; Type: TABLE DATA; Schema: public; Owner: tipnet
--

COPY public.case_interview_app_somsocioeconomic (id, violence_prior, violence_type, approval_comments, created_at, updated_at, approval_id, education_level_id, family_structure_id, interviewer_id, living_with_id, victim_id, case_id) FROM stdin;
\.


--
-- Data for Name: case_interview_app_somsocioeconomic_last_occupation; Type: TABLE DATA; Schema: public; Owner: tipnet
--

COPY public.case_interview_app_somsocioeconomic_last_occupation (id, somsocioeconomic_id, occupation_id) FROM stdin;
\.


--
-- Data for Name: case_interview_app_somsuspectedtrafficker; Type: TABLE DATA; Schema: public; Owner: tipnet
--

COPY public.case_interview_app_somsuspectedtrafficker (id, first_name, last_name, dob, age, id_number, last_residence, address, approval_comments, created_at, updated_at, approval_id, citizenship_id, country_of_birth_id, gender_id, id_type_id, interviewer_id, nationality_id, race_id, date_of_arrest, case_id) FROM stdin;
1	Find	Waldo	1995-04-13	29	3456837	gaborone	nairobi	\N	2024-04-13 23:58:27.282912+00	2024-04-14 01:35:47.19426+00	1	2	2	1	1	2	2	2	2024-04-13	5
\.


--
-- Data for Name: case_interview_app_somsuspectedtrafficker_languages; Type: TABLE DATA; Schema: public; Owner: tipnet
--

COPY public.case_interview_app_somsuspectedtrafficker_languages (id, somsuspectedtrafficker_id, language_id) FROM stdin;
1	1	1
2	1	2
\.


--
-- Data for Name: case_interview_app_somsuspectedtrafficker_role_in_trafficking; Type: TABLE DATA; Schema: public; Owner: tipnet
--

COPY public.case_interview_app_somsuspectedtrafficker_role_in_trafficking (id, somsuspectedtrafficker_id, roleintrafficking_id) FROM stdin;
1	1	1
2	1	2
\.


--
-- Data for Name: case_interview_app_somtransitroutedestination; Type: TABLE DATA; Schema: public; Owner: tipnet
--

COPY public.case_interview_app_somtransitroutedestination (id, remarks, approval_comments, created_at, updated_at, approval_id, country_of_dest_id, country_of_origin_id, interviewer_id, country_of_interception_id, case_id) FROM stdin;
1	none	\N	2024-04-10 18:46:35.367796+00	2024-04-10 18:46:35.367816+00	1	2	1	2	1	4
2	none	\N	2024-04-10 18:46:43.565665+00	2024-04-10 18:46:43.565693+00	1	2	1	2	1	4
3	none	\N	2024-04-10 18:46:52.883455+00	2024-04-10 18:46:52.883478+00	1	2	1	2	1	4
5	none	\N	2024-04-10 18:47:11.823633+00	2024-04-10 18:47:11.823654+00	1	2	1	2	1	4
6	none	\N	2024-04-10 18:47:15.28177+00	2024-04-10 18:47:15.281796+00	1	2	1	2	1	4
7	none	\N	2024-04-10 18:47:37.019702+00	2024-04-10 18:47:37.019725+00	1	2	1	2	1	4
8	none	\N	2024-04-10 18:47:45.008803+00	2024-04-10 18:47:45.008829+00	1	2	1	2	1	4
4	none	\N	2024-04-10 18:47:07.209823+00	2024-04-10 21:13:46.622796+00	1	2	1	2	1	4
\.


--
-- Data for Name: case_interview_app_somtransitroutedestination_countries_of_1b85; Type: TABLE DATA; Schema: public; Owner: tipnet
--

COPY public.case_interview_app_somtransitroutedestination_countries_of_1b85 (id, somtransitroutedestination_id, country_id) FROM stdin;
\.


--
-- Data for Name: case_interview_app_somtransitroutedestination_transport_means; Type: TABLE DATA; Schema: public; Owner: tipnet
--

COPY public.case_interview_app_somtransitroutedestination_transport_means (id, somtransitroutedestination_id, transportmean_id) FROM stdin;
\.


--
-- Data for Name: case_interview_app_somvictimanswers; Type: TABLE DATA; Schema: public; Owner: tipnet
--

COPY public.case_interview_app_somvictimanswers (id, answer, question_id, victim_id) FROM stdin;
\.


--
-- Data for Name: case_interview_app_somvictimprofile; Type: TABLE DATA; Schema: public; Owner: tipnet
--

COPY public.case_interview_app_somvictimprofile (id, victim_identifier, place_of_birth, identification_number, initials, age, address, email_address, interview_location, interview_date, additional_remarks, consent_share_gov_patner, consent_limited_disclosure, consent_research, consent_abstain_answer, approval_comments, created_at, updated_at, approval_id, citizenship_id, "countryOfBirth_id", gender_id, interview_country_id, last_place_of_residence_id, race_id, case_id) FROM stdin;
1	BW-TP-1	gabz	3245332	Tre	21	bvffdg	gsg@gm.c	gabz	2024-03-17	wwrwrw	t	t	t	t	\N	2024-03-17 16:40:32.447954+00	2024-03-17 16:40:32.497371+00	1	2	2	2	2	2	2	\N
2	BW-TP-2	gabz	3245332	Tre	21	bvffdg	gsg@gm.c	gabz	2024-03-17	wwrwrw	t	t	t	t	\N	2024-03-17 16:40:39.556668+00	2024-03-17 16:40:39.593204+00	1	2	2	2	2	2	2	\N
3	BW-TP-3	gabz	3245332	Tre	21	bvffdg	gsg@gm.c	gabz	2024-03-17	wwrwrw	t	t	t	t	\N	2024-03-17 16:54:30.324651+00	2024-03-17 16:54:30.366574+00	1	2	2	2	2	2	2	\N
4	BW-TP-4	gaborone	9458392	bcd	23	wapi	bcd@gmail.com	ankira	2001-03-01	none	t	t	t	t	\N	2024-04-10 18:45:34.114564+00	2024-04-10 18:45:34.163436+00	1	2	2	1	1	3	2	4
\.


--
-- Data for Name: case_interview_app_somvictimprofile_identification_type; Type: TABLE DATA; Schema: public; Owner: tipnet
--

COPY public.case_interview_app_somvictimprofile_identification_type (id, somvictimprofile_id, idtype_id) FROM stdin;
1	1	2
2	2	2
3	3	2
4	4	2
\.


--
-- Data for Name: case_interview_app_somvictimprofile_languages; Type: TABLE DATA; Schema: public; Owner: tipnet
--

COPY public.case_interview_app_somvictimprofile_languages (id, somvictimprofile_id, language_id) FROM stdin;
1	1	1
2	2	1
3	3	1
4	4	1
\.


--
-- Data for Name: case_interview_app_suspectedtrafficker; Type: TABLE DATA; Schema: public; Owner: tipnet
--

COPY public.case_interview_app_suspectedtrafficker (id, first_name, last_name, dob, age, id_number, last_residence, address, date_of_arrest, traffick_from_place, traffick_to_place, citizenship_id, country_of_birth_id, gender_id, id_type_id, nationality_id, race_id, traffick_from_country_id, traffick_to_country_id, victim_id, approval_id, approval_comments, interviewer_id, created_at, updated_at) FROM stdin;
1	Pol	Tanouo	1978-05-13	45	332323	Nairobi	Nairobi	2023-11-15	daressalaam	Cape town	14	14	1	1	14	4	14	13	1	1	\N	1	2023-11-27 17:39:55.517768+00	2023-11-27 17:39:55.563048+00
2	SS	SS	0070-11-11	1953	77777	None	None	0001-11-11	None	None	16	16	1	1	16	4	12	12	2	1	\N	9	2023-11-27 17:39:55.517768+00	2023-11-27 17:39:55.563048+00
3	RT	RTRT Jr	1967-08-01	56	908137-7653	Angola	Road Runners Road	2023-11-21	NK	NK	1	1	2	1	1	2	1	1	2	1	\N	9	2023-11-27 17:39:55.517768+00	2023-11-27 17:39:55.563048+00
4	SUSPECT 1	SUSPECT 1	1984-11-22	38	8234085-2905894	N	ANYPLACE STREET	2023-11-12	NK	NK	1	1	2	1	1	4	1	1	15	1	\N	11	2023-11-27 17:39:55.517768+00	2023-11-27 17:39:55.563048+00
5	TTT	TTT	1977-11-24	46	87899520495	NK	NK	2023-11-24	NK	NK	1	1	2	1	1	2	1	1	22	1	\N	11	2023-11-27 17:39:55.517768+00	2023-11-27 17:39:55.563048+00
6	Suspect I	Suspect 1	1973-11-27	50	3949345-1	UNKNOWN	UNKNOWN	2021-05-27	UNKNOWN	UNKNOWN	5	9	2	1	1	2	1	1	27	1	\N	11	2023-11-27 17:39:55.517768+00	2023-11-27 17:39:55.563048+00
7	SuspectXYZ	ZYX	1954-05-03	69	TZ734898	UNKNOWN	UNKNOWN	2020-05-01	UNKNOWN	UNKNOWN	14	14	1	4	14	3	14	11	28	1	\N	11	2023-11-27 17:39:55.517768+00	2023-11-27 17:39:55.563048+00
8	A1 B1 	C1 D1	2023-11-05	0	3232443-3	UNKNOWN	UNKNOWN	2020-03-03	UNKNOWN	UNKNOWN	3	1	1	1	3	2	15	5	24	1	\N	11	2023-11-27 17:39:55.517768+00	2023-11-27 17:39:55.563048+00
9	AA Suspect	BB Suspect	1922-11-01	101	4324142\\322\\3	UNKNOWN	UNKNOWN	2021-03-27	UNKNOWN	UNKNOWN	14	14	1	1	14	5	14	14	13	1	\N	11	2023-11-27 17:39:55.517768+00	2023-11-27 17:39:55.563048+00
10	Trafficker X1	Trafficker X1	2000-12-04	23	5234555	UNKNOWN	UNKNOWN	2023-05-01	UNKNOWN	UNKNOWN	2	3	1	1	2	1	2	16	26	1	\N	15	2023-12-04 17:18:20.798752+00	2023-12-04 17:18:20.798778+00
11	RR Trafficker	RR Trafficker Last Name	2006-12-04	17	8923841894789	UNKNOWN	UNKNOWN	2023-12-04	URT	UNKNOWN	15	15	1	3	15	1	14	17	31	1	\N	15	2023-12-04 17:35:59.295608+00	2023-12-04 17:35:59.295638+00
12	SS	SS Surname	1965-12-03	58	UNKNOWN	UNKNOWN	UNKNOWN	2023-09-05	Gaborone	Kinshasa	23	23	1	5	23	1	2	4	38	1	\N	15	2023-12-04 22:11:45.36344+00	2023-12-04 22:11:45.36346+00
13	SUSPECT A	SUSPECT B	1970-08-05	53	8345193759	UNKNOWN	UNKNOWN	2023-12-05	City of Djibouti	Cape Town	18	18	1	5	18	1	23	13	39	1	\N	15	2023-12-04 22:33:51.391252+00	2023-12-04 22:33:51.39128+00
14	Rona 	Duck	2023-06-01	0	0	1	123	2023-10-01	Pta	Pta	2	3	2	5	3	2	16	1	42	1	\N	25	2023-12-05 10:26:28.671855+00	2023-12-05 10:26:28.671876+00
15	James	Phiri	2020-09-09	3	Unknown	Blantyre	unknown	2023-12-05	Blantyre	Blantyre	8	8	1	5	8	1	8	8	45	1	\N	22	2023-12-05 10:31:55.697264+00	2023-12-05 10:31:55.697288+00
16	GN	NJO	1978-10-31	45	200/555/02	5 Hartfield Pretoria South Africa	4 Eduardo Mondale Luanda	2023-09-25	Lusaka International Airport	OR Tambo Airport	1	1	2	3	1	2	15	13	66	1	\N	42	2023-12-05 10:44:12.621087+00	2023-12-05 10:44:12.621114+00
17	Gerhard 	Ackermann	1984-12-08	38	N.A.	N.A.	N.A.	2023-04-09	Johannesburg	Johannesburg	13	13	1	3	13	2	13	13	81	1	\N	34	2023-12-05 10:48:09.23575+00	2023-12-05 10:48:09.235771+00
18	REJOICE 	MUSEVENI	1975-09-05	48	Unknown	Kopong, Botswana	Kopong, Botswana	2023-11-30	Harare	Kopong	16	16	1	4	16	1	16	2	74	1	\N	26	2023-12-05 10:48:29.550658+00	2023-12-05 10:48:29.55068+00
19	Francisco Cardoso	Nhango	2020-07-15	3	XLZ	Maputo	Matola F, Rua rio Messalo	2022-04-06	Maputo	Malawi	10	10	1	1	10	1	10	10	88	1	\N	48	2023-12-05 12:25:37.337017+00	2023-12-05 12:25:37.33704+00
20	Ntha	kuku	2023-12-21	-1	45454353	huko	Maseru	2023-11-30	humhn	tytyy	11	13	1	2	6	2	13	1	57	1	\N	43	2023-12-05 12:43:11.865395+00	2023-12-05 12:43:11.865415+00
21	sess	Dodo	2023-11-27	0	89098765	QWEQWE	Maseru	2023-12-07	SDEDE	FVFV	3	7	2	4	10	3	3	13	57	1	\N	43	2023-12-05 12:45:51.537783+00	2023-12-05 12:45:51.537806+00
22	Xolani	Banda	1970-06-12	53	09364233412	Johannesburg	China Town	2023-10-10	Maseru Bridge	Johannesburg	18	18	1	3	18	4	6	13	80	1	\N	58	2023-12-05 12:51:49.900434+00	2023-12-05 12:51:49.900458+00
23	Xxxxx	Xxxxxx	1984-12-05	39	3333333333	Tttt	Mauritius 	2023-04-02	Gyyyy	Dddd	1	1	1	2	2	5	1	3	46	1	\N	33	2023-12-05 12:54:40.767473+00	2023-12-05 12:54:40.767493+00
24	Bambucha	Kumchaya	2014-06-01	9	unknown	unknown	unknown	2023-12-05	Dodoma	Dar es Salaam	14	14	1	1	14	1	14	14	82	1	\N	77	2023-12-05 12:54:43.964392+00	2023-12-05 12:54:43.964416+00
25	KAPASO 	PHIRI	1976-01-11	47	195257/71/1	MTENDERE COMPOUND	MTENDERE COMPOUND LUSAKA	2023-01-31	ZAMBIA	NDEKE  MEANWOOD	15	15	1	3	15	1	15	8	76	1	\N	47	2023-12-05 12:56:48.670353+00	2023-12-05 12:56:48.670373+00
26	Sola	Sizonke	1998-02-11	25	Unknown	Pretoria	Maputo	2023-10-19	Pretoria	Johannesburg 	10	10	1	3	10	1	13	13	44	1	\N	44	2023-12-05 12:58:27.644213+00	2023-12-05 12:58:27.644237+00
27	Joao	Nhamany	1980-06-05	43	NA	Lilongwe	Lilongwe	2022-03-16	Lilongwe	Pretoria	8	8	1	5	8	1	8	13	97	1	\N	73	2023-12-05 12:58:40.753776+00	2023-12-05 12:58:40.753801+00
28	PJ	JARIYO	2023-12-05	0	RC1/4444/09	Number 3 Airport Road Area Livingstone	Number 3 airport road area Livingstone	2023-11-06	09 Joseph Erasmus Street Khomasdal	House number 109 Ellen Brittel Livingstone	18	18	2	4	18	4	11	15	109	1	\N	42	2023-12-05 13:02:07.564381+00	2023-12-05 13:02:07.564399+00
29	RAMA ALLY	ALLY	1990-12-23	32	AB 414290	DODOMA	DODOMA	2023-12-02	DODOMA	Eritrea	14	14	1	4	14	1	14	22	112	1	\N	76	2023-12-05 13:06:41.624934+00	2023-12-05 13:06:41.624952+00
30	rm	s	1986-02-02	37	xxxxxxx	Mumbai	mumbai	2023-12-19	Djibouti city	zambia	18	18	1	1	18	5	23	15	107	1	\N	53	2023-12-05 13:13:17.603458+00	2023-12-05 13:13:17.603478+00
31	Jude	Ijagulu 	1999-01-01	24	N.A.	N.A.	N.A.	2023-04-05	Pretoria	Pretoria	18	18	1	4	18	1	13	13	116	1	\N	34	2023-12-05 13:21:39.47224+00	2023-12-05 13:21:39.472259+00
32	PHR	MPH	2000-09-02	23	123456789	NDOLA	29532	2023-12-05	EK	PRETORIA	15	15	2	4	23	4	23	13	114	1	\N	29	2023-12-05 13:34:33.094936+00	2023-12-05 13:34:33.09496+00
33	Moses	David	1971-09-17	52	197109173567	South Africa	134 geo street	2023-12-05	Kutu	Johannesburg	10	10	1	3	10	1	1	13	115	1	\N	97	2023-12-05 13:35:46.394442+00	2023-12-05 13:35:46.39446+00
34	PETER	Roberts	2023-12-05	0	560097	Mabatho	Dankopy	2023-12-05	Nbgig	Sav	7	6	1	2	6	5	6	4	56	1	\N	56	2023-12-05 14:08:09.84158+00	2023-12-05 14:08:09.8416+00
36	miano	basu	1997-02-14	27	20399393	hfdahjh	hsjfvsjbvhj	2024-03-03	fksdkv	knsvkjnjvk	2	2	2	2	2	2	2	1	166	1	\N	2	2024-03-03 21:25:05.380339+00	2024-03-03 21:25:05.380362+00
37	Abel	nauzi	1982-10-01	41	35676343	cgfsdfv	bcvdbgfd	2024-03-03	vdv	cbfggfgf	1	2	2	2	1	1	2	1	167	1	\N	2	2024-03-03 21:35:48.238617+00	2024-03-03 21:35:48.23864+00
38	ZZ	AA	1970-03-01	54	000000	UNKNOWN	UNKNOWN	2020-03-29	UNKNOWN	UNKNOWN	1	1	2	3	1	2	23	16	179	1	\N	15	2024-03-29 01:20:43.903478+00	2024-03-29 01:20:43.9035+00
39	SspctFN1	SspctLN1	1999-03-29	25	909099	UNKNOWN	UNKNOWN	2023-03-29	UNKNOWN	UNKNOWN	1	3	1	2	1	5	1	3	181	1	\N	15	2024-03-29 02:07:47.314004+00	2024-03-29 02:07:47.314023+00
49	B1	B2	2000-03-01	24	0909090	UNKNOWN	UNKNOWN	2000-03-29	UNKNOWN	UNKNOWN	2	2	2	3	1	4	23	16	182	1	\N	15	2024-03-29 09:38:34.464721+00	2024-03-29 09:38:34.464741+00
50	C2	C2	2001-03-29	23	090909	UNKNOWN	UNKNOWN	2000-03-29	UNKNOWN	UNKNOWN	3	23	1	1	3	2	23	16	182	1	\N	15	2024-03-29 09:48:28.704541+00	2024-03-29 09:48:28.704566+00
51	SuspectT1 FN	SuspectT1 LN	1999-03-30	25	SUSPECTT1-0101010	UNKNOWN	UNKNOWN	2020-03-30	Djibouti City	HARARE	16	18	2	1	16	3	23	16	183	1	\N	15	2024-03-30 05:30:53.144569+00	2024-03-30 05:30:53.144602+00
52	YY	YY	1985-02-05	39	000000	UNKNOWN	UNKNOWN	2024-04-02	UNKNOWN	UNKNOWN	4	4	2	1	4	1	4	16	185	1	\N	15	2024-04-02 15:08:51.138143+00	2024-04-02 15:08:51.138163+00
53	SUSPECT01	SUSPECT01	2000-04-03	24	999999	UNKNOWN	UNKNOWN	2018-11-03	UNKNOWN	MORONI	1	1	2	2	1	2	1	3	\N	1	\N	15	2024-04-03 08:16:43.904128+00	2024-04-03 08:16:43.904152+00
35	Malek	Abdi	2024-03-03	0	384748490	iquhdbd	wjjebfbf	2024-03-03	gaborone	Aska	3	3	2	2	3	3	2	3	165	1	\N	2	2024-03-03 21:16:51.025336+00	2024-04-13 01:29:02.618091+00
54	Milmo	Mwatu	1998-04-14	26	3356544	niambo	niambo	2024-04-12	gaborone	niambu	3	3	2	2	3	1	2	3	35	1	\N	2	2024-04-14 02:05:19.077138+00	2024-04-14 02:05:19.077161+00
\.


--
-- Data for Name: case_interview_app_suspectedtrafficker_languages; Type: TABLE DATA; Schema: public; Owner: tipnet
--

COPY public.case_interview_app_suspectedtrafficker_languages (id, suspectedtrafficker_id, language_id) FROM stdin;
1	1	3
2	2	2
3	3	2
4	4	2
5	5	1
6	6	1
7	7	2
8	7	3
9	8	2
10	9	1
11	10	1
12	11	1
13	12	2
14	12	1
15	13	2
16	14	1
17	15	5
18	16	3
19	16	1
20	17	1
21	18	5
22	19	3
23	20	1
24	21	5
25	22	5
26	22	3
27	23	1
28	24	4
29	25	5
30	26	1
31	27	1
32	27	5
33	28	5
34	29	4
35	30	5
36	31	5
37	32	1
38	33	3
39	34	1
40	35	2
41	35	1
42	36	2
43	36	1
44	37	1
45	38	6
46	39	1
47	39	2
48	49	4
49	50	4
50	51	5
51	51	2
52	51	6
53	52	6
54	53	2
55	54	2
\.


--
-- Data for Name: case_interview_app_suspectedtrafficker_role_in_trafficking; Type: TABLE DATA; Schema: public; Owner: tipnet
--

COPY public.case_interview_app_suspectedtrafficker_role_in_trafficking (id, suspectedtrafficker_id, roleintrafficking_id) FROM stdin;
1	1	5
2	2	3
3	2	4
4	3	5
5	3	2
6	4	4
7	4	1
8	4	3
9	5	4
10	5	2
11	5	5
12	6	4
13	6	1
14	6	5
15	7	6
16	7	1
17	8	5
18	8	2
19	9	3
20	9	5
21	10	6
22	11	3
23	12	3
24	13	3
25	14	2
26	15	7
27	16	4
28	17	6
29	18	5
30	18	7
31	18	6
32	19	5
33	20	1
34	21	4
35	22	5
36	22	7
37	22	6
38	23	5
39	24	6
40	25	5
41	26	5
42	26	7
43	27	5
44	27	7
45	27	2
46	28	7
47	29	5
48	30	4
49	31	6
50	32	7
51	33	5
52	34	7
53	35	2
54	35	3
55	36	1
56	37	1
57	37	2
58	38	5
59	38	2
60	39	3
61	49	5
62	50	1
63	51	4
64	51	2
65	52	4
66	52	1
67	52	7
68	53	2
69	54	2
\.


--
-- Data for Name: case_interview_app_tag; Type: TABLE DATA; Schema: public; Owner: tipnet
--

COPY public.case_interview_app_tag (id, name, name_en, name_fr, name_pt) FROM stdin;
1	Page	Page	\N	\N
2	Help	Help	\N	\N
3	Record	Record	\N	\N
\.


--
-- Data for Name: case_interview_app_traffickerorg; Type: TABLE DATA; Schema: public; Owner: tipnet
--

COPY public.case_interview_app_traffickerorg (id, name, name_en, name_fr, name_pt) FROM stdin;
1	Association of traffickers	Association of traffickers	association de trafiquants	Associao de traficantes
2	Business type organized crime	Business type organized crime	crime organis de type commercial	Crime organizado de tipo empresaria
3	Family	Family	Famille	Famlia
4	Friends	Friends	Amis	Amigos
5	Individual trafficker	Individual trafficker	trafiquant individuel	Traficante individual
6	NA	NA	NA	NA
7	NK	NK	NSP	NS
\.


--
-- Data for Name: case_interview_app_traffickingmean; Type: TABLE DATA; Schema: public; Owner: tipnet
--

COPY public.case_interview_app_traffickingmean (id, name, name_en, name_fr, name_pt) FROM stdin;
1	Use of threat	Use of threat	recours  la menace	Uso de ameaa
2	Use of force	Use of force	recours  la force	Uso da fora
3	Abduction	Abduction	enlvement	Rapto
4	Fraud	Fraud	fraude	Defraudamento
5	Deception	Deception	tromperie	Engano
6	Coercion	Coercion	contrainte	Coero
7	Abuse of position of vulnerability	Abuse of position of vulnerability	abus de position de vulnrabilit	Abuso de posio de vulnerabilidade
8	Abuse of power	Abuse of power	abus de pouvoir	Abuso de poder
9	Payments	Payments	paiements	Pagamentos
10	Debts	Debts	dettes	Dvidas
11	Other	Other	Autres	Outros
12	NA	NA	NA	NA
13	NK	NK	NSP	NS
\.


--
-- Data for Name: case_interview_app_transitroutedestination; Type: TABLE DATA; Schema: public; Owner: tipnet
--

COPY public.case_interview_app_transitroutedestination (id, city_village_of_origin, remarks, country_of_dest_id, country_of_origin_id, victim_id, approval_id, approval_comments, city_village_of_dest, interviewer_id, created_at, updated_at) FROM stdin;
1			10	12	3	1	\N	Matiopei	\N	2023-11-27 17:39:55.607335+00	2023-11-27 17:39:55.656922+00
2			10	12	3	1	\N	Matiopei	\N	2023-11-27 17:39:55.607335+00	2023-11-27 17:39:55.656922+00
3			10	12	3	1	\N	Matiopei	\N	2023-11-27 17:39:55.607335+00	2023-11-27 17:39:55.656922+00
4			10	12	3	1	\N	Matiopei	\N	2023-11-27 17:39:55.607335+00	2023-11-27 17:39:55.656922+00
5			10	12	3	1	\N	Matiopei	\N	2023-11-27 17:39:55.607335+00	2023-11-27 17:39:55.656922+00
6			10	12	3	1	\N	Matiopei	\N	2023-11-27 17:39:55.607335+00	2023-11-27 17:39:55.656922+00
7			14	14	3	1	\N		\N	2023-11-27 17:39:55.607335+00	2023-11-27 17:39:55.656922+00
8			14	14	3	1	\N		\N	2023-11-27 17:39:55.607335+00	2023-11-27 17:39:55.656922+00
9			14	14	3	1	\N		\N	2023-11-27 17:39:55.607335+00	2023-11-27 17:39:55.656922+00
10			14	14	3	1	\N		\N	2023-11-27 17:39:55.607335+00	2023-11-27 17:39:55.656922+00
11			14	14	3	1	\N		\N	2023-11-27 17:39:55.607335+00	2023-11-27 17:39:55.656922+00
12			14	14	3	1	\N		\N	2023-11-27 17:39:55.607335+00	2023-11-27 17:39:55.656922+00
13			14	14	3	1	\N		\N	2023-11-27 17:39:55.607335+00	2023-11-27 17:39:55.656922+00
14	N/A	N/A	13	12	2	1	\N	N/A	\N	2023-11-27 17:39:55.607335+00	2023-11-27 17:39:55.656922+00
15	Unknown	Victim was part of a large group of trafficked men and women numbering 77	3	1	8	1	\N	Unknown	9	2023-11-27 17:39:55.607335+00	2023-11-27 17:39:55.656922+00
16	Unknown	No Remarks.	14	4	9	1	\N	Unknown	9	2023-11-27 17:39:55.607335+00	2023-11-27 17:39:55.656922+00
17	Not Known	None	4	8	10	1	\N	Kinshasa	9	2023-11-27 17:39:55.607335+00	2023-11-27 17:39:55.656922+00
18	NK	Not Known	3	3	12	1	\N	NK	10	2023-11-27 17:39:55.607335+00	2023-11-27 17:39:55.656922+00
19	NK	NK	3	5	13	1	\N	NK	11	2023-11-27 17:39:55.607335+00	2023-11-27 17:39:55.656922+00
20	NK	None	5	3	13	1	\N	NK	11	2023-11-27 17:39:55.607335+00	2023-11-27 17:39:55.656922+00
21	Nk	NK	6	8	23	1	\N	NK	12	2023-11-27 17:39:55.607335+00	2023-11-27 17:39:55.656922+00
22	NK	NK	7	8	24	1	\N	NK	11	2023-11-27 17:39:55.607335+00	2023-11-27 17:39:55.656922+00
23	None		16	13	25	1	\N	Unknown	16	2023-11-27 17:39:55.607335+00	2023-11-27 17:39:55.656922+00
24	UNKNOWN	NONE	3	4	30	1	\N	UNKNOWN	17	2023-11-28 10:15:52.601506+00	2023-11-28 10:15:52.601526+00
25	UNKNOWN	NONE	4	15	32	1	\N	UNKNOWN	15	2023-12-03 23:39:00.444561+00	2023-12-03 23:39:00.444584+00
26	UNKNOWN	None	9	10	33	1	\N	UNKNOWN	15	2023-12-04 11:08:44.790529+00	2023-12-04 11:08:44.790549+00
28			\N	\N	26	1	\N		15	2023-12-04 17:12:27.371501+00	2023-12-04 17:12:27.371524+00
29	UNKNOWN		\N	15	26	1	\N		15	2023-12-04 17:32:22.015071+00	2023-12-04 17:32:22.015102+00
30	NK	None	12	8	41	1	\N	NK	15	2023-12-05 08:57:35.734147+00	2023-12-05 08:57:35.734169+00
31	Oshikango		11	11	48	1	\N	Windhoek	32	2023-12-05 10:31:26.426963+00	2023-12-05 10:31:26.426984+00
32	UNKNOWN	NONE	13	6	47	1	\N	Durban	19	2023-12-05 10:32:46.929162+00	2023-12-05 10:32:46.92921+00
33			13	7	58	1	\N		36	2023-12-05 10:33:04.404295+00	2023-12-05 10:33:04.404315+00
34	Ree		2	1	46	1	\N	Tre	33	2023-12-05 10:33:34.667501+00	2023-12-05 10:33:34.667528+00
35	Qoaling		14	8	57	1	\N	Zanzibar	43	2023-12-05 10:33:42.235493+00	2023-12-05 10:33:42.235519+00
36	Djibouti City		23	23	53	1	\N	Djibouti city 	53	2023-12-05 10:33:52.59326+00	2023-12-05 10:33:52.593282+00
37	Antalaha		7	7	54	1	\N	Anosy	30	2023-12-05 10:33:57.154322+00	2023-12-05 10:33:57.154348+00
38	dhigo village	VoT transported without travel documents	16	23	49	1	\N	Kazum	55	2023-12-05 10:36:22.874524+00	2023-12-05 10:36:22.874549+00
39	unknown	N/A	13	8	55	1	\N	unknown	63	2023-12-05 10:36:30.404208+00	2023-12-05 10:36:30.40423+00
40	Unknown	No additional remarks	6	3	44	1	\N	Unknown	44	2023-12-05 10:36:30.477444+00	2023-12-05 10:36:30.477464+00
41	unknown	No additional remarks	13	23	43	1	\N	unknown	17	2023-12-05 10:36:32.081914+00	2023-12-05 10:36:32.081934+00
42	unknown	NIL	12	22	52	1	\N	unknown	52	2023-12-05 10:36:32.599285+00	2023-12-05 10:36:32.599306+00
43	Mphonho 	Car bus boat all used	5	18	56	1	\N	Lazin	56	2023-12-05 10:36:37.159295+00	2023-12-05 10:36:37.159316+00
44			7	9	60	1	\N	Antananarivo	60	2023-12-05 10:37:38.56838+00	2023-12-05 10:37:38.568409+00
45			12	9	68	1	\N		64	2023-12-05 10:37:59.283296+00	2023-12-05 10:37:59.283322+00
46			7	12	62	1	\N	Antananarive	54	2023-12-05 10:39:01.817509+00	2023-12-05 10:39:01.81753+00
47	kampsala	non	6	9	51	1	\N	zheke	28	2023-12-05 10:40:40.411896+00	2023-12-05 10:40:40.411915+00
48	Kasungu		8	8	73	1	\N	Kasungu	22	2023-12-05 10:40:50.802586+00	2023-12-05 10:40:50.80261+00
49	Mozambique		8	10	72	1	\N	Africa do sul	73	2023-12-05 10:40:52.118942+00	2023-12-05 10:40:52.118968+00
50	Kang	None	23	21	65	1	\N	Lecha	31	2023-12-05 10:41:51.345136+00	2023-12-05 10:41:51.345162+00
51	village	no	9	7	71	1	\N	Chine	41	2023-12-05 10:43:06.27762+00	2023-12-05 10:43:06.277645+00
52			\N	\N	49	1	\N		55	2023-12-05 10:44:16.182959+00	2023-12-05 10:44:16.182988+00
53	City 		18	1	64	1	\N	Village 	45	2023-12-05 10:44:26.920657+00	2023-12-05 10:44:26.920677+00
54	Tutu		23	10	78	1	\N		18	2023-12-05 10:46:24.807563+00	2023-12-05 10:46:24.807584+00
55	Motimposo	None	13	6	80	1	\N	Johannesburg	58	2023-12-05 10:49:02.91751+00	2023-12-05 10:49:02.917536+00
56	Motimposo	None	13	6	59	1	\N	Johannesburg	58	2023-12-05 10:51:07.965542+00	2023-12-05 10:51:07.965563+00
57	Mandela	Victim is a minor	5	21	75	1	\N	Nigeria	29	2023-12-05 10:54:35.601187+00	2023-12-05 10:54:35.601228+00
58	Kongwa	Positive cooperation for the victim	14	14	77	1	\N	Dar es salaam	69	2023-12-05 10:58:20.333725+00	2023-12-05 10:58:20.333745+00
59	Zomba		2	1	61	1	\N	Lilongwe	21	2023-12-05 11:12:56.686591+00	2023-12-05 11:12:56.686612+00
60	Dar es Salaam		13	14	82	1	\N	Unknown	77	2023-12-05 12:11:50.118718+00	2023-12-05 12:11:50.118738+00
61			\N	\N	57	1	\N		43	2023-12-05 12:17:35.446367+00	2023-12-05 12:17:35.446392+00
62	Motimposo	None	13	6	80	1	\N	Johannesburg	58	2023-12-05 12:18:08.096819+00	2023-12-05 12:18:08.096844+00
63	unkown	NA	10	8	83	1	\N	unknown	86	2023-12-05 12:20:28.443268+00	2023-12-05 12:20:28.443289+00
64	Makanjira		8	8	85	1	\N	Lilongwe	71	2023-12-05 12:23:58.476811+00	2023-12-05 12:23:58.476836+00
65	Bulawayo		16	16	79	1	\N	Bulawayo	59	2023-12-05 12:26:54.102599+00	2023-12-05 12:26:54.102619+00
66	johannesburg		9	13	87	1	\N	port louis	30	2023-12-05 12:26:56.553922+00	2023-12-05 12:26:56.553946+00
67	Unknown	Nk	13	13	89	1	\N	Unknown	44	2023-12-05 12:28:41.268135+00	2023-12-05 12:28:41.268162+00
68	Ha foso	The victim was being taken to South Africa, Johannesburg by car thereafter was going to travel by air to the destination country. She had her passport with her and the rest of her belongings were with the recruiter.	9	6	70	1	\N	Mauritius	58	2023-12-05 12:29:36.050796+00	2023-12-05 12:29:36.050818+00
69	Mphonho 	Walked after being smuggled then flew 	5	20	56	1	\N	Mpenha	56	2023-12-05 12:34:03.202472+00	2023-12-05 12:34:03.202494+00
70	Pretoria 		13	13	93	1	\N	Sandton	24	2023-12-05 12:34:32.235926+00	2023-12-05 12:34:32.235945+00
71	village	she was transported by car	9	9	92	1	\N	village	85	2023-12-05 12:35:51.448413+00	2023-12-05 12:35:51.448441+00
72			\N	\N	84	1	\N		77	2023-12-05 12:35:52.253176+00	2023-12-05 12:35:52.253201+00
73	community	victim was constantly under threat and made to work long hours	13	15	95	1	\N	city	90	2023-12-05 12:37:53.409578+00	2023-12-05 12:37:53.409604+00
74	Village		7	3	94	1	\N	Antananarivo	88	2023-12-05 12:38:13.216756+00	2023-12-05 12:38:13.216782+00
75	Village		23	18	91	1	\N	viilage	51	2023-12-05 12:39:22.629248+00	2023-12-05 12:39:22.629269+00
76	Village		7	3	94	1	\N	Antananarivo	88	2023-12-05 12:39:39.200361+00	2023-12-05 12:39:39.20038+00
77	Ampanefena Vohmar		7	7	86	1	\N	Antananarivo	60	2023-12-05 12:39:52.880047+00	2023-12-05 12:39:52.880076+00
78			\N	\N	96	1	\N		61	2023-12-05 12:41:18.609369+00	2023-12-05 12:41:18.609391+00
79	Malawi		13	10	97	1	\N	Africa do sul	73	2023-12-05 12:43:54.916437+00	2023-12-05 12:43:54.916458+00
80	Village		7	3	94	1	\N	Antananarivo	88	2023-12-05 12:44:56.0043+00	2023-12-05 12:44:56.004326+00
81	village		9	9	92	1	\N	village	85	2023-12-05 12:46:32.406651+00	2023-12-05 12:46:32.406672+00
82	Manp		6	23	100	1	\N	Mpenha	56	2023-12-05 12:46:34.874083+00	2023-12-05 12:46:34.874103+00
83			\N	\N	46	1	\N		33	2023-12-05 12:48:10.890685+00	2023-12-05 12:48:10.890708+00
84	village		1	4	101	1	\N	city	62	2023-12-05 12:48:12.032688+00	2023-12-05 12:48:12.032708+00
85	village		9	9	92	1	\N	village	85	2023-12-05 12:48:34.561236+00	2023-12-05 12:48:34.561262+00
86			3	17	102	1	\N		68	2023-12-05 12:49:26.157208+00	2023-12-05 12:49:26.157235+00
87			\N	\N	92	1	\N		85	2023-12-05 12:51:45.356335+00	2023-12-05 12:51:45.356355+00
88	TANA		3	7	106	1	\N	MAYOTTE 	68	2023-12-05 12:56:13.664671+00	2023-12-05 12:56:13.664692+00
89	Village	Victim was promised a better job office work which did not take place	5	6	105	1	\N	Village	61	2023-12-05 12:56:41.243453+00	2023-12-05 12:56:41.243481+00
90	Nairobi		15	17	107	1	\N	Zambia	53	2023-12-05 12:58:39.37506+00	2023-12-05 12:58:39.375087+00
91	city		13	16	103	1	\N	city	70	2023-12-05 12:58:57.000043+00	2023-12-05 12:58:57.000071+00
92	LUSAKA	SUBJECT WAS PROMISED EMPLOYMENT AS A DOMESTIC WORKER	16	15	75	1	\N	HARARE	29	2023-12-05 12:59:11.20283+00	2023-12-05 12:59:11.202858+00
93	city		2	10	108	1	\N	city	74	2023-12-05 13:01:15.056497+00	2023-12-05 13:01:15.056521+00
94	Kisim village	Not safe	13	17	111	1	\N	Mozambique 	56	2023-12-05 13:01:55.157947+00	2023-12-05 13:01:55.157972+00
95	Kafue	Non	13	15	110	1	\N	Joburg	93	2023-12-05 13:02:24.17204+00	2023-12-05 13:02:24.172059+00
96		They used a truck to transport victims 	10	7	78	1	\N	tutu	18	2023-12-05 13:04:40.137725+00	2023-12-05 13:04:40.137745+00
97	famille d'accueil		23	3	113	1	\N	Djibouti	88	2023-12-05 13:04:51.529646+00	2023-12-05 13:04:51.529665+00
98	Oshikati	n/a	11	11	48	1	\N	Oshikango	32	2023-12-05 13:07:50.484818+00	2023-12-05 13:07:50.484851+00
99			\N	\N	114	1	\N		29	2023-12-05 13:10:17.578288+00	2023-12-05 13:10:17.578309+00
100	village	Nil	13	1	115	1	\N	Johannesburg City	97	2023-12-05 13:11:53.509307+00	2023-12-05 13:11:53.509329+00
101	LUSAKA	SUBJECT IS A MINOR	13	8	114	1	\N	HARARE	29	2023-12-05 13:13:45.834339+00	2023-12-05 13:13:45.83436+00
102	Asmarah	The victim does not remember some of the events	13	22	98	1	\N	Johannesburg	89	2023-12-05 13:14:25.998856+00	2023-12-05 13:14:25.998883+00
103	Kafue	non	13	15	110	1	\N	Joburg	93	2023-12-05 13:17:58.259006+00	2023-12-05 13:17:58.259027+00
104	village		5	14	117	1	\N	city	90	2023-12-05 13:21:39.545788+00	2023-12-05 13:21:39.545807+00
105	MORONI		3	3	119	1	\N	MORONI	68	2023-12-05 13:23:15.504328+00	2023-12-05 13:23:15.504348+00
106	OUROVENI		17	3	119	1	\N	NAIROBI	68	2023-12-05 13:27:12.146354+00	2023-12-05 13:27:12.146377+00
107	TANA		3	3	122	1	\N	MORONI	68	2023-12-05 13:32:37.346732+00	2023-12-05 13:32:37.346752+00
108	Muheza	The victim deserve assistance 	3	14	120	1	\N	anjwani	95	2023-12-05 13:36:36.942799+00	2023-12-05 13:36:36.942825+00
109	Soweto Suburb		11	13	121	1	\N	Hakahana location	81	2023-12-05 13:40:06.070141+00	2023-12-05 13:40:06.070162+00
110	nmhhhhhh	mhff	13	4	124	1	\N	bvgg	98	2023-12-05 13:42:15.929411+00	2023-12-05 13:42:15.929434+00
111			\N	\N	117	1	\N		90	2023-12-05 14:01:07.380095+00	2023-12-05 14:01:07.380122+00
112			\N	\N	92	1	\N		85	2023-12-05 14:01:09.98859+00	2023-12-05 14:01:09.988612+00
113			\N	\N	46	1	\N		33	2023-12-05 14:22:37.009623+00	2023-12-05 14:22:37.009646+00
114			\N	\N	86	1	\N		60	2023-12-05 14:23:47.350711+00	2023-12-05 14:23:47.350736+00
115	MORONI		9	3	127	1	\N	MAURITUS	68	2023-12-05 14:50:22.0498+00	2023-12-05 14:50:22.049828+00
116			\N	\N	101	1	\N		62	2023-12-05 14:52:14.074807+00	2023-12-05 14:52:14.074834+00
117			\N	\N	123	1	\N		98	2023-12-05 14:58:41.882948+00	2023-12-05 14:58:41.882975+00
118			\N	\N	124	1	\N		98	2023-12-05 15:10:04.942374+00	2023-12-05 15:10:04.942406+00
119	OUROVENI		9	3	128	1	\N	MAYOTTE 	68	2023-12-07 07:25:35.233673+00	2023-12-07 07:25:35.2337+00
120			\N	\N	129	1	\N		15	2024-01-17 10:59:00.008859+00	2024-01-17 10:59:00.008885+00
27	UNKNOWN	UNKNOWN	16	16	34	2	\N	UNKNOWN	15	2023-12-04 13:20:01.56023+00	2024-01-22 17:41:06.84097+00
122	NA		1	3	\N	1	\N	NA	15	2024-03-06 09:06:10.503634+00	2024-03-06 09:06:10.503666+00
123	NA		1	3	\N	1	\N	NA	15	2024-03-06 09:06:12.49914+00	2024-03-06 09:06:12.499168+00
124			2	1	177	1	\N		15	2024-03-28 21:34:59.218784+00	2024-03-28 21:34:59.21881+00
125			2	1	177	1	\N		15	2024-03-28 21:35:07.181184+00	2024-03-28 21:35:07.181212+00
126		None	2	1	177	1	\N		15	2024-03-28 21:35:17.818505+00	2024-03-28 21:35:17.818528+00
127		None	2	1	177	1	\N		15	2024-03-28 21:35:25.060704+00	2024-03-28 21:35:25.060731+00
128	UNKNOWN 	None	2	1	177	1	\N	UNKNOWN 	15	2024-03-28 21:35:51.10087+00	2024-03-28 21:35:51.100898+00
129	UNKNOWN 	None	2	1	177	1	\N	UNKNOWN 	15	2024-03-28 21:35:52.915806+00	2024-03-28 21:35:52.915832+00
130	UNKNOWN 	None	2	1	177	1	\N	UNKNOWN 	15	2024-03-28 21:35:58.592452+00	2024-03-28 21:35:58.592477+00
131	UNKNOWN 	None	2	1	177	1	\N	UNKNOWN 	15	2024-03-28 21:35:59.775414+00	2024-03-28 21:35:59.775441+00
132	UNKNOWN 	None	2	1	177	1	\N	UNKNOWN 	15	2024-03-28 21:36:05.887401+00	2024-03-28 21:36:05.887427+00
133			19	23	178	1	\N		15	2024-03-29 00:56:21.838772+00	2024-03-29 00:56:21.838792+00
121	asbh	N/a	3	2	164	1	\N	hchjbc	2	2024-03-03 19:23:56.014737+00	2024-04-10 14:13:03.834049+00
\.


--
-- Data for Name: case_interview_app_transitroutedestination_transport_means; Type: TABLE DATA; Schema: public; Owner: tipnet
--

COPY public.case_interview_app_transitroutedestination_transport_means (id, transitroutedestination_id, transportmean_id) FROM stdin;
5	13	14
6	14	14
7	14	18
8	15	16
9	16	14
10	16	15
11	17	15
12	17	20
13	17	14
14	18	14
15	19	17
16	19	16
17	20	14
18	20	19
19	21	18
20	22	18
21	23	20
22	23	15
23	24	20
24	24	14
25	25	14
26	26	17
27	27	18
28	30	14
29	31	15
30	32	16
31	34	18
32	35	15
33	36	19
34	37	16
35	38	15
36	39	15
37	40	16
38	41	18
39	41	19
40	41	15
41	41	20
42	42	18
43	42	19
44	42	15
45	42	20
46	43	18
47	44	17
48	45	16
49	46	17
50	47	16
51	48	15
52	49	15
53	50	17
54	51	17
55	53	17
56	54	20
57	55	16
58	56	16
59	57	20
60	58	15
61	59	16
62	60	16
63	62	16
64	63	16
65	64	15
66	65	15
67	66	17
68	67	16
69	68	16
70	68	17
71	69	20
72	70	16
73	71	20
74	73	15
75	74	14
76	75	20
77	76	14
78	77	16
79	79	15
80	80	14
81	81	20
82	82	15
83	84	16
84	85	16
85	88	14
86	89	16
87	91	15
88	92	15
89	93	16
90	95	17
91	96	20
92	97	17
93	98	15
94	100	15
95	101	15
96	101	14
97	102	15
98	102	14
99	102	16
100	103	17
101	104	19
102	105	20
103	106	17
104	107	14
105	109	15
106	110	17
107	115	17
108	119	16
109	133	15
110	133	20
113	121	14
118	121	15
\.


--
-- Data for Name: case_interview_app_transportmean; Type: TABLE DATA; Schema: public; Owner: tipnet
--

COPY public.case_interview_app_transportmean (id, name, name_en, name_fr, name_pt) FROM stdin;
14	Boat	Boat	Bateau	Barco
15	Bus	Bus	bus	Autocarro
16	Car	Car	voiture	Carro
17	Air	Air	avion	Ar
18	Foot	Foot	pieds	A p
19	Train	Train	train	Comboio
20	Other	Other	Autre	Outro
\.


--
-- Data for Name: case_interview_app_trialcourt; Type: TABLE DATA; Schema: public; Owner: tipnet
--

COPY public.case_interview_app_trialcourt (id, name, name_en, name_fr, name_pt) FROM stdin;
1	Foreign court	Foreign court	Tribunal tranger	Tribunal estrangeiro
2	High court	High court	Haute Cour	Tribunal superior
3	Magistrate court	Magistrate court	Tribunal de premire instance	Supremo tribunal
5	Other lower court	Other lower court	Autre tribunal infrieur	Outros tribunais inferiores
4	Supreme court	Supreme court	Cour suprme	Supremo tribunal
\.


--
-- Data for Name: case_interview_app_verdict; Type: TABLE DATA; Schema: public; Owner: tipnet
--

COPY public.case_interview_app_verdict (id, name, name_en, name_fr, name_pt) FROM stdin;
1	Discharged at the close of State's case	Discharged at the close of State's case	Libr  la clture du procs de l'tat	Exonerado no final do processo
2	Guilty	Guilty	coupable	Culpado
3	Not guilty	Not guilty	non coupable	No culpado
\.


--
-- Data for Name: case_interview_app_victimpermissions; Type: TABLE DATA; Schema: public; Owner: tipnet
--

COPY public.case_interview_app_victimpermissions (id, interviewer_id, victim_id, created_at, updated_at) FROM stdin;
\.


--
-- Data for Name: case_interview_app_victimpermissions_permissions_granted; Type: TABLE DATA; Schema: public; Owner: tipnet
--

COPY public.case_interview_app_victimpermissions_permissions_granted (id, victimpermissions_id, accesspermission_id) FROM stdin;
\.


--
-- Data for Name: case_interview_app_victimpermissions_permissions_requested; Type: TABLE DATA; Schema: public; Owner: tipnet
--

COPY public.case_interview_app_victimpermissions_permissions_requested (id, victimpermissions_id, accesspermission_id) FROM stdin;
\.


--
-- Data for Name: case_interview_app_victimprofile; Type: TABLE DATA; Schema: public; Owner: tipnet
--

COPY public.case_interview_app_victimprofile (id, place_of_birth, identification_number, initials, age, address, email_address, interview_location, interview_date, additional_remarks, citizenship_id, "countryOfBirth_id", gender_id, last_place_of_residence_id, race_id, approval_id, approval_comments, victim_identifier, consent_abstain_answer, consent_limited_disclosure, consent_research, consent_share_gov_patner, created_at, updated_at, interview_country_id) FROM stdin;
1	jndsjk	332323	kym0	23	Nairobi	jrarui@strathmore.edu	fytueiwo	2023-11-14		13	12	2	13	1	1	\N	\N	\N	\N	\N	\N	2023-11-27 17:39:55.911752+00	2023-11-27 17:39:55.957377+00	\N
2	JOBERG	00000	NN	99	P>O> Box	nn@nn.com	Tanzania	2023-11-14	No additional remarks	13	12	1	13	2	1	\N	\N	\N	\N	\N	\N	2023-11-27 17:39:55.911752+00	2023-11-27 17:39:55.957377+00	\N
3	Cape town	392983746	JTL	30	Cape town	jtl@mimail.con	Mipweto	2023-11-13		13	13	2	10	2	1	\N	\N	\N	\N	\N	\N	2023-11-27 17:39:55.911752+00	2023-11-27 17:39:55.957377+00	\N
4	Gabarone	99999999	Victim A	25	No Known Address	victima@victims.org	Gabarone	2023-11-17	No remarks of note	1	2	2	1	3	1	\N	\N	\N	\N	\N	\N	2023-11-27 17:39:55.911752+00	2023-11-27 17:39:55.957377+00	\N
5	Lilongwe	2121212	AA	55	Unknown Address	AA@aa.org	Here	2023-11-19	No Additional Rewards	16	16	2	16	4	1	\N	\N	\N	\N	\N	\N	2023-11-27 17:39:55.911752+00	2023-11-27 17:39:55.957377+00	\N
6	Bulawayo	458-90-0909	ZZ	55	No Name Street	zz@anywhere.com	Harare	2023-11-20	No Remarks	2	16	2	16	5	1	\N	\N	\N	\N	\N	\N	2023-11-27 17:39:55.911752+00	2023-11-27 17:39:55.957377+00	\N
7	Unknown	00000011-22	LK	77	Unknown	LKaddress@lk.org	Unknown	2023-11-19	None	11	16	1	16	1	1	\N	\N	\N	\N	\N	\N	2023-11-27 17:39:55.911752+00	2023-11-27 17:39:55.957377+00	\N
8	Maputo	3487459-2784	QQ	99	Not Known	QQ@QQ.com	Maputo	2023-11-19	The Victim was part of a large group of women and men numbering 43	5	10	1	10	2	1	\N	\N	\N	\N	\N	\N	2023-11-27 17:39:55.911752+00	2023-11-27 17:39:55.957377+00	\N
9	Unknown	09090965-99	PDQ-1	87	UNKNOWN	pdq1@pdq1.int	Lilongwe	2023-11-20	No remarks at the moment	12	4	1	12	4	1	\N	\N	\N	\N	\N	\N	2023-11-27 17:39:55.911752+00	2023-11-27 17:39:55.957377+00	\N
10	South Africa	342134-9976	VV-V	43	NOT KNOWN	VV@VV-GROUP.INT	Harare	2023-11-19	None at the moment	13	13	2	2	5	1	\N	\N	\N	\N	\N	\N	2023-11-27 17:39:55.911752+00	2023-11-27 17:39:55.957377+00	\N
11	Luanda	909090-09899	April May	33	No Address	AprilMay@mail.int	Lilongwe	2023-11-19	None	1	1	2	1	3	1	\N	\N	\N	\N	\N	\N	2023-11-27 17:39:55.911752+00	2023-11-27 17:39:55.957377+00	\N
12	Kingdom of Lesotho	L092384912	CVCV	45	NK	cvcv@cv.org	NK	2023-11-22	Not Known	6	6	2	6	2	1	\N	\N	\N	\N	\N	\N	2023-11-27 17:39:55.911752+00	2023-11-27 17:39:55.957377+00	\N
13	Maputo	238-0993	PPTP	43	Maputo	Victim@address.com	Maputo	2023-11-22		10	10	2	1	1	1	\N	\N	\N	\N	\N	\N	2023-11-27 17:39:55.911752+00	2023-11-27 17:39:55.957377+00	\N
14	Lusaka	4234-098	WWW	65	NK	www@w1.org	NK	2023-11-22		15	1	2	1	3	1	\N	\N	\N	\N	\N	\N	2023-11-27 17:39:55.911752+00	2023-11-27 17:39:55.957377+00	\N
15	GG PLACE	1423-E709	GGG	45	GG STREET	GG@GG.INT	HERE	2023-11-22		11	1	2	1	2	1	\N	\N	\N	\N	\N	\N	2023-11-27 17:39:55.911752+00	2023-11-27 17:39:55.957377+00	\N
16	Luanda	9779871q	FJK	66	NK	as;ldfjas@anywhere.com	Luanda	2023-11-24	None	1	1	1	1	3	1	\N	\N	t	t	t	t	2023-11-27 17:39:55.911752+00	2023-11-27 17:39:55.957377+00	\N
17	Luanda	9779871q	FJK	66	NK	as;ldfjas@anywhere.com	Luanda	2023-11-24	None	1	1	1	1	3	1	\N	\N	t	t	t	t	2023-11-27 17:39:55.911752+00	2023-11-27 17:39:55.957377+00	\N
18	Luanda	9779871q	FJK	66	NK	as;ldfjas@anywhere.com	Luanda	2023-11-24	None	1	1	1	1	3	1	\N	\N	t	t	t	t	2023-11-27 17:39:55.911752+00	2023-11-27 17:39:55.957377+00	\N
19	Luanda	9779871q	FJK	66	NK	as;ldfjas@anywhere.com	Luanda	2023-11-24	None	1	1	1	1	3	1	\N	\N	t	t	t	t	2023-11-27 17:39:55.911752+00	2023-11-27 17:39:55.957377+00	\N
20	Luanda	9779871q	FJK	66	NK	as;ldfjas@anywhere.com	Luanda	2023-11-24	None	1	1	1	1	3	1	\N	\N	t	t	t	t	2023-11-27 17:39:55.911752+00	2023-11-27 17:39:55.957377+00	\N
21	LUANDA	924-993WQW	YTR	45	NK	YTR@YTR.INT	NK	2023-11-24		1	1	2	1	2	1	\N	\N	t	t	t	t	2023-11-27 17:39:55.911752+00	2023-11-27 17:39:55.957377+00	\N
22	LUANDA	924-993WQW	YTR	45	NK	YTR@YTR.INT	NK	2023-11-24		1	1	2	1	2	1	\N	PR-22	t	t	t	t	2023-11-27 17:39:55.911752+00	2023-11-27 17:39:55.957377+00	\N
23	NK	8725567	OO	54	NK	nk	NK	2023-11-24	NK	1	1	2	1	3	1	\N	AO-TP-23	t	t	t	t	2023-11-27 17:39:55.911752+00	2023-11-27 17:39:55.957377+00	\N
24	Lilongwe	5304589-434	ZZ	7	ZZ Street	ZZ@ZZ.NET	ZZ Here	2023-11-26	No additional remarks	1	15	1	15	2	1	\N	AO-TP-24	t	t	t	t	2023-11-27 17:39:55.911752+00	2023-11-27 17:39:55.957377+00	\N
25	Gabarone	unknown	AB	20	unknown	unknown	border	2003-03-26	Victim was found with a group of other passengers traveling to South Africa	2	1	2	1	2	1	\N	BW-TP-25	t	t	t	t	2023-11-27 17:39:55.911752+00	2023-11-27 17:39:55.957377+00	\N
27	UNKNOWN	09235234590-734	AA	53	UNKNOWN	UNKNOWN	City Location	2023-09-11	None	1	1	2	1	2	1	\N	AO-IV-27	t	t	t	t	2023-11-27 17:39:55.911752+00	2023-11-27 17:39:55.957377+00	\N
30	LUANDA	24359-12	VV	75	UNKNOWN	vv@v.com	LUANDA	2021-11-05	NONE	13	1	2	1	3	1		AO-TP-30	t	t	t	t	2023-11-28 09:49:24.416994+00	2023-12-01 17:44:24.290457+00	1
29	Seychelles	WR9W8-EQEW	ZZ	23	\N	a0@test.com	Maputo	2020-02-02		12	12	2	12	2	1		AO-AS-29	t	t	t	t	2023-11-27 17:39:55.911752+00	2023-12-01 17:45:12.113901+00	1
28	UNKNOWN	7788312-97	YY	32	\N	\N	Maputo	2020-03-09		10	1	1	10	5	1		AO-PR-28	t	t	t	t	2023-11-27 17:39:55.911752+00	2023-12-01 17:45:37.985792+00	1
26	UNKNOWN	35478934-987	UYT	16	\N	\N	LUANDA	2023-11-26	NO ADDITIONAL REMARKS	3	1	1	1	2	1		AO-TP-26	t	t	t	t	2023-11-27 17:39:55.911752+00	2023-12-01 17:46:29.043444+00	1
31	qweetzdv	43253765	djs	21	11312 dsd	djs@maily.milo	dfgsdfas	1998-11-12	vdg	1	1	1	1	1	1	\N	AO-TP-31	t	t	t	t	2023-12-03 23:04:39.082519+00	2023-12-03 23:04:39.091283+00	1
32	Lusaka	841032893-3	WW	62	UNKNOWN	UNKNOWN	Lilongwe	2020-03-08	NONE	15	15	2	15	1	1	\N	AO-TP-32	t	t	t	t	2023-12-03 23:35:13.882782+00	2023-12-03 23:35:13.889917+00	8
33	UNKNOWN	UNKNOWN	ZNZ	23	UNKNOWN	UNNOWN	South Africa	2023-10-02	None	12	16	2	13	4	1	\N	AO-TP-33	t	t	t	t	2023-12-04 11:05:30.338808+00	2023-12-04 11:05:30.348936+00	13
36	Durban 	3232323	Mutina	34	sass	amur@sad.com	OR Tambo 	2023-12-13		13	13	1	10	1	1	\N	ZA-TP-36	t	t	t	t	2023-12-04 14:56:50.796999+00	2023-12-04 14:56:50.806177+00	13
37	UNKNOWN	999999	WW	25	UNKNOWN	myemail@email.com	SANDTON	2023-12-05	NONE	23	23	2	23	5	1	\N	DJ-AS-37	t	t	t	t	2023-12-04 21:48:22.322848+00	2023-12-04 21:48:22.331203+00	13
38	UNKNOWN	UNKNOWN	QQQ	15	UNKNOWN	UNKNOWN	SANDTON	2023-12-05	NONE	23	23	2	23	1	1	\N	DJ-PR-38	t	t	t	t	2023-12-04 21:55:58.256165+00	2023-12-04 21:55:58.263835+00	13
39	UNKNOWN	8234759237	YY	18	UNKNOWN	UNKNOWN	SANDTON	2023-12-05	NONE	23	23	2	23	1	1	\N	DJ-IV-39	t	t	t	t	2023-12-04 22:29:16.990843+00	2023-12-04 22:29:16.997309+00	13
40	MOROGORO	UNKNOWN	XYXY	12	UNKNOWN	UNKNOWN	SANDTON	2023-12-05	NONE	14	14	1	14	3	1	\N	TZ-IV-40	t	t	t	t	2023-12-05 00:37:29.764535+00	2023-12-05 00:37:29.777333+00	13
34	ZIMBABWE	25873248457	BB	45	UNKNOWN	UNKNOWN	ZIMBABWE	2023-06-06	NONE	16	16	1	16	2	2	\N	AO-TP-34	t	t	t	t	2023-12-04 13:18:18.84758+00	2024-01-22 17:40:50.680016+00	16
35	gaboroned	32415411	ldj	34	sksdk	lskfd@sk.co	ofiodfjiv	2023-12-14	kdjf	1	2	2	2	2	1	\N	LS-TP-35	t	t	t	t	2023-12-04 13:20:43.29001+00	2024-04-10 14:50:27.892314+00	2
41	Djibouti City	77823874	SSS	34	Unknown	uNknown	SANDTON	2023-12-05	NONE	23	23	2	23	1	1	\N	DJ-TP-41	t	t	t	t	2023-12-05 06:54:44.742459+00	2023-12-05 06:54:44.750249+00	13
42	Pta	0	J	28	N/a	jjjcobus@gmail.com	Pta	2023-12-01	N/a	8	3	1	1	2	1	\N	MW-PR-42	t	t	t	t	2023-12-05 10:25:16.138802+00	2023-12-05 10:25:16.148473+00	5
43	Djibouti City	UNKNOWN	XYZ	17	UNKNOWN	unknown	Sandton	2023-12-05	N/A	23	23	1	23	5	1	\N	DJ-TP-43	t	t	t	t	2023-12-05 10:27:25.743519+00	2023-12-05 10:27:25.749036+00	13
44	Comoros	Unknown	N.M	19	Unknown	Unknown	Sandton	2023-12-05	As	3	3	2	3	3	1	\N	KM-TP-44	t	t	t	t	2023-12-05 10:27:30.70966+00	2023-12-05 10:27:30.717187+00	13
45	25/08/1976	Unknown	W.C.	48	Box 30244, Chichiri, Blantyre	wysonn021@gmail.com	Blantyre	2023-12-05		8	8	1	8	1	1	\N	MW-PR-45	t	t	t	t	2023-12-05 10:27:32.638782+00	2023-12-05 10:27:32.645211+00	8
46	Dddd	3333333333	Aa	10	Yty	yr@xyz.com	Sandton	2023-12-05	None	8	4	1	1	5	1	\N	MW-TP-46	t	t	t	t	2023-12-05 10:27:49.664988+00	2023-12-05 10:27:49.67198+00	2
47	Djibouti City	UNKNOWN	TN	34	UNKNOWN	unknown	Sandton	2023-12-04		23	23	1	23	1	1	\N	DJ-TP-47	t	t	t	t	2023-12-05 10:28:06.09355+00	2023-12-05 10:28:06.100039+00	13
48	Oshikango	n/a 	F A	8	Lazzarette stree 15 Windhoek	fjannah01@gmail.com	Windhoek	2023-12-05		11	11	2	11	1	1	\N	NA-TP-48	t	t	t	t	2023-12-05 10:28:09.051311+00	2023-12-05 10:28:09.059307+00	11
49	djibouti	00-2344j22	XYZ	17	raya 12 Oaxley	unknown	zimbabwe	2023-12-10	Victim distressed	23	23	2	23	1	1	\N	DJ-TP-49	t	t	t	t	2023-12-05 10:28:09.198919+00	2023-12-05 10:28:09.208708+00	16
50	Pretoria	123345567	CM	20	12 New Kasama	chomwambewe@yahoo.com	Sandton	2023-12-05	30 Maude street	7	13	2	7	3	1	\N	MG-TP-50	t	t	t	t	2023-12-05 10:28:19.436299+00	2023-12-05 10:28:19.442572+00	13
51	12/12/83	123445569875p	PJM	42	Harare Zimbabwe	perfect.makumbe@gmail.com	Harare	2023-02-02	None	10	13	1	16	1	1	\N	MZ-TP-51	t	t	t	t	2023-12-05 10:28:39.327814+00	2023-12-05 10:28:39.334376+00	16
52	botswana	Unknown	CT	28	Unknown	unkown	victoria	2023-12-05		2	2	2	2	3	1	\N	BW-TP-52	t	t	t	t	2023-12-05 10:29:09.452575+00	2023-12-05 10:29:09.458872+00	12
53	Djibouti City	00000000	XYZ	17	Djibouti	unknown	South Africa	2023-12-05	nIL	23	23	1	23	1	1	\N	DJ-TP-53	t	t	t	t	2023-12-05 10:29:14.944616+00	2023-12-05 10:29:14.951581+00	13
54	Antalaha	23455	RFY	17	Antalaha	unknown	Anosy	2023-12-05		7	7	2	7	2	1	\N	MG-TP-54	t	t	t	t	2023-12-05 10:29:31.290093+00	2023-12-05 10:29:31.296773+00	7
55	malawi	unknown	T	23	22 flat	tgumede@sadc.int	tg	2023-12-05	n/a	6	8	2	9	1	1	\N	LS-TP-55	t	t	t	t	2023-12-05 10:29:44.864946+00	2023-12-05 10:29:44.870873+00	13
56	Mponho	4530	D x	20	Doop	none	Mafikeng	2023-12-05	Nil	18	18	1	18	3	1	\N	OT-TP-56	t	t	t	t	2023-12-05 10:29:57.429305+00	2023-12-05 10:29:57.43538+00	13
57	Maxima	xb90908	N 	16	house u street	unknown	Maser	2023-12-08		3	3	2	23	1	1	\N	KM-TP-57	t	t	t	t	2023-12-05 10:30:00.490781+00	2023-12-05 10:30:00.50358+00	6
58	Pretoria	123345567	CM	20	12 New Kasama	chomwambewe@yahoo.com	Sandton	2023-12-05	30 Maude street	7	13	2	7	3	1	\N	MG-TP-58	t	t	t	t	2023-12-05 10:30:03.318787+00	2023-12-05 10:30:03.324682+00	13
59	Qoaling	RC230917	TM	25	Maseru	Unkown	Johannesburg	2023-12-04	None	6	6	2	2	1	1	\N	LS-PR-59	t	t	t	t	2023-12-05 10:30:11.075881+00	2023-12-05 10:30:11.083569+00	13
60	Sambava	klfdggf	RO	22	sdpfihefp	none	Mauritius	2023-12-05		9	7	2	7	3	1	\N	MU-TP-60	t	t	t	t	2023-12-05 10:30:24.550369+00	2023-12-05 10:30:24.556852+00	9
61	Blantyre	6rtji808	XYZ	17	unknown	unknown	Lilongwe	2023-12-05		8	8	1	8	5	1	\N	MW-TP-61	t	t	t	t	2023-12-05 10:31:37.305118+00	2023-12-05 10:31:37.31074+00	8
62	seychelles	977-0000-1-1-12	DS	46	Beau Vallon	d.simeon@gov.sc	CID office Bois De Rose	2023-05-12		12	12	1	7	3	1	\N	SC-TP-62	t	t	t	t	2023-12-05 10:31:46.557607+00	2023-12-05 10:31:46.563201+00	12
63	Luanda 	+244	LP	30	Zinga1975@gmail.com	Zinga1975@gmail.com	Luanda 	2023-12-16	Lago 	1	1	1	1	1	1	\N	AO-TP-63	t	t	t	t	2023-12-05 10:33:29.279893+00	2023-12-05 10:33:29.285928+00	1
65	Somali	123456789	ABC	15	Private Bag 123	lmoloi@gmail.com	Police Station	2023-12-05	None	21	21	2	21	1	1	\N	SO-TP-65	t	t	t	t	2023-12-05 10:34:27.036138+00	2023-12-05 10:34:27.044515+00	15
66	Eritrea	700077/23/23	BK	16	House number 23 Sunny Side Lane Eritrea	bk@123.co.za	Zambia	2023-12-05	NIL	22	22	1	22	3	1	\N	ER-PR-66	t	t	t	t	2023-12-05 10:34:53.914155+00	2023-12-05 10:34:53.921275+00	15
67	Lilongwe	Unknown	W.C.	16	unknown	wysonn021@gmail.com	Blantyre	2023-12-05		8	8	2	8	1	1	\N	MW-PR-67	t	t	t	t	2023-12-05 10:35:35.089419+00	2023-12-05 10:35:35.096611+00	8
68	Quatre Bornes	NK	ABC	16	Port Louis	NK	PORT LOUIS	2023-12-05		9	9	2	9	4	1	\N	MU-TP-68	t	t	t	t	2023-12-05 10:35:45.848399+00	2023-12-05 10:35:45.854807+00	9
69	kasanga	+2693385751	djoumoi hassane	17	kinshasa	hassanimohamedsaid8@gmail.com	police national	2022-12-05		4	4	2	4	1	1	\N	CD-AS-69	t	t	t	t	2023-12-05 10:36:07.364928+00	2023-12-05 10:36:07.371543+00	3
70	Motimposo	RC230917	TM	25	Motimposo	None	Johannesburg	2023-12-04	None	6	6	2	13	1	1	\N	LS-PR-70	t	t	t	t	2023-12-05 10:36:43.902123+00	2023-12-05 10:36:43.909187+00	13
71	MADAGASCAR	23456	GR	19	LOT 323 ANALAKELY	unknown	MADAGASCAR	2023-12-04	Rien  signaler	7	7	2	7	1	1	\N	MG-TP-71	t	t	t	t	2023-12-05 10:37:23.605113+00	2023-12-05 10:37:23.610931+00	7
72	Maputo	12345	AB	16	Maputo	NA	Maputo	2013-05-05	vitima TP	10	10	2	10	1	1	\N	MZ-TP-72	t	t	t	t	2023-12-05 10:37:29.488055+00	2023-12-05 10:37:29.493939+00	10
73	Lilongwe	Unknown	T.C	16	unknown	wysonn021@gmail.com	Blantyre	2023-12-05		8	8	2	8	1	1	\N	MW-TP-73	t	t	t	t	2023-12-05 10:37:42.930448+00	2023-12-05 10:37:42.936022+00	8
74	Harare, Zimbabwe	N/A	N.M.	16	Unknown	nm@gmail.com	Gaborone, Botswana	2023-12-05		16	16	1	16	1	1	\N	ZW-PR-74	t	t	t	t	2023-12-05 10:38:37.276287+00	2023-12-05 10:38:37.282781+00	2
75	Lilongwe	67838282	Fm	30	Ndola	frankmichelo@yahoo.com	South Africa 	2023-12-05	Subject is a minor	15	8	1	2	1	1	\N	ZM-TP-75	t	t	t	t	2023-12-05 10:39:32.706967+00	2023-12-05 10:39:32.712605+00	13
76	21/10/2009	11112345	SKM	14	Mzuzu Primary School	mimimubita@yahoo.com	Lusaka	2023-12-05		8	8	1	8	1	1	\N	MW-IV-76	t	t	t	t	2023-12-05 10:39:51.732066+00	2023-12-05 10:39:51.738378+00	15
77	Dodoma	000000	JK	17	DODOMA	Tanzania	Dodoma	1906-01-01	POSITIVE COOPERATION 	14	14	1	14	1	1	\N	TZ-TP-77	t	t	t	t	2023-12-05 10:41:12.155382+00	2023-12-05 10:41:12.160883+00	14
64	Luanda 	+244	LP	30	Zinga1975@gmail.com	Zinga1975@gmail.com	Luanda 	2023-12-16	Lago 	1	1	1	1	1	2	\N	AO-TP-64	t	t	t	t	2023-12-05 10:33:42.71534+00	2024-01-22 17:21:48.499282+00	1
78	tete village	zs11	MK	6	Gaborone	mkashingwa@sadc.int	pemba	2023-12-05		18	12	2	8	2	1	\N	OT-TP-78	t	t	t	t	2023-12-05 10:42:00.882175+00	2023-12-05 10:42:00.889162+00	10
79	ZAKA	124325698	JC	18	1334 Harare	chittazj@yahoo.com	HARARE	2023-12-05		16	16	2	16	1	1	\N	ZW-TP-79	t	t	t	t	2023-12-05 10:42:09.554014+00	2023-12-05 10:42:09.560428+00	16
80	Qoaling	RC320987	MM	23	Qoaling	None	Johannesburg	2023-12-04	None	6	6	2	6	3	1	\N	LS-TP-80	t	t	t	t	2023-12-05 10:43:15.800535+00	2023-12-05 10:43:15.80667+00	13
81	Pretoria	2015	AB	15	N.A.	N.A.	Johannesburg	2023-05-05	N.A.\r\n	13	13	1	13	2	1	\N	ZA-PR-81	t	t	t	t	2023-12-05 10:45:34.206122+00	2023-12-05 10:45:34.211937+00	13
82	Unknown	un	Hawa	16	unknown	unknown	ATS Office	2023-12-05		14	14	2	14	1	1	\N	TZ-TP-82	t	t	t	t	2023-12-05 10:56:58.048426+00	2023-12-05 10:56:58.054409+00	14
83	Lilongwe	unknown	JB	16	unknown	unknown	Lilongwe	2023-04-23		8	8	1	8	1	1	\N	MW-TP-83	t	t	t	t	2023-12-05 12:14:14.1278+00	2023-12-05 12:14:14.132913+00	8
84	Dar es Salaam	Unknown	ABC	16	Unknown	Unknown	ATS Office	2023-12-05		14	14	1	14	1	1	\N	TZ-TP-84	t	t	t	t	2023-12-05 12:18:58.786867+00	2023-12-05 12:18:58.793784+00	14
85	Mangochi	MWA02467	wxy	21	Bua	kondwani1@yahoo.com	Lilongwe	2023-12-05	n/a	8	8	2	8	1	1	\N	MW-TP-85	t	t	t	t	2023-12-05 12:19:23.181259+00	2023-12-05 12:19:23.187917+00	8
86	Vohmar	29A35	OB	15	non disponible	non disponible	Anosy Antananarivo	2023-12-05	La victime n'a pas mentionne si elle avait des proches connus  Antananarivo et  Vohmar	7	7	2	7	1	1	\N	MG-TP-86	t	t	t	t	2023-12-05 12:19:43.108448+00	2023-12-05 12:19:43.113866+00	7
87	johannesburg	23SA7864	ABD	23	Johannesburg	UNKNOWN	saint louis	2023-12-03		13	13	2	9	3	1	\N	ZA-TP-87	t	t	t	t	2023-12-05 12:22:07.501222+00	2023-12-05 12:22:07.507751+00	9
88	Maputo	XYZ	Joao Jose	17	Matola F, Rua rio Messalo	shyfrancisco1@yahoo.com.br	Comando Provincial	2023-06-07	A vitima foi entrevistada no Comando Provincial 	10	10	1	8	1	1	\N	MZ-PR-88	t	t	t	t	2023-12-05 12:22:21.462919+00	2023-12-05 12:22:21.469268+00	10
89	South Africa 	None	S.R	12	Nk	Not applicable	Sandton	2023-12-05	Nk	13	13	2	13	2	1	\N	ZA-TP-89	t	t	t	t	2023-12-05 12:25:54.916382+00	2023-12-05 12:25:54.92384+00	13
90	Maxima	14567893	M F	16	house u street	unknown	Maser	2023-12-29		6	12	1	22	3	1	\N	LS-TP-90	t	t	t	t	2023-12-05 12:26:42.508959+00	2023-12-05 12:26:42.514193+00	4
91	Djibouti	no Id	Lucas Lucas	25	P.o box 3333 Djibouti	unknown	Windhoek	2023-12-05		18	11	1	11	3	1	\N	OT-TP-91	t	t	t	t	2023-12-05 12:27:17.294905+00	2023-12-05 12:27:17.300985+00	11
92	20 February 1967	R45678991234	AkR	50	Port Louis	unknown	Port Louis	2023-02-01	Interview in relation to a case of human trafficking	9	9	1	9	4	1	\N	MU-TP-92	t	t	t	t	2023-12-05 12:27:57.768047+00	2023-12-05 12:27:57.774792+00	9
93	Pretoria 	7207160008086	E	51	Pretoria 	giliezel@yahoo.com	Sandton	2023-12-05	None	13	13	2	13	2	1	\N	ZA-TP-93	t	t	t	t	2023-12-05 12:29:53.914649+00	2023-12-05 12:29:53.922491+00	13
94	COMORES	NIN2	F	14	MORONI	mchangrijunior@gmail.com	MORONI	2023-12-05	TIP COMORES	3	3	1	7	1	1	\N	KM-TP-94	t	t	t	t	2023-12-05 12:32:25.039318+00	2023-12-05 12:32:25.046277+00	3
95	lusaka	111111/77/7	Mr.	17	Box 50997, Lusaka	mphande2016@gmail.com	sandton	2023-12-04	victim needs special care	15	15	1	15	1	1	\N	ZM-TP-95	t	t	t	t	2023-12-05 12:34:19.855861+00	2023-12-05 12:34:19.861739+00	13
96	Nhlangano	7601021100432	K. Z	12	Box 12 Manzini	swanel4@gmail.com	Manzini	2023-12-05	Interview conducted in the presence of So ial welfare freely and voluntarily. 	5	5	2	5	1	1	\N	SZ-TP-96	t	t	t	t	2023-12-05 12:37:04.364787+00	2023-12-05 12:37:04.370855+00	5
97	Lilongwe	0987654321	MM	13	Lilongwe	NA	Maputo	2010-02-05	Vitima saiu de Malawi e encontrado em Moca,mbique a caminho da africa do Sul	8	8	2	8	5	1	\N	MW-TP-97	t	t	t	t	2023-12-05 12:38:27.893599+00	2023-12-05 12:38:27.899168+00	10
98	asmara	bm120174	TIP	25	asmala	mulengub@gmail.com	ministry of home affairs	2023-11-05	first interview, victims requested for reflection period	22	22	2	13	4	1	\N	ER-TP-98	t	t	t	t	2023-12-05 12:38:48.102506+00	2023-12-05 12:38:48.108284+00	15
99	kinshasa	24555	Maluba	25	Luanda/Angola	medinameca31@gmail.com	Luanda	2020-06-20		23	4	1	1	3	1	\N	DJ-TP-99	t	t	t	t	2023-12-05 12:39:08.928817+00	2023-12-05 12:39:08.935127+00	1
100	Maponying	5590	 P T	40	Dankopy	none	Palaborwa	2023-12-05	Interviewed externally for safety	23	23	1	23	4	1	\N	DJ-TP-100	t	t	t	t	2023-12-05 12:39:58.498179+00	2023-12-05 12:39:58.503956+00	13
101	kinshasa	24555	Maluba	25	Luanda/Angola	medinameca31@gmail.com	Luanda	2020-06-20		23	4	1	1	3	1	\N	DJ-TP-101	t	t	t	t	2023-12-05 12:43:55.888667+00	2023-12-05 12:43:55.895562+00	1
102	NAIROBI	212	BENEGUSENGA CLAUDINE	34	NAIROBI	OTHER	SURVEILLANCE DU TERRITOIRE	2023-10-14		17	17	2	17	1	1	\N	KE-TP-102	t	t	t	t	2023-12-05 12:45:53.064078+00	2023-12-05 12:45:53.070802+00	3
103	070576	63571333t44	JM	44	22  FREDROAD  HARARE  	nil	harare	2023-12-05	none	16	16	2	16	1	1	\N	ZW-TP-103	t	t	t	t	2023-12-05 12:49:11.799938+00	2023-12-05 12:49:11.806257+00	16
104	maputo 	1234567890	ie	18	maputo	einilsa@yahoo.com.br	procuradoria 	2023-05-12	sem observacoes 	10	10	2	10	1	1	\N	MZ-TP-104	t	t	t	t	2023-12-05 12:51:53.638399+00	2023-12-05 12:51:53.64613+00	10
105	Lesotho	450905100034	BD	33	Box 765 Bigbend	Slovoe34@gmail.com	Manzini One Stop Centre	2023-12-02	Language barrier,  need to get intepreter. 	5	6	1	8	5	1	\N	SZ-TP-105	t	t	t	t	2023-12-05 12:53:04.444761+00	2023-12-05 12:53:04.452017+00	5
106	TANA	OTHER	AHMED ALI	21	TANA	OTHER	SURVEILLANCE DU TERRITOIRE	2023-10-10	TANTATIVE DE TRAVERSER VERS MAYOTTE	7	7	1	7	1	1	\N	MG-TP-106	t	t	t	t	2023-12-05 12:53:04.600151+00	2023-12-05 12:53:04.608665+00	3
107	Zambia	123057	Rs	25	Zambia	psohun@govmu.org	Zambia	2023-12-05		15	15	2	15	3	1	\N	ZM-TP-107	t	t	t	t	2023-12-05 12:55:22.649307+00	2023-12-05 12:55:22.655195+00	15
108	Beira	000004444455t	A.B.	17	A. 24 de Julho	Dont have	Maputo	2023-08-12		10	10	2	2	1	1	\N	MZ-TP-108	t	t	t	t	2023-12-05 12:56:14.766113+00	2023-12-05 12:56:14.77096+00	10
109	NAMIBIA	NIL	GM	3	UNKNOWN	ginanyalugwe@gmail.com	LIVINGSTONE	2023-12-05	CHILD WAS UNABLE TO SPEAK FLUENTLY IN ENGLISH BUT COULD SPEAK MINOR AFRIKAANS. THE NAMIBIAN CONSULATE HAS BEEN ENGAGED TO PROVIDE A TRANSLATOR FOR PURPOSES OF GATHERING INFORMATION. CHILD WAS PLACED I N PROTECTIVE CUSTODY UNDER SOCIAL WELFARE AT A SAFE HOUSE WITHIN TOWN.	11	11	2	11	1	1	\N	NA-PR-109	t	t	t	t	2023-12-05 12:57:32.880018+00	2023-12-05 12:57:32.886136+00	15
110	Lusaka	223645/11/1	HS	31	ZXC	archiemagai@ymail.com	Protea	2023-05-12	Trafficked to South for labour expolitation	15	15	1	15	1	1	\N	ZM-TP-110	t	t	t	t	2023-12-05 12:57:33.669241+00	2023-12-05 12:57:33.674904+00	13
111	Addis 	560097	Q S	30	Nairobi	none	Pretoria	2023-12-05	Removed to UN protection	17	20	2	17	5	1	\N	KE-TP-111	t	t	t	t	2023-12-05 12:58:53.317217+00	2023-12-05 12:58:53.322294+00	13
112	DODOMA	AB 235132	R.A.M	27	DODOMA	UNKNOWN	JOHANESBERG	2023-12-05	The victim must been sent to the hospital for further more checkup 	22	14	2	14	1	1	\N	ER-IV-112	t	t	t	t	2023-12-05 12:59:13.568693+00	2023-12-05 12:59:13.575477+00	13
113	COMORES	NIN3	KM2	15	MORONI	mchangrijunior@gmail.com	MORONI	2023-12-05		3	3	1	23	2	1	\N	KM-TP-113	t	t	t	t	2023-12-05 12:59:15.886126+00	2023-12-05 12:59:15.892138+00	3
114	28/03/1990	123456789	RPM	28	29532	rhinahphiri@gmail.com	LUSAKA	2023-12-05	SUBJECT IS A SUSPECTED VICTM OF SMUGGLING OF PERSONS	8	15	2	20	2	1	\N	MW-TP-114	t	t	t	t	2023-12-05 13:07:23.579952+00	2023-12-05 13:07:23.585624+00	15
115	kutu	2003-05-07	JR	21	318 Sandton Drive	unknown	Johannesburg	2023-12-05	NIL	1	1	2	1	2	1	\N	AO-TP-115	t	t	t	t	2023-12-05 13:07:59.579374+00	2023-12-05 13:07:59.587071+00	13
116	Pretoria	2004	CD	19	N.A.	N.A.	Pretoria	2023-08-08	N.A.	13	13	2	13	2	1	\N	ZA-PR-116	t	t	t	t	2023-12-05 13:15:42.984531+00	2023-12-05 13:15:42.990598+00	13
117	mbeya	TZ525287	Ms	16	mbeya	willamean@gmail.com	eSwatini	2023-11-03	nil	14	14	2	14	1	1	\N	TZ-TP-117	t	t	t	t	2023-12-05 13:18:11.210711+00	2023-12-05 13:18:11.217403+00	5
118	Maponying	5590	B Y	32	Doop	none	Mbabane 	2023-12-05		3	4	2	3	5	1	\N	KM-TP-118	t	t	t	t	2023-12-05 13:19:18.030413+00	2023-12-05 13:19:18.035956+00	5
119	MORONI	OTHER	ABDOU MNAGNUGNI	21	OTHER	OHTER	SURVEILLANCE DU TERRITOIRE	2023-10-27		18	3	1	3	1	1	\N	OT-TP-119	t	t	t	t	2023-12-05 13:21:11.233062+00	2023-12-05 13:21:11.2395+00	3
120	TANGA	00005	HM	22	Muheza	unknown	Anjwani	2000-07-31	Received positive cooperation from the Victim	14	14	2	14	1	1	\N	TZ-TP-120	t	t	t	t	2023-12-05 13:24:25.483159+00	2023-12-05 13:24:25.489078+00	3
121	oshangongo 	NK	B	10	oshangongo	NK	Windhoek	2023-12-05		1	1	1	11	1	1	\N	AO-TP-121	t	t	t	t	2023-12-05 13:28:35.607118+00	2023-12-05 13:28:35.615052+00	11
122	MORONI	OTHER	ELAMINE	33	OTHER	OTHER	SURVEILLANCE DU TERRITOIRE	2023-12-03		3	3	1	3	1	1	\N	KM-TP-122	t	t	t	t	2023-12-05 13:29:30.389726+00	2023-12-05 13:29:30.396216+00	3
123	MALAWI	23456766	REGINA	36	DDD	reginakufumanamanuel@gmail.com	LAR	2023-11-30	nmjhggf	1	1	2	2	3	1	\N	AO-TP-123	t	t	t	t	2023-12-05 13:35:29.341126+00	2023-12-05 13:35:29.34822+00	1
124	MALAWI	23456766	REGINA	36	DDD	reginakufumanamanuel@gmail.com	LAR	2023-11-30	nmjhggf	1	1	2	2	3	1	\N	AO-TP-124	t	t	t	t	2023-12-05 13:36:02.404274+00	2023-12-05 13:36:02.410351+00	1
125	Angola	0000Lda	FCL	50	Cidade Alda- Palacio	lisboafis@yahoo.com	Santon	2023-12-05	Luanda-Angola	1	1	1	1	1	1	\N	AO-IV-125	t	t	t	t	2023-12-05 13:36:23.360285+00	2023-12-05 13:36:23.366692+00	1
126	paris	111111/77/7	Ms	39	paris	willamean@gmail.com	seychelles	2023-12-02		18	18	1	11	2	1	\N	OT-IV-126	t	t	t	t	2023-12-05 14:04:56.835607+00	2023-12-05 14:04:56.841684+00	12
127	DEMBENI MBADJINI	189	BATOULI SAID ABDALLAH	50	MORONI COMORES	OHTER	SURVEILLANCE DU TERRITOIRE	2023-08-03		3	3	2	11	1	1	\N	KM-TP-127	t	t	t	t	2023-12-05 14:46:51.111327+00	2023-12-05 14:46:51.119165+00	3
128	MORONI	OTHER	ZAINABA DJABIR	20	OTHER	OTHER	SURVEILLANCE DU TERRITOIRE	2023-12-05		3	3	2	9	1	1	\N	KM-TP-128	t	t	t	t	2023-12-07 07:23:12.516367+00	2023-12-07 07:23:12.537924+00	3
129	N/A	N/A	NEQ1	54	N/A	123@321.com	N/A	2024-01-17	N/A	1	1	2	1	1	1	\N	AO-TP-129	t	t	t	t	2024-01-17 10:46:15.260142+00	2024-01-17 10:46:15.283883+00	1
130	N/A	N/A	EE	43	N/A	N/A	N/A	2024-01-17	N/A	2	1	1	1	2	1	\N	BW-AS-130	t	t	t	t	2024-01-17 11:57:50.840101+00	2024-01-17 11:57:50.846105+00	2
131	n/a	n/a	AA	25	n/a	n/a	n/a	2024-01-24	n/a	3	3	2	1	2	1	\N	KM-PR-131	t	t	t	t	2024-01-24 17:00:54.321933+00	2024-01-24 17:00:54.329495+00	1
132	Jsksk	Iwjsn	Hdjdj	42	Jsks	Jdjdj@hdjdn.isis	Kskzm	2024-02-20	Jdksk	1	1	1	1	3	1	\N	AO-IV-132	t	t	t	t	2024-02-20 21:09:32.854535+00	2024-02-20 21:09:32.874375+00	1
133	Jsksk	Iwjsn	Hdjdj	42	Jsks	Jdjdj@hdjdn.isis	Kskzm	2024-02-20	Jdksk	1	1	1	1	3	1	\N	AO-IV-133	t	t	t	t	2024-02-20 21:11:44.680459+00	2024-02-20 21:11:44.687036+00	1
134	Jsksk	Iwjsn	Hdjdj	42	Jsks	Jdjdj@hdjdn.isis	Kskzm	2024-02-20	Jdksk	1	1	1	1	3	1	\N	AO-IV-134	t	t	t	t	2024-02-20 21:13:20.939688+00	2024-02-20 21:13:20.945536+00	1
135	Jsjjsj	Jeksk	Tdusj	12	Ksksk	Hsh@hahh.cco	Jsjsj	2023-02-24	Jdixh	2	2	2	2	2	1	\N	BW-IV-135	t	t	t	t	2024-02-20 22:39:38.24355+00	2024-02-20 22:39:38.250128+00	2
143	Unknown 	99999	ZZ	55	None	zz@gmail.com	Local	2024-02-21	None	1	\N	1	1	5	2	\N	AO-TP-143	t	t	t	t	2024-02-21 10:58:37.268425+00	2024-02-21 11:21:32.883142+00	1
142	Unknown 	99999	ZZ	55	None	aa@mymail.com	N/A	2024-02-21	None	1	1	1	1	5	2	\N	AO-TP-142	t	t	t	t	2024-02-21 10:44:59.483759+00	2024-02-21 11:21:55.0455+00	1
155	Unknown	N908090	A1A	55	N/A	a1a@mail.com	UNKNOWN	2024-02-21	None	1	1	1	1	1	1	\N	AO-TP-155	t	t	t	t	2024-02-21 13:34:52.807942+00	2024-02-21 13:34:52.81351+00	1
156	Unknown	N908090	A1A	55	N/A	a1a@mail.com	UNKNOWN	2024-02-21	None	1	1	1	1	1	1	\N	AO-TP-156	t	t	t	t	2024-02-21 13:34:53.551864+00	2024-02-21 13:34:53.557287+00	1
157	Unknown	N908090	A1A	55	N/A	a1a@mail.com	UNKNOWN	2024-02-21	None	1	1	1	1	1	1	\N	AO-TP-157	t	t	t	t	2024-02-21 13:34:53.734677+00	2024-02-21 13:34:53.73977+00	1
158	Unknown	99999	JN	55	None	Jj@mail.com	Luanda	2024-02-22	None 	1	1	1	1	1	1	\N	AO-TP-158	t	t	t	t	2024-02-21 14:25:17.173009+00	2024-02-21 14:25:17.179469+00	1
159	Sdard	Efaffxs233	Weds	32	Srewt	Zff@zdfv.cd	Drfssd	2024-02-25	Sdffs	1	2	2	2	1	1	\N	AO-TP-159	t	t	t	t	2024-02-26 08:53:26.191171+00	2024-02-26 08:53:26.209082+00	3
160	bhdjdh	 hgdsgfh	xdbd	21	dfknjkfdnvk	adsa@gui.co	fdgdfgdfd	2024-02-24		2	2	2	2	3	1	\N	BW-TP-160	t	t	t	t	2024-02-27 20:28:35.445099+00	2024-02-27 20:28:35.457487+00	2
161	werydo	54322662	TKA	21	sdrudns	tka@gmail.com	vksjnd	2024-03-01		3	2	1	2	1	1	\N	KM-TP-161	t	t	t	t	2024-03-03 12:48:33.402766+00	2024-03-03 12:48:33.464412+00	1
162	gaborone	343y425	cbcb	43	gsgsgfs	cbcb@cnb.zc	port saja	2024-03-02		2	2	1	1	1	1	\N	BW-TP-162	t	t	t	t	2024-03-03 12:52:33.150599+00	2024-03-03 12:52:33.187615+00	3
163	wrrtwr	452352	gsg	21	xvxvxxvx	reer@sjds.co	alan	2024-03-03		1	1	1	3	3	1	\N	AO-TP-163	t	t	t	t	2024-03-03 14:48:33.765877+00	2024-03-03 14:48:33.813257+00	3
164	gaborone	0938383	Q.O.W.A	20	44th-njfjf	qwer@gmail.com	asass	2024-03-03		2	2	2	2	4	1	\N	BW-TP-164	t	t	t	t	2024-03-03 19:12:02.345842+00	2024-03-03 19:12:02.388608+00	1
165	djlsdjj	dffd444554s	vbvb	23	3242fddf	xnbc@cn.co	dkjhkjhd	2024-03-03		2	2	1	2	2	1	\N	BW-PR-165	t	t	t	t	2024-03-03 20:58:59.840652+00	2024-03-03 20:58:59.887026+00	2
166	ncfdjsk	939848384	sajj	23	hdsdhgvc	bcxnm@gmail.com	vcbnjddj	2024-03-03		1	2	1	3	1	1	\N	AO-PR-166	t	t	t	t	2024-03-03 21:22:18.337257+00	2024-03-03 21:22:18.37542+00	2
167	ponnsdhj	92843u32ie	odoo	23	snsjdndc	odirg@gmail.com	nvkvnfdk	2024-03-04		3	3	1	2	4	1	\N	KM-PR-167	t	t	t	t	2024-03-03 21:33:11.363927+00	2024-03-03 21:33:11.399987+00	2
168	Kointa	36353455	KLA	19	Kiota		fjkfdshk	2024-03-15	None	5	5	1	3	1	1	\N	SZ-TP-168	t	t	t	t	2024-03-16 20:17:40.493783+00	2024-03-16 20:17:40.53849+00	7
177	UNKNOWN	999999	JN	55	XX	jn@email.com	UNKNOWN	2024-03-28	UNKNOWN	1	3	2	3	1	1	\N	AO-TP-177	t	t	t	t	2024-03-28 21:33:30.442518+00	2024-03-28 21:33:30.484285+00	2
178	UNKNOWN	010101	JN	55	NONE		FIELD	2024-03-29		23	23	2	23	1	1	\N	DJ-TP-178	t	t	t	t	2024-03-29 00:53:16.469769+00	2024-03-29 00:53:16.511071+00	16
179	UNKNOWN	999999	ZZ	44	UNKNOWN		UNKNOWN	2024-03-29	UNKNOWN	19	19	2	19	1	1	\N	UG-IV-179	t	t	t	t	2024-03-29 01:16:50.735704+00	2024-03-29 01:16:50.781154+00	16
180	UNKNOWN	000000	QQ	45	UNKNOWN		FIELD	2024-03-29	NONE	23	23	1	23	2	1	\N	DJ-IV-180	t	t	t	t	2024-03-29 01:43:44.546075+00	2024-03-29 01:43:44.581974+00	16
181	UNKNOWN 	99999	JN	56	UNKNOWN 	c@123.com	UNKNOWN	2024-03-28		3	3	1	3	2	1	\N	KM-IV-181	t	t	t	t	2024-03-29 02:02:51.583045+00	2024-03-29 02:02:51.618239+00	3
182	UNKNOWN	0909090	A1A	62	UNKNOWN		UNKNOWN	2024-03-29		5	2	1	2	2	1	\N	SZ-IV-182	t	t	t	t	2024-03-29 09:36:49.975462+00	2024-03-29 09:36:50.035953+00	2
183	UNKNOWN	ZZ55ZZ55	ZZ	55	UNKNOWN		FIELD	2024-03-30	NONE	23	23	1	23	1	1	\N	DJ-IV-183	t	t	t	t	2024-03-30 05:24:22.659707+00	2024-03-30 05:24:22.708773+00	16
184	ggg	2ewrertfyhgjk	KK	23	dd		fff	2024-03-15	fffff	10	14	1	20	5	1	\N	MZ-IV-184	t	t	t	t	2024-04-02 14:57:23.232745+00	2024-04-02 14:57:23.272254+00	15
185	UNKNOWN	9090909	OI	43	UNKNOWN		FIELD WORK	2024-04-02	NONE	23	23	2	16	1	1	\N	DJ-IV-185	t	t	t	t	2024-04-02 15:06:36.945998+00	2024-04-02 15:06:36.985856+00	13
\.


--
-- Data for Name: case_interview_app_victimprofile_identification_type; Type: TABLE DATA; Schema: public; Owner: tipnet
--

COPY public.case_interview_app_victimprofile_identification_type (id, victimprofile_id, idtype_id) FROM stdin;
1	1	2
2	2	2
3	3	3
4	4	3
5	5	3
6	5	4
7	6	3
8	6	2
9	7	5
10	8	3
11	9	5
12	10	4
13	11	4
14	12	3
15	12	4
16	13	3
17	13	2
18	14	3
19	15	4
20	15	1
21	22	5
22	23	3
23	24	5
24	25	5
25	26	3
26	27	2
27	28	5
28	29	2
29	30	4
30	31	3
31	32	5
32	33	3
33	33	1
34	34	1
35	35	2
36	36	4
37	37	3
38	38	5
39	39	1
40	40	3
41	40	5
42	41	5
43	42	1
44	42	2
45	43	3
46	44	3
47	45	1
48	46	1
49	47	3
50	48	1
51	49	1
52	50	3
53	51	1
54	52	3
55	53	3
56	54	1
57	55	4
58	56	2
59	57	5
60	58	3
61	59	4
62	60	3
63	61	4
64	62	5
65	62	4
66	63	4
67	64	4
68	65	1
69	66	4
70	67	5
71	68	3
72	68	5
73	69	3
74	70	4
75	71	3
76	72	3
77	73	5
78	74	1
79	75	4
80	76	1
81	77	3
82	78	3
83	79	4
84	80	4
85	81	1
86	82	3
87	83	5
88	83	4
89	84	5
90	85	4
91	86	1
92	87	4
93	88	4
94	88	5
95	89	5
96	90	4
97	90	5
98	90	3
99	90	2
100	90	1
101	91	4
102	92	1
103	93	3
104	94	3
105	95	3
106	96	1
107	97	5
108	98	4
109	99	1
110	100	4
111	101	1
112	102	5
113	103	3
114	104	1
115	105	2
116	106	5
117	107	1
118	108	4
119	109	5
120	110	3
121	111	5
122	112	4
123	113	4
124	114	4
125	115	1
126	116	1
127	117	4
128	118	2
129	119	5
130	120	3
131	121	5
132	122	5
133	123	4
134	124	4
135	125	3
136	126	4
137	127	5
138	128	5
139	129	2
140	130	2
141	131	5
142	134	1
143	135	1
144	142	2
145	143	1
146	155	1
147	156	1
148	157	1
149	158	2
150	159	1
151	160	1
152	161	2
153	162	1
154	163	1
155	164	1
156	164	2
157	165	1
158	166	2
159	167	1
160	168	1
161	168	2
162	177	1
163	178	2
164	179	2
165	179	1
166	180	5
167	181	2
168	182	2
169	182	5
170	183	1
171	184	2
172	185	5
\.


--
-- Data for Name: case_interview_app_victimprofile_languages; Type: TABLE DATA; Schema: public; Owner: tipnet
--

COPY public.case_interview_app_victimprofile_languages (id, victimprofile_id, language_id) FROM stdin;
1	1	1
2	2	1
3	3	1
4	4	2
5	4	3
6	4	1
7	5	2
8	5	1
9	6	2
10	7	3
11	7	1
12	8	2
13	9	3
14	10	3
15	11	2
16	12	2
17	13	3
18	14	1
19	15	2
20	22	2
21	22	1
22	23	3
23	23	2
24	24	2
25	25	1
26	26	2
27	27	2
28	27	1
29	28	1
30	28	3
31	29	2
32	30	2
33	31	1
34	32	1
35	33	1
36	33	3
37	34	1
38	35	1
39	36	1
40	37	5
41	37	2
42	38	2
43	39	4
44	40	4
45	40	2
46	41	2
47	42	1
48	43	4
49	43	1
50	43	3
51	44	2
52	45	5
53	46	1
54	47	1
55	48	5
56	49	5
57	50	1
58	50	2
59	51	4
60	52	1
61	52	5
62	53	1
63	54	2
64	55	1
65	56	5
66	57	5
67	57	4
68	57	2
69	57	3
70	58	1
71	58	2
72	59	1
73	59	5
74	60	2
75	61	1
76	61	4
77	61	5
78	62	1
79	62	2
80	62	5
81	63	3
82	64	3
83	65	5
84	65	4
85	66	4
86	66	2
87	67	5
88	68	5
89	69	2
90	70	1
91	70	5
92	71	2
93	72	3
94	73	5
95	74	5
96	74	1
97	75	1
98	76	1
99	77	4
100	78	5
101	79	1
102	80	1
103	81	1
104	82	4
105	83	1
106	84	4
107	85	5
108	86	2
109	87	5
110	88	3
111	88	2
112	89	1
113	90	5
114	90	3
115	91	5
116	92	1
117	93	1
118	94	2
119	95	1
120	96	5
121	97	5
122	98	1
123	99	5
124	100	3
125	101	5
126	102	1
127	103	1
128	104	3
129	105	1
130	106	2
131	107	1
132	108	3
133	109	5
134	110	1
135	111	4
136	112	4
137	113	2
138	114	4
139	115	1
140	116	1
141	117	4
142	118	1
143	119	2
144	120	4
145	121	5
146	122	2
147	123	3
148	124	3
149	125	5
150	126	2
151	127	2
152	127	4
153	128	3
154	129	2
155	129	4
156	130	2
157	131	4
158	134	1
159	134	2
160	134	3
161	135	1
162	135	2
163	142	1
164	142	2
165	142	3
166	143	1
167	143	2
168	143	3
169	155	1
170	156	1
171	157	1
172	158	1
173	158	2
174	158	3
175	159	2
176	160	2
177	160	3
178	161	1
179	162	2
180	163	2
181	163	3
182	164	2
183	164	3
184	165	2
185	166	1
186	167	1
187	167	3
188	168	2
189	168	6
190	177	3
191	178	2
192	179	2
193	180	1
194	180	4
195	181	1
196	182	2
197	183	1
198	183	4
199	184	1
200	184	4
201	185	4
202	185	2
\.


--
-- Data for Name: case_interview_app_victimquestions; Type: TABLE DATA; Schema: public; Owner: tipnet
--

COPY public.case_interview_app_victimquestions (id, name, category, ordering) FROM stdin;
\.


--
-- Data for Name: django_admin_log; Type: TABLE DATA; Schema: public; Owner: tipnet
--

COPY public.django_admin_log (id, action_time, object_id, object_repr, action_flag, change_message, content_type_id, user_id) FROM stdin;
1	2023-11-09 09:27:13.10719+00	1	Interviewer	1	[{"added": {}}]	3	1
2	2023-11-09 09:27:22.164358+00	1	Pending	1	[{"added": {}}]	30	1
3	2023-11-09 09:27:26.552686+00	2	Approved	1	[{"added": {}}]	30	1
4	2023-11-09 09:27:31.035307+00	3	Rejected	1	[{"added": {}}]	30	1
5	2023-11-09 09:27:40.640771+00	4	Requires clarification	1	[{"added": {}}]	30	1
6	2023-11-09 09:28:09.747915+00	1	Angola	1	[{"added": {}}]	9	1
7	2023-11-09 09:28:15.966281+00	2	Botswana	1	[{"added": {}}]	9	1
8	2023-11-09 09:28:20.374474+00	3	Comoros	1	[{"added": {}}]	9	1
9	2023-11-09 09:28:33.887395+00	4	Democratic Republic of Congo	1	[{"added": {}}]	9	1
10	2023-11-09 09:28:46.668755+00	5	Kingdom of Eswatini	1	[{"added": {}}]	9	1
11	2023-11-09 09:28:56.781457+00	6	Kingdom of Lesotho	1	[{"added": {}}]	9	1
12	2023-11-09 09:29:07.502104+00	7	Madagascar	1	[{"added": {}}]	9	1
13	2023-11-09 09:29:13.443171+00	8	Malawi	1	[{"added": {}}]	9	1
14	2023-11-09 09:29:19.306539+00	9	Mauritius	1	[{"added": {}}]	9	1
15	2023-11-09 09:29:30.053577+00	10	Monzambique	1	[{"added": {}}]	9	1
16	2023-11-09 09:29:35.344671+00	11	Namibia	1	[{"added": {}}]	9	1
17	2023-11-09 09:29:45.6641+00	12	Seychelles	1	[{"added": {}}]	9	1
18	2023-11-09 09:29:53.582228+00	13	South Africa	1	[{"added": {}}]	9	1
19	2023-11-09 09:30:03.967289+00	14	United Republic of Tanzania	1	[{"added": {}}]	9	1
20	2023-11-09 09:30:10.006691+00	15	Zambia	1	[{"added": {}}]	9	1
21	2023-11-09 09:30:17.579545+00	16	Zimbabwe	1	[{"added": {}}]	9	1
22	2023-11-09 09:30:42.580887+00	1	TiP Process	1	[{"added": {}}]	10	1
23	2023-11-09 09:30:49.374921+00	2	Investigation	1	[{"added": {}}]	10	1
24	2023-11-09 09:30:55.950527+00	3	Prosecution	1	[{"added": {}}]	10	1
25	2023-11-09 09:31:00.874392+00	4	Assistance	1	[{"added": {}}]	10	1
26	2023-11-10 01:20:27.270596+00	1	Association of traffickers	1	[{"added": {}}]	21	1
27	2023-11-10 01:20:51.82719+00	2	Business type organized crime	1	[{"added": {}}]	21	1
28	2023-11-10 01:21:06.033777+00	3	Family	1	[{"added": {}}]	21	1
29	2023-11-10 01:21:12.182559+00	4	Friends	1	[{"added": {}}]	21	1
30	2023-11-10 01:21:25.545707+00	5	Individual trafficker	1	[{"added": {}}]	21	1
31	2023-11-10 01:21:32.127853+00	6	NA	1	[{"added": {}}]	21	1
32	2023-11-10 01:21:37.232935+00	7	NK	1	[{"added": {}}]	21	1
33	2023-11-10 01:22:22.854234+00	1	Pending	1	[{"added": {}}]	15	1
34	2023-11-10 01:22:38.057627+00	2	Completed	1	[{"added": {}}]	15	1
35	2023-11-10 01:22:52.667523+00	3	Case file closed	1	[{"added": {}}]	15	1
36	2023-11-10 01:23:08.60472+00	4	Withdrawn	1	[{"added": {}}]	15	1
37	2023-11-10 01:26:59.475354+00	1	Male	1	[{"added": {}}]	11	1
38	2023-11-10 01:27:11.737964+00	2	Female	1	[{"added": {}}]	11	1
39	2023-11-10 01:28:22.798833+00	1	Birth certificate	1	[{"added": {}}]	13	1
40	2023-11-10 01:28:42.187365+00	2	Driver's license	1	[{"added": {}}]	13	1
41	2023-11-10 01:28:56.568816+00	3	ID Document	1	[{"added": {}}]	13	1
42	2023-11-10 01:29:07.445775+00	4	Passport	1	[{"added": {}}]	13	1
43	2023-11-10 01:29:13.406689+00	5	Other	1	[{"added": {}}]	13	1
44	2023-11-10 01:29:27.014339+00	1	English	1	[{"added": {}}]	16	1
45	2023-11-10 01:29:31.71223+00	2	French	1	[{"added": {}}]	16	1
46	2023-11-10 01:29:40.756428+00	3	Portuguese	1	[{"added": {}}]	16	1
47	2023-11-10 01:29:54.106544+00	1	Black	1	[{"added": {}}]	18	1
48	2023-11-10 01:29:58.973569+00	2	White	1	[{"added": {}}]	18	1
49	2023-11-10 01:30:08.561869+00	3	Mixed Race	1	[{"added": {}}]	18	1
50	2023-11-10 01:30:13.205244+00	4	Asian	1	[{"added": {}}]	18	1
51	2023-11-10 01:30:23.886686+00	5	Other	1	[{"added": {}}]	18	1
52	2023-11-13 19:52:27.014019+00	16	Zimbabwe	2	[{"changed": {"fields": ["Flag"]}}]	9	1
53	2023-11-13 19:53:19.030905+00	15	Zambia	2	[{"changed": {"fields": ["Flag"]}}]	9	1
54	2023-11-13 19:53:47.803103+00	14	United Republic of Tanzania	2	[{"changed": {"fields": ["Flag"]}}]	9	1
55	2023-11-13 19:54:08.419151+00	13	South Africa	2	[{"changed": {"fields": ["Flag"]}}]	9	1
56	2023-11-13 19:54:30.609212+00	12	Seychelles	2	[{"changed": {"fields": ["Flag"]}}]	9	1
57	2023-11-13 19:54:50.202487+00	11	Namibia	2	[{"changed": {"fields": ["Flag"]}}]	9	1
58	2023-11-13 19:55:10.955+00	10	Monzambique	2	[{"changed": {"fields": ["Flag"]}}]	9	1
59	2023-11-13 19:55:33.871904+00	9	Mauritius	2	[{"changed": {"fields": ["Flag"]}}]	9	1
60	2023-11-13 19:55:59.551557+00	8	Malawi	2	[{"changed": {"fields": ["Flag"]}}]	9	1
61	2023-11-13 19:56:20.670909+00	7	Madagascar	2	[{"changed": {"fields": ["Flag"]}}]	9	1
62	2023-11-13 19:56:40.837095+00	6	Kingdom of Lesotho	2	[{"changed": {"fields": ["Flag"]}}]	9	1
63	2023-11-13 19:56:59.814476+00	5	Kingdom of Eswatini	2	[{"changed": {"fields": ["Flag"]}}]	9	1
64	2023-11-13 19:57:15.221441+00	4	Democratic Republic of Congo	2	[{"changed": {"fields": ["Flag"]}}]	9	1
65	2023-11-13 19:57:29.738271+00	3	Comoros	2	[{"changed": {"fields": ["Flag"]}}]	9	1
66	2023-11-13 19:57:47.085406+00	2	Botswana	2	[{"changed": {"fields": ["Flag"]}}]	9	1
67	2023-11-13 19:58:01.652743+00	1	Angola	2	[{"changed": {"fields": ["Flag"]}}]	9	1
68	2023-11-14 10:57:47.959545+00	1	Buyer	1	[{"added": {}}]	19	1
69	2023-11-14 10:57:57.194868+00	2	Harbourer	1	[{"added": {}}]	19	1
70	2023-11-14 10:58:04.429002+00	3	Kidnapper	1	[{"added": {}}]	19	1
71	2023-11-14 10:58:10.530247+00	4	Receiver	1	[{"added": {}}]	19	1
72	2023-11-14 10:58:18.602819+00	5	Recruiter	1	[{"added": {}}]	19	1
73	2023-11-14 10:58:24.308429+00	6	Seller	1	[{"added": {}}]	19	1
74	2023-11-14 10:58:31.98603+00	7	Transporter	1	[{"added": {}}]	19	1
75	2023-11-15 15:10:53.717453+00	1	Correctional supervision	1	[{"added": {}}]	20	1
76	2023-11-15 15:11:04.248824+00	2	Custodial sanction	1	[{"added": {}}]	20	1
77	2023-11-15 15:11:10.008621+00	3	Fined	1	[{"added": {}}]	20	1
78	2023-11-15 15:11:19.904526+00	4	Suspended sanction	1	[{"added": {}}]	20	1
79	2023-11-15 15:11:23.386159+00	5	Other	1	[{"added": {}}]	20	1
80	2023-11-15 15:11:59.149081+00	1	Failure to produce cooperative victim	1	[{"added": {}}]	7	1
81	2023-11-15 15:12:17.369602+00	2	Inconsistency	1	[{"added": {}}]	7	1
82	2023-11-15 15:12:31.893666+00	3	Insufficient evidence	1	[{"added": {}}]	7	1
83	2023-11-15 15:12:54.27994+00	4	No corroborative evidence	1	[{"added": {}}]	7	1
84	2023-11-15 15:13:07.348404+00	5	Unavailability of witnesses	1	[{"added": {}}]	7	1
85	2023-11-15 15:13:32.405209+00	1	Acquittal	1	[{"added": {}}]	17	1
86	2023-11-15 15:13:46.191488+00	2	Appeal(s)	1	[{"added": {}}]	17	1
87	2023-11-15 15:13:58.223104+00	3	Conviction obtained	1	[{"added": {}}]	17	1
88	2023-11-15 15:14:04.339478+00	4	Reviews	1	[{"added": {}}]	17	1
89	2023-11-15 15:14:08.080257+00	5	Other	1	[{"added": {}}]	17	1
90	2023-11-15 15:14:43.627071+00	1	Accessory before or after the fact	1	[{"added": {}}]	12	1
91	2023-11-15 15:14:49.908435+00	2	Attempt	1	[{"added": {}}]	12	1
92	2023-11-15 15:15:11.263056+00	3	Principal offence	1	[{"added": {}}]	12	1
93	2023-11-15 15:15:20.741951+00	4	Related offence	1	[{"added": {}}]	12	1
94	2023-11-15 15:15:33.883199+00	5	Other competent verdict	1	[{"added": {}}]	12	1
95	2023-11-15 15:16:15.822115+00	1	Discharged at the close of State's case	1	[{"added": {}}]	29	1
96	2023-11-15 15:16:21.754797+00	2	Guilty	1	[{"added": {}}]	29	1
97	2023-11-15 15:16:30.02279+00	3	Not guilty	1	[{"added": {}}]	29	1
98	2023-11-15 15:16:59.726162+00	1	Foreign court	1	[{"added": {}}]	23	1
99	2023-11-15 15:17:05.294771+00	2	High court	1	[{"added": {}}]	23	1
100	2023-11-15 15:17:20.941837+00	3	Magistrate court	1	[{"added": {}}]	23	1
101	2023-11-15 15:17:29.062234+00	4	Supreme court	1	[{"added": {}}]	23	1
102	2023-11-15 15:17:40.467696+00	5	Other lower court	1	[{"added": {}}]	23	1
103	2023-11-15 15:18:17.573419+00	1	Awaiting allocation of trial date	1	[{"added": {}}]	8	1
104	2023-11-15 15:18:22.96082+00	2	Cancelled	1	[{"added": {}}]	8	1
105	2023-11-15 15:18:35.724912+00	3	Finalised	1	[{"added": {}}]	8	1
106	2023-11-15 15:18:42.066297+00	4	Part heard	1	[{"added": {}}]	8	1
107	2023-11-15 15:18:50.337687+00	5	Pending trial	1	[{"added": {}}]	8	1
108	2023-11-15 15:18:57.439232+00	6	Pending appeal	1	[{"added": {}}]	8	1
109	2023-11-15 15:19:05.583984+00	7	Pending review	1	[{"added": {}}]	8	1
110	2023-11-15 15:19:19.020251+00	8	Struck off the role	1	[{"added": {}}]	8	1
111	2023-11-15 15:19:26.42686+00	9	Withdrawn	1	[{"added": {}}]	8	1
112	2023-11-16 11:43:50.359968+00	1	Yes	1	[{"added": {}}]	38	1
113	2023-11-16 11:43:53.820551+00	2	No	1	[{"added": {}}]	38	1
114	2023-11-16 11:43:57.324033+00	3	NA	1	[{"added": {}}]	38	1
115	2023-11-16 11:44:01.822192+00	4	NK	1	[{"added": {}}]	38	1
116	2023-11-16 11:45:32.453138+00	1	Kidney	1	[{"added": {}}]	39	1
117	2023-11-16 11:45:36.732944+00	2	Cornea	1	[{"added": {}}]	39	1
118	2023-11-16 11:45:53.182117+00	3	Toes	1	[{"added": {}}]	39	1
119	2023-11-16 11:46:42.459886+00	1	Below 18	1	[{"added": {}}]	44	1
120	2023-11-16 11:46:47.678579+00	2	Above 18	1	[{"added": {}}]	44	1
121	2023-11-16 11:46:50.792311+00	3	Both	1	[{"added": {}}]	44	1
122	2023-11-16 11:47:05.950737+00	1	Client	1	[{"added": {}}]	46	1
123	2023-11-16 11:47:15.73384+00	2	Family Intervention	1	[{"added": {}}]	46	1
124	2023-11-16 11:47:19.317229+00	3	Friend	1	[{"added": {}}]	46	1
125	2023-11-16 11:47:31.464079+00	4	Law enforcement Intervention	1	[{"added": {}}]	46	1
126	2023-11-16 11:47:43.888583+00	5	NGO intervention	1	[{"added": {}}]	46	1
127	2023-11-16 11:47:47.216021+00	6	Self	1	[{"added": {}}]	46	1
128	2023-11-16 11:47:50.449847+00	7	Other	1	[{"added": {}}]	46	1
129	2023-11-16 11:47:54.356825+00	8	NA	1	[{"added": {}}]	46	1
130	2023-11-16 11:47:57.243008+00	9	NK	1	[{"added": {}}]	46	1
131	2023-11-16 11:48:26.289499+00	1	Agricultural work	1	[{"added": {}}]	45	1
132	2023-11-16 11:48:29.702823+00	2	Begging	1	[{"added": {}}]	45	1
133	2023-11-16 11:48:35.351156+00	3	Child care	1	[{"added": {}}]	45	1
134	2023-11-16 11:48:41.809805+00	4	Construction	1	[{"added": {}}]	45	1
135	2023-11-16 11:48:48.536934+00	5	Domestic work	1	[{"added": {}}]	45	1
136	2023-11-16 11:48:55.639888+00	6	Factory work	1	[{"added": {}}]	45	1
137	2023-11-16 11:49:00.120175+00	7	Fishing	1	[{"added": {}}]	45	1
138	2023-11-16 11:49:11.190481+00	8	Mining	1	[{"added": {}}]	45	1
139	2023-11-16 11:49:25.782438+00	9	Restaurants and hotel work	1	[{"added": {}}]	45	1
140	2023-11-16 11:49:37.594682+00	10	Small street commerce	1	[{"added": {}}]	45	1
141	2023-11-16 11:49:42.179731+00	11	Trade	1	[{"added": {}}]	45	1
142	2023-11-16 11:49:54.806507+00	12	Transport sector	1	[{"added": {}}]	45	1
143	2023-11-16 11:50:00.469677+00	13	Other	1	[{"added": {}}]	45	1
144	2023-11-16 11:50:05.622723+00	14	NA	1	[{"added": {}}]	45	1
145	2023-11-16 11:50:08.812053+00	15	NK	1	[{"added": {}}]	45	1
146	2023-11-16 11:50:42.100363+00	1	Yes- bride price	1	[{"added": {}}]	40	1
147	2023-11-16 11:50:49.66179+00	2	Yes - dowry	1	[{"added": {}}]	40	1
148	2023-11-16 11:50:56.082364+00	3	Yes - dower	1	[{"added": {}}]	40	1
149	2023-11-16 11:50:58.760952+00	4	No	1	[{"added": {}}]	40	1
150	2023-11-16 11:51:11.615068+00	1	Parent	1	[{"added": {}}]	41	1
151	2023-11-16 11:51:16.449984+00	2	Relative	1	[{"added": {}}]	41	1
152	2023-11-16 11:51:20.856316+00	3	Sibling	1	[{"added": {}}]	41	1
153	2023-11-16 11:51:24.336131+00	4	Other	1	[{"added": {}}]	41	1
154	2023-11-16 11:51:51.142781+00	1	Cultural practice	1	[{"added": {}}]	42	1
155	2023-11-16 11:52:07.323396+00	2	Economic benefit for the trafficker	1	[{"added": {}}]	42	1
156	2023-11-16 11:52:24.045771+00	3	Payment of debt by parent or guardian	1	[{"added": {}}]	42	1
157	2023-11-16 11:52:38.346015+00	4	Reduction of economic burden on the family	1	[{"added": {}}]	42	1
158	2023-11-16 11:52:43.158793+00	5	Other	1	[{"added": {}}]	42	1
159	2023-11-16 11:53:05.39308+00	1	Beating	1	[{"added": {}}]	47	1
160	2023-11-16 11:53:11.772569+00	2	Child labour	1	[{"added": {}}]	47	1
161	2023-11-16 11:53:18.810136+00	3	Physical abuse	1	[{"added": {}}]	47	1
162	2023-11-16 11:53:22.82475+00	4	Rape	1	[{"added": {}}]	47	1
163	2023-11-16 11:53:27.735833+00	5	Verbal abuse	1	[{"added": {}}]	47	1
164	2023-11-16 11:53:41.248375+00	6	Under age sexual intercourse	1	[{"added": {}}]	47	1
165	2023-11-16 11:53:58.476889+00	1	Bag snatching	1	[{"added": {}}]	43	1
166	2023-11-16 11:54:05.666731+00	2	Bulglary	1	[{"added": {}}]	43	1
167	2023-11-16 11:54:16.204599+00	3	Pick pocketing	1	[{"added": {}}]	43	1
168	2023-11-16 11:54:19.924839+00	4	Robbery	1	[{"added": {}}]	43	1
169	2023-11-16 11:54:32.547432+00	5	Trade of counterfeit goods	1	[{"added": {}}]	43	1
170	2023-11-16 11:54:43.238567+00	6	Trade of illegal substances	1	[{"added": {}}]	43	1
171	2023-11-16 11:54:47.587364+00	7	Other	1	[{"added": {}}]	43	1
172	2023-11-16 11:55:00.555343+00	1	Regular	1	[{"added": {}}]	49	1
173	2023-11-16 11:55:07.624443+00	2	Irregular	1	[{"added": {}}]	49	1
174	2023-11-16 11:55:20.387386+00	1	De-mining	1	[{"added": {}}]	48	1
175	2023-11-16 11:55:28.842438+00	2	Front lin combat	1	[{"added": {}}]	48	1
176	2023-11-16 11:55:34.520914+00	3	Support staff	1	[{"added": {}}]	48	1
177	2023-11-16 11:55:39.457732+00	4	Other	1	[{"added": {}}]	48	1
178	2023-11-16 11:55:59.355687+00	1	Hospital	1	[{"added": {}}]	50	1
179	2023-11-16 11:56:08.015105+00	2	Private clinic	1	[{"added": {}}]	50	1
180	2023-11-16 11:56:14.41075+00	3	Private house	1	[{"added": {}}]	50	1
181	2023-11-16 11:56:23.641832+00	4	Other	1	[{"added": {}}]	50	1
182	2023-11-16 11:56:51.491728+00	1	Criminal organizer(s)	1	[{"added": {}}]	51	1
183	2023-11-16 11:57:00.154057+00	2	Family member(s)	1	[{"added": {}}]	51	1
184	2023-11-16 11:57:07.73276+00	3	Friend(s)	1	[{"added": {}}]	51	1
185	2023-11-16 11:57:12.362672+00	4	Self	1	[{"added": {}}]	51	1
186	2023-11-16 11:57:17.68641+00	5	NA	1	[{"added": {}}]	51	1
187	2023-11-16 11:57:20.971468+00	6	NK	1	[{"added": {}}]	51	1
188	2023-11-16 11:57:45.358429+00	1	Employment agency	1	[{"added": {}}]	53	1
189	2023-11-16 11:57:52.677412+00	2	Internet advertiser	1	[{"added": {}}]	53	1
190	2023-11-16 11:58:00.236163+00	3	Newspaper advertiser	1	[{"added": {}}]	53	1
191	2023-11-16 11:58:14.562524+00	3	Newspaper advertisement	2	[{"changed": {"fields": ["Name"]}}]	53	1
192	2023-11-16 11:58:22.090692+00	4	Personal contact	1	[{"added": {}}]	53	1
193	2023-11-16 11:58:33.284567+00	5	Radio advertisement	1	[{"added": {}}]	53	1
194	2023-11-16 11:58:39.004769+00	6	Travel agency	1	[{"added": {}}]	53	1
195	2023-11-16 11:58:52.415142+00	7	Television advertisement	1	[{"added": {}}]	53	1
196	2023-11-16 11:58:56.338872+00	8	Other	1	[{"added": {}}]	53	1
197	2023-11-16 11:58:59.602158+00	9	NA	1	[{"added": {}}]	53	1
198	2023-11-16 11:59:02.363207+00	10	NK	1	[{"added": {}}]	53	1
199	2023-11-16 11:59:24.413816+00	1	Acquaintance	1	[{"added": {}}]	52	1
200	2023-11-16 11:59:31.318485+00	2	Business contact	1	[{"added": {}}]	52	1
201	2023-11-16 11:59:37.076126+00	3	Family	1	[{"added": {}}]	52	1
202	2023-11-16 11:59:44.226228+00	4	Friend	1	[{"added": {}}]	52	1
203	2023-11-16 11:59:55.990953+00	5	Neighbour	1	[{"added": {}}]	52	1
204	2023-11-16 12:00:02.711205+00	6	Patner	1	[{"added": {}}]	52	1
205	2023-11-16 12:00:06.851426+00	7	Pimp	1	[{"added": {}}]	52	1
206	2023-11-16 12:00:11.962638+00	8	Relative	1	[{"added": {}}]	52	1
207	2023-11-16 12:00:16.015279+00	9	Stranger	1	[{"added": {}}]	52	1
208	2023-11-16 12:00:22.855448+00	10	Other	1	[{"added": {}}]	52	1
209	2023-11-16 12:00:27.858594+00	11	NA	1	[{"added": {}}]	52	1
210	2023-11-16 12:00:46.950669+00	12	NK	1	[{"added": {}}]	52	1
211	2023-11-16 12:01:30.741663+00	1	Use of threat	1	[{"added": {}}]	22	1
212	2023-11-16 12:01:38.952+00	2	Use of force	1	[{"added": {}}]	22	1
213	2023-11-16 12:01:44.31157+00	3	Abduction	1	[{"added": {}}]	22	1
214	2023-11-16 12:01:47.854325+00	4	Fraud	1	[{"added": {}}]	22	1
215	2023-11-16 12:01:52.727202+00	5	Deception	1	[{"added": {}}]	22	1
216	2023-11-16 12:01:59.785468+00	6	Coercion	1	[{"added": {}}]	22	1
217	2023-11-16 12:02:21.231183+00	7	Abuse of position of vulnerability	1	[{"added": {}}]	22	1
218	2023-11-16 12:02:27.374629+00	8	Abuse of power	1	[{"added": {}}]	22	1
219	2023-11-16 12:02:31.623858+00	9	Payments	1	[{"added": {}}]	22	1
220	2023-11-16 12:02:35.079401+00	10	Debts	1	[{"added": {}}]	22	1
221	2023-11-16 12:02:40.287556+00	11	Other	1	[{"added": {}}]	22	1
222	2023-11-16 12:02:44.74028+00	12	NA	1	[{"added": {}}]	22	1
223	2023-11-16 12:02:50.019025+00	13	NK	1	[{"added": {}}]	22	1
224	2023-11-16 14:21:36.348524+00	13	NK	3		22	1
225	2023-11-16 14:21:36.352914+00	12	NA	3		22	1
226	2023-11-16 14:21:36.35562+00	11	Other	3		22	1
227	2023-11-16 14:21:36.357997+00	10	Debts	3		22	1
228	2023-11-16 14:21:36.360223+00	9	Payments	3		22	1
229	2023-11-16 14:21:36.362297+00	8	Abuse of power	3		22	1
230	2023-11-16 14:21:36.364316+00	7	Abuse of position of vulnerability	3		22	1
231	2023-11-16 14:21:36.366392+00	6	Coercion	3		22	1
232	2023-11-16 14:21:36.368342+00	5	Deception	3		22	1
233	2023-11-16 14:21:36.370205+00	4	Fraud	3		22	1
234	2023-11-16 14:21:36.372265+00	3	Abduction	3		22	1
235	2023-11-16 14:21:36.374361+00	2	Use of force	3		22	1
236	2023-11-16 14:21:36.376419+00	1	Use of threat	3		22	1
237	2023-11-16 14:21:47.073888+00	14	Boat	1	[{"added": {}}]	22	1
238	2023-11-16 14:21:54.087181+00	15	Bus	1	[{"added": {}}]	22	1
239	2023-11-16 14:22:00.78716+00	16	Car	1	[{"added": {}}]	22	1
240	2023-11-16 14:22:04.967727+00	17	Air	1	[{"added": {}}]	22	1
241	2023-11-16 14:22:08.769977+00	18	Foot	1	[{"added": {}}]	22	1
242	2023-11-16 14:22:13.525696+00	19	Train	1	[{"added": {}}]	22	1
243	2023-11-16 14:22:18.246933+00	20	Other	1	[{"added": {}}]	22	1
244	2023-11-16 14:24:54.834626+00	1	Use of threat	1	[{"added": {}}]	54	1
245	2023-11-16 14:25:00.112868+00	2	Use of force	1	[{"added": {}}]	54	1
246	2023-11-16 14:25:06.016563+00	3	Abduction	1	[{"added": {}}]	54	1
247	2023-11-16 14:25:13.2236+00	4	Fraud	1	[{"added": {}}]	54	1
248	2023-11-16 14:25:18.628187+00	5	Deception	1	[{"added": {}}]	54	1
249	2023-11-16 14:25:25.963456+00	6	Coercion	1	[{"added": {}}]	54	1
250	2023-11-16 14:25:30.829784+00	7	Abuse of position of vulnerability	1	[{"added": {}}]	54	1
251	2023-11-16 14:25:35.48629+00	8	Abuse of power	1	[{"added": {}}]	54	1
252	2023-11-16 14:25:50.854518+00	9	Payments	1	[{"added": {}}]	54	1
253	2023-11-16 14:25:54.919855+00	10	Debts	1	[{"added": {}}]	54	1
254	2023-11-16 14:26:00.660475+00	11	Other	1	[{"added": {}}]	54	1
255	2023-11-16 14:26:04.710908+00	12	NA	1	[{"added": {}}]	54	1
256	2023-11-16 14:26:10.365916+00	13	NK	1	[{"added": {}}]	54	1
257	2023-11-18 16:02:27.535003+00	1	Government	1	[{"added": {}}]	63	1
258	2023-11-18 16:02:31.205604+00	2	NGO	1	[{"added": {}}]	63	1
259	2023-11-18 16:02:37.299866+00	3	Other	1	[{"added": {}}]	63	1
260	2023-11-18 16:03:01.20717+00	1	Agro business	1	[{"added": {}}]	60	1
261	2023-11-18 16:03:08.149178+00	2	Foreign language	1	[{"added": {}}]	60	1
262	2023-11-18 16:03:15.427244+00	3	Manufacturing	1	[{"added": {}}]	60	1
263	2023-11-18 16:03:29.405939+00	4	Proffessional training	1	[{"added": {}}]	60	1
264	2023-11-18 16:03:36.18918+00	5	Service sector	1	[{"added": {}}]	60	1
265	2023-11-18 16:03:42.828205+00	6	Trade or shop	1	[{"added": {}}]	60	1
266	2023-11-18 16:03:46.460534+00	7	Other	1	[{"added": {}}]	60	1
267	2023-11-18 16:04:05.701102+00	1	High school	1	[{"added": {}}]	57	1
268	2023-11-18 16:04:12.094508+00	2	Primary school	1	[{"added": {}}]	57	1
269	2023-11-18 16:04:28.399669+00	2	Primary school or elementary school	2	[{"changed": {"fields": ["Name"]}}]	57	1
270	2023-11-18 16:04:43.713644+00	3	Secondary education	1	[{"added": {}}]	57	1
271	2023-11-18 16:04:53.718486+00	4	Technical school	1	[{"added": {}}]	57	1
272	2023-11-18 16:04:59.349533+00	5	Tutoring	1	[{"added": {}}]	57	1
273	2023-11-18 16:05:05.243925+00	6	University	1	[{"added": {}}]	57	1
274	2023-11-18 16:05:09.061995+00	7	Other	1	[{"added": {}}]	57	1
275	2023-11-18 16:05:31.989674+00	1	Conditional permanent resident	1	[{"added": {}}]	59	1
276	2023-11-18 16:05:43.014143+00	2	Lawful permanent resident	1	[{"added": {}}]	59	1
277	2023-11-18 16:06:00.563626+00	3	Naturalized citizen	1	[{"added": {}}]	59	1
278	2023-11-18 16:06:19.895115+00	4	Voluntary assisted return and reintegration	1	[{"added": {}}]	59	1
279	2023-11-18 16:06:24.220773+00	5	Other	1	[{"added": {}}]	59	1
280	2023-11-18 16:06:47.398187+00	1	Financial assistance	1	[{"added": {}}]	55	1
281	2023-11-18 16:06:52.503196+00	2	Housing	1	[{"added": {}}]	55	1
282	2023-11-18 16:06:58.976106+00	3	Legal assistance	1	[{"added": {}}]	55	1
283	2023-11-18 16:07:06.06936+00	4	Medical assistance	1	[{"added": {}}]	55	1
284	2023-11-18 16:07:19.606636+00	5	Micro-enterprise	1	[{"added": {}}]	55	1
285	2023-11-18 16:07:27.641926+00	6	Vocational training	1	[{"added": {}}]	55	1
286	2023-11-18 16:07:33.88678+00	7	Other	1	[{"added": {}}]	55	1
287	2023-11-18 16:07:51.816887+00	1	NGO	1	[{"added": {}}]	56	1
288	2023-11-18 16:07:58.385759+00	2	labour market	1	[{"added": {}}]	56	1
289	2023-11-18 16:08:09.012444+00	3	private sector	1	[{"added": {}}]	56	1
290	2023-11-18 16:08:13.074582+00	4	Other	1	[{"added": {}}]	56	1
291	2023-11-18 16:08:30.630489+00	3	private sector party	2	[{"changed": {"fields": ["Name"]}}]	56	1
292	2023-11-18 16:08:52.438087+00	1	Extended family	1	[{"added": {}}]	58	1
293	2023-11-18 16:08:59.268129+00	2	Nuclear	1	[{"added": {}}]	58	1
294	2023-11-18 16:09:08.566456+00	3	Single head female	1	[{"added": {}}]	58	1
295	2023-11-18 16:09:16.942367+00	4	Single head male	1	[{"added": {}}]	58	1
296	2023-11-18 16:09:21.005224+00	5	Orphan	1	[{"added": {}}]	58	1
297	2023-11-18 16:09:24.226703+00	6	Other	1	[{"added": {}}]	58	1
298	2023-11-18 16:09:37.665813+00	1	Adopted	1	[{"added": {}}]	61	1
299	2023-11-18 16:09:41.901724+00	2	Alone	1	[{"added": {}}]	61	1
300	2023-11-18 16:09:48.173891+00	3	Employer	1	[{"added": {}}]	61	1
301	2023-11-18 16:09:52.68674+00	4	Friends	1	[{"added": {}}]	61	1
302	2023-11-18 16:09:58.248851+00	5	Homeless	1	[{"added": {}}]	61	1
303	2023-11-18 16:10:04.244706+00	6	Institution	1	[{"added": {}}]	61	1
304	2023-11-18 16:10:09.449404+00	7	Patner	1	[{"added": {}}]	61	1
305	2023-11-18 16:10:15.853595+00	8	Relatives	1	[{"added": {}}]	61	1
306	2023-11-18 16:10:20.289883+00	9	School	1	[{"added": {}}]	61	1
307	2023-11-18 16:10:23.59885+00	10	Other	1	[{"added": {}}]	61	1
308	2023-11-18 16:10:48.81144+00	1	Agricultural work	1	[{"added": {}}]	62	1
309	2023-11-18 16:10:54.145212+00	2	Begging	1	[{"added": {}}]	62	1
310	2023-11-18 16:11:00.775238+00	3	Child care	1	[{"added": {}}]	62	1
311	2023-11-18 16:11:08.450049+00	4	Construction	1	[{"added": {}}]	62	1
312	2023-11-18 16:11:14.15063+00	5	Domestic work	1	[{"added": {}}]	62	1
313	2023-11-18 16:11:21.073916+00	6	Factory work	1	[{"added": {}}]	62	1
314	2023-11-18 16:11:29.147921+00	7	Fishing	1	[{"added": {}}]	62	1
315	2023-11-18 16:11:44.678491+00	8	Low-level criminal activities	1	[{"added": {}}]	62	1
316	2023-11-18 16:11:54.249278+00	9	Military service	1	[{"added": {}}]	62	1
317	2023-11-18 16:11:59.298146+00	10	Mining	1	[{"added": {}}]	62	1
318	2023-11-18 16:12:07.394087+00	11	Prostitution	1	[{"added": {}}]	62	1
319	2023-11-18 16:12:15.245115+00	12	Restaurants and hotel work	1	[{"added": {}}]	62	1
320	2023-11-18 16:12:21.530199+00	13	Small street commerce	1	[{"added": {}}]	62	1
321	2023-11-18 16:12:26.095206+00	14	Trade	1	[{"added": {}}]	62	1
322	2023-11-18 16:12:31.43405+00	15	Transport sector	1	[{"added": {}}]	62	1
323	2023-11-18 16:12:40.554558+00	16	Unemployed	1	[{"added": {}}]	62	1
324	2023-11-18 16:12:45.660408+00	17	Other	1	[{"added": {}}]	62	1
325	2023-11-18 16:12:50.364877+00	18	NA	1	[{"added": {}}]	62	1
326	2023-11-18 16:12:57.152833+00	19	NK	1	[{"added": {}}]	62	1
327	2023-11-21 18:28:23.130332+00	10	james.ndungu@gmail.com	1	[{"added": {}}]	4	1
328	2023-11-21 18:29:13.310127+00	10	james.ndungu@gmail.com	2	[{"changed": {"fields": ["First name", "Last name", "Email address", "Staff status", "Superuser status"]}}]	4	1
329	2023-11-25 16:13:52.768936+00	1	Page	1	[{"added": {}}]	67	1
330	2023-11-25 16:13:57.503688+00	2	Help	1	[{"added": {}}]	67	1
331	2023-11-25 16:14:21.287746+00	3	Record	1	[{"added": {}}]	67	1
332	2023-11-25 17:18:29.10086+00	1	Search object (1)	1	[{"added": {}}]	68	1
333	2023-11-25 17:20:10.061178+00	2	Search object (2)	1	[{"added": {}}]	68	1
334	2023-11-25 17:21:13.378646+00	3	Search object (3)	1	[{"added": {}}]	68	1
335	2023-11-25 17:21:23.156499+00	2	Search object (2)	2	[{"changed": {"fields": ["Search link"]}}]	68	1
336	2023-11-25 17:21:32.149359+00	1	Search object (1)	2	[{"changed": {"fields": ["Search link"]}}]	68	1
337	2023-11-25 18:23:51.155843+00	16	Zimbabwe	2	[{"changed": {"fields": ["Two code", "Three code"]}}]	9	1
338	2023-11-25 18:24:06.602809+00	15	Zambia	2	[{"changed": {"fields": ["Two code", "Three code"]}}]	9	1
339	2023-11-25 18:25:20.274411+00	14	United Republic of Tanzania	2	[{"changed": {"fields": ["Two code", "Three code"]}}]	9	1
340	2023-11-25 18:25:43.948366+00	13	South Africa	2	[{"changed": {"fields": ["Two code", "Three code"]}}]	9	1
341	2023-11-25 18:25:59.146154+00	12	Seychelles	2	[{"changed": {"fields": ["Two code", "Three code"]}}]	9	1
342	2023-11-25 18:26:23.220903+00	11	Namibia	2	[{"changed": {"fields": ["Two code", "Three code"]}}]	9	1
343	2023-11-25 18:26:49.669985+00	10	Mozambique	2	[{"changed": {"fields": ["Name", "Two code", "Three code"]}}]	9	1
344	2023-11-25 18:27:10.74997+00	9	Mauritius	2	[{"changed": {"fields": ["Two code", "Three code"]}}]	9	1
345	2023-11-25 18:27:39.875025+00	8	Malawi	2	[{"changed": {"fields": ["Two code", "Three code"]}}]	9	1
346	2023-11-25 18:27:57.183815+00	7	Madagascar	2	[{"changed": {"fields": ["Two code", "Three code"]}}]	9	1
347	2023-11-25 18:28:13.387844+00	6	Kingdom of Lesotho	2	[{"changed": {"fields": ["Two code", "Three code"]}}]	9	1
348	2023-11-25 18:29:26.189923+00	5	Kingdom of Eswatini	2	[{"changed": {"fields": ["Two code", "Three code"]}}]	9	1
349	2023-11-25 18:29:45.604765+00	4	Democratic Republic of Congo	2	[{"changed": {"fields": ["Two code", "Three code"]}}]	9	1
350	2023-11-25 18:29:56.012117+00	4	Democratic Republic of Congo	2	[]	9	1
351	2023-11-25 18:30:23.894637+00	3	Comoros	2	[{"changed": {"fields": ["Two code", "Three code"]}}]	9	1
352	2023-11-25 18:30:45.223762+00	2	Botswana	2	[{"changed": {"fields": ["Two code", "Three code"]}}]	9	1
353	2023-11-25 18:31:29.837234+00	1	Angola	2	[{"changed": {"fields": ["Two code", "Three code"]}}]	9	1
354	2023-11-25 18:37:58.697219+00	3	Search object (3)	2	[{"changed": {"fields": ["Search link"]}}]	68	1
355	2023-11-25 18:38:30.608194+00	3	Search object (3)	2	[{"changed": {"fields": ["Search link"]}}]	68	1
356	2023-11-25 20:01:51.559241+00	3	Search object (3)	2	[{"changed": {"fields": ["Search link"]}}]	68	1
357	2023-11-25 20:03:28.788369+00	4	Search object (4)	1	[{"added": {}}]	68	1
358	2023-11-26 11:50:02.825369+00	3	qwerqwer	3		4	10
359	2023-11-26 11:50:26.521752+00	4	addr1@my.org	3		4	10
360	2023-11-26 11:54:33.7832+00	7	Test1@ Test1.com	2	[{"changed": {"fields": ["password"]}}]	4	10
361	2023-11-26 11:55:50.072526+00	7	Test1	2	[{"changed": {"fields": ["Username", "First name", "Last name", "Email address"]}}]	4	10
362	2023-11-26 12:29:51.917457+00	1	default (Test1@1.org)	3		34	1
363	2023-11-26 12:30:06.16604+00	2	default (jimmy.ndungu@ymail.com)	3		34	1
364	2023-11-27 17:41:25.33699+00	2	Search object (2)	2	[{"changed": {"fields": ["Data entry purpose"]}}]	68	1
365	2023-11-27 17:44:29.541832+00	1	Search object (1)	2	[{"changed": {"fields": ["Data entry purpose"]}}]	68	1
366	2023-11-27 17:50:53.13735+00	5	Search object (5)	1	[{"added": {}}]	68	1
367	2023-11-27 17:51:46.433905+00	6	Search object (6)	1	[{"added": {}}]	68	1
368	2023-11-27 17:52:00.21833+00	6	Search object (6)	2	[{"changed": {"fields": ["Search tag"]}}]	68	1
369	2023-11-27 17:54:00.741686+00	10	james.ndungu@gmail.com	2	[{"changed": {"fields": ["password"]}}]	4	1
370	2023-11-27 18:01:56.517527+00	10	james.ndungu@gmail.com	2	[{"changed": {"fields": ["password"]}}]	4	1
371	2023-11-29 14:18:58.613078+00	1	Faq object (1)	1	[{"added": {}}]	70	1
372	2023-11-29 14:19:16.114201+00	2	Faq object (2)	1	[{"added": {}}]	70	1
373	2023-11-29 14:19:35.063805+00	3	Faq object (3)	1	[{"added": {}}]	70	1
374	2023-11-29 14:19:51.244873+00	4	Faq object (4)	1	[{"added": {}}]	70	1
375	2023-11-29 14:20:08.850156+00	5	Faq object (5)	1	[{"added": {}}]	70	1
376	2023-11-29 14:20:25.838331+00	6	Faq object (6)	1	[{"added": {}}]	70	1
377	2023-11-30 17:33:52.394094+00	6	Search object (6)	2	[{"changed": {"fields": ["Search text fr", "Search description fr", "Search text pt", "Search description pt"]}}]	68	1
378	2023-12-01 17:30:04.727633+00	6	Search object (6)	2	[{"changed": {"fields": ["Search link"]}}]	68	1
379	2023-12-01 17:30:25.294525+00	5	Search object (5)	2	[{"changed": {"fields": ["Search link"]}}]	68	1
380	2023-12-01 17:30:45.975017+00	4	Search object (4)	2	[{"changed": {"fields": ["Search link"]}}]	68	1
381	2023-12-01 17:30:57.476256+00	3	Search object (3)	2	[{"changed": {"fields": ["Search link"]}}]	68	1
382	2023-12-01 17:31:09.547325+00	2	Search object (2)	2	[{"changed": {"fields": ["Search link"]}}]	68	1
383	2023-12-01 17:31:36.781479+00	1	Search object (1)	2	[{"changed": {"fields": ["Search link"]}}]	68	1
384	2023-12-01 17:44:24.299101+00	30	VictimProfile object (30)	2	[{"changed": {"fields": ["Interview country"]}}]	24	1
385	2023-12-01 17:45:12.118459+00	29	VictimProfile object (29)	2	[{"changed": {"fields": ["Address", "Email address", "Interview country"]}}]	24	1
386	2023-12-01 17:45:37.990969+00	28	VictimProfile object (28)	2	[{"changed": {"fields": ["Address", "Email address", "Interview country"]}}]	24	1
387	2023-12-01 17:46:29.049251+00	26	VictimProfile object (26)	2	[{"changed": {"fields": ["Address", "Email address", "Interview country"]}}]	24	1
388	2023-12-01 18:03:06.507984+00	17	Kenya	1	[{"added": {}}]	9	1
389	2023-12-01 18:16:01.142929+00	4	default (jrarui@strathmore.edu)	1	[{"added": {}}]	34	1
390	2023-12-03 21:54:33.805511+00	12	JJ@jj.org	3		4	10
391	2023-12-04 14:49:43.078505+00	5	amuradza@sadc.int	2	[{"changed": {"fields": ["password"]}}]	4	10
392	2023-12-04 17:57:20.617467+00	18	Other	1	[{"added": {}}]	9	10
393	2023-12-04 17:57:43.652564+00	18	Other	2	[{"changed": {"fields": ["Three code"]}}]	9	10
394	2023-12-04 17:58:00.607675+00	19	Uganda	1	[{"added": {}}]	9	10
395	2023-12-04 17:58:17.84886+00	20	Ethiopia	1	[{"added": {}}]	9	10
396	2023-12-04 17:58:37.581126+00	19	Uganda	2	[{"changed": {"fields": ["Is sadc"]}}]	9	10
397	2023-12-04 17:58:53.717257+00	21	Somalia	1	[{"added": {}}]	9	10
398	2023-12-04 17:59:12.085956+00	22	Eritirea	1	[{"added": {}}]	9	10
399	2023-12-04 17:59:27.010586+00	22	Eritrea	2	[{"changed": {"fields": ["Name"]}}]	9	10
400	2023-12-04 18:00:17.662426+00	23	Djibouti	1	[{"added": {}}]	9	10
401	2023-12-04 21:23:01.872049+00	4	Kiswahili	1	[{"added": {}}]	16	10
402	2023-12-04 21:25:20.819729+00	5	Other	1	[{"added": {}}]	16	10
403	2023-12-05 08:28:47.081884+00	17	j.dunn0787@gmail.com	2	[{"changed": {"fields": ["password"]}}]	4	10
404	2023-12-05 11:13:28.779627+00	67	Interviewer object (67)	2	[{"changed": {"fields": ["Email address"]}}]	14	10
405	2023-12-05 11:15:57.499755+00	68	atilkumar3@gmail,com	2	[{"changed": {"fields": ["password"]}}]	4	10
406	2023-12-05 11:16:35.253036+00	68	atilkumar3@gmail.com	2	[{"changed": {"fields": ["Username", "Email address"]}}]	4	10
407	2023-12-05 11:19:03.652881+00	68	atilkumar3@gmail.com	3		4	10
408	2023-12-05 11:20:53.244105+00	88	atilkumar3@gmail,com	3		4	10
409	2023-12-05 12:16:03.288502+00	41	ciscojasse@gmail.com	2	[{"changed": {"fields": ["Username"]}}]	4	10
410	2023-12-05 12:20:38.328203+00	80	dlaminithandiwe084@gmail.com	3		4	10
411	2023-12-05 12:21:37.484228+00	62	dlaminithandiwem@gmail.com	2	[{"changed": {"fields": ["password"]}}]	4	10
412	2023-12-05 12:32:09.704491+00	71	murombedzij@gmail.com	2	[{"changed": {"fields": ["password"]}}]	4	10
413	2023-12-05 12:34:31.971988+00	76	medamane@yahoo.fr	2	[{"changed": {"fields": ["password"]}}]	4	10
414	2023-12-05 12:34:52.364881+00	76	medamane@yahoo.fr	2	[{"changed": {"fields": ["First name", "Last name"]}}]	4	10
415	2023-12-05 12:50:15.036661+00	92	BPOLIAH@YAHOO.COM	3		4	10
416	2023-12-05 12:53:22.073228+00	73	lisboafis@yahoo.com	3		4	10
417	2023-12-05 12:56:55.856237+00	85	reginakufumanamanuel@gmail.com	3		4	10
418	2023-12-05 13:15:23.486847+00	84	Interviewer object (84)	3		14	10
419	2023-12-05 13:26:05.787629+00	72	Interviewer object (72)	3		14	10
420	2023-12-06 07:36:13.941811+00	20	Interviewer object (20)	3		14	10
421	2023-12-06 12:07:51.064585+00	71	murombedzij@gmail.com	3		4	10
422	2024-01-02 13:44:22.383121+00	4	NK	2	[{"changed": {"fields": ["Name", "Name [en]"]}}]	38	1
423	2024-01-02 13:44:44.609109+00	3	NA	2	[{"changed": {"fields": ["Name", "Name [en]"]}}]	38	1
424	2024-01-02 13:45:24.43346+00	2	No	2	[{"changed": {"fields": ["Name", "Name [en]"]}}]	38	1
425	2024-01-02 13:45:48.550726+00	1	Yes	2	[{"changed": {"fields": ["Name", "Name [en]"]}}]	38	1
426	2024-01-02 13:46:32.137634+00	1	Pending	2	[{"changed": {"fields": ["Name", "Name [en]"]}}]	30	1
427	2024-01-02 13:46:51.489103+00	2	Approved	2	[{"changed": {"fields": ["Name", "Name [en]"]}}]	30	1
428	2024-01-02 13:47:12.202191+00	3	Rejected	2	[{"changed": {"fields": ["Name", "Name [en]"]}}]	30	1
429	2024-01-02 13:47:50.24092+00	4	Requires clarification	2	[{"changed": {"fields": ["Name", "Name [en]"]}}]	30	1
430	2024-01-02 13:48:25.121141+00	1	Failure to produce cooperative victim	2	[{"changed": {"fields": ["Name"]}}]	7	1
431	2024-01-02 13:48:51.038235+00	2	Inconsistency	2	[{"changed": {"fields": ["Name", "Name [en]"]}}]	7	1
432	2024-01-02 13:49:14.984641+00	3	Insufficient evidence	2	[{"changed": {"fields": ["Name", "Name [en]"]}}]	7	1
433	2024-01-02 13:49:53.824156+00	4	No corroborative evidence	2	[{"changed": {"fields": ["Name", "Name [en]"]}}]	7	1
434	2024-01-02 13:50:21.297403+00	5	Unavailability of witnesses	2	[{"changed": {"fields": ["Name", "Name [en]"]}}]	7	1
435	2024-01-02 13:50:57.924632+00	1	Kidney	2	[{"changed": {"fields": ["Name", "Name [en]"]}}]	39	1
436	2024-01-02 13:51:15.499128+00	2	Cornea	2	[{"changed": {"fields": ["Name", "Name [en]"]}}]	39	1
437	2024-01-02 13:51:30.407985+00	3	Toes	2	[{"changed": {"fields": ["Name", "Name [en]"]}}]	39	1
438	2024-01-02 13:51:53.925985+00	1	Parent	2	[{"changed": {"fields": ["Name", "Name [en]"]}}]	41	1
439	2024-01-02 13:52:14.354097+00	2	Relative	2	[{"changed": {"fields": ["Name", "Name [en]"]}}]	41	1
440	2024-01-02 13:52:31.47706+00	3	Sibling	2	[{"changed": {"fields": ["Name", "Name [en]"]}}]	41	1
441	2024-01-02 13:52:50.894039+00	4	Other	2	[{"changed": {"fields": ["Name", "Name [en]"]}}]	41	1
442	2024-01-02 13:53:17.914569+00	1	Yes - bride price	2	[{"changed": {"fields": ["Name", "Name [en]"]}}]	40	1
443	2024-01-02 13:53:36.724952+00	2	Yes - dowry	2	[{"changed": {"fields": ["Name", "Name [en]"]}}]	40	1
444	2024-01-02 13:53:55.957557+00	3	Yes - dower	2	[{"changed": {"fields": ["Name", "Name [en]"]}}]	40	1
445	2024-01-02 13:54:11.390026+00	4	No	2	[{"changed": {"fields": ["Name", "Name [en]"]}}]	40	1
446	2024-01-02 13:54:32.522902+00	1	Awaiting allocation of trial date	2	[{"changed": {"fields": ["Name", "Name [en]"]}}]	8	1
447	2024-01-02 13:54:51.673374+00	2	Cancelled	2	[{"changed": {"fields": ["Name", "Name [en]"]}}]	8	1
448	2024-01-02 13:55:04.188439+00	3	Finalised	2	[{"changed": {"fields": ["Name", "Name [en]"]}}]	8	1
449	2024-01-02 13:55:20.306309+00	4	Part heard	2	[{"changed": {"fields": ["Name", "Name [en]"]}}]	8	1
450	2024-01-02 13:55:35.435886+00	5	Pending trial	2	[{"changed": {"fields": ["Name", "Name [en]"]}}]	8	1
451	2024-01-02 13:56:00.61208+00	6	Pending appeal	2	[{"changed": {"fields": ["Name", "Name [en]"]}}]	8	1
452	2024-01-02 13:56:23.95444+00	7	Pending review	2	[{"changed": {"fields": ["Name", "Name [en]"]}}]	8	1
453	2024-01-02 13:56:42.602927+00	8	Struck off the role	2	[{"changed": {"fields": ["Name", "Name [en]"]}}]	8	1
454	2024-01-02 13:56:52.939112+00	9	Withdrawn	2	[{"changed": {"fields": ["Name", "Name [en]"]}}]	8	1
455	2024-01-02 13:57:27.308541+00	1	Cultural practice	2	[{"changed": {"fields": ["Name", "Name [en]"]}}]	42	1
456	2024-01-02 13:57:41.276183+00	2	Economic benefit for the trafficker	2	[{"changed": {"fields": ["Name", "Name [en]"]}}]	42	1
457	2024-01-02 13:57:54.061141+00	3	Payment of debt by parent or guardian	2	[{"changed": {"fields": ["Name", "Name [en]"]}}]	42	1
458	2024-01-02 13:58:20.477138+00	4	Reduction of economic burden on the family	2	[{"changed": {"fields": ["Name", "Name [en]"]}}]	42	1
459	2024-01-02 13:58:35.821158+00	5	Other	2	[{"changed": {"fields": ["Name", "Name [en]"]}}]	42	1
460	2024-01-02 13:59:06.10781+00	1	Financial assistance	2	[{"changed": {"fields": ["Name", "Name [en]"]}}]	55	1
461	2024-01-02 13:59:21.148563+00	2	Housing	2	[{"changed": {"fields": ["Name", "Name [en]"]}}]	55	1
462	2024-01-02 13:59:35.302231+00	3	Legal assistance	2	[{"changed": {"fields": ["Name", "Name [en]"]}}]	55	1
463	2024-01-02 13:59:51.090583+00	4	Medical assistance	2	[{"changed": {"fields": ["Name", "Name [en]"]}}]	55	1
464	2024-01-02 14:00:06.98834+00	5	Micro-enterprise	2	[{"changed": {"fields": ["Name", "Name [en]"]}}]	55	1
465	2024-01-02 14:00:26.623688+00	6	Vocational training	2	[{"changed": {"fields": ["Name", "Name [en]"]}}]	55	1
466	2024-01-02 14:00:43.995682+00	7	Other	2	[{"changed": {"fields": ["Name", "Name [en]"]}}]	55	1
467	2024-01-02 14:01:18.078091+00	1	Bag snatching	2	[{"changed": {"fields": ["Name", "Name [en]"]}}]	43	1
468	2024-01-02 14:01:30.747272+00	2	Bulglary	2	[{"changed": {"fields": ["Name", "Name [en]"]}}]	43	1
469	2024-01-02 14:01:41.515749+00	3	Pick pocketing	2	[{"changed": {"fields": ["Name", "Name [en]"]}}]	43	1
470	2024-01-02 14:01:57.467377+00	4	Robbery	2	[{"changed": {"fields": ["Name", "Name [en]"]}}]	43	1
471	2024-01-02 14:02:09.659342+00	5	Trade of counterfeit goods	2	[{"changed": {"fields": ["Name", "Name [en]"]}}]	43	1
472	2024-01-02 14:02:30.186295+00	6	Trade of illegal substances	2	[{"changed": {"fields": ["Name", "Name [en]"]}}]	43	1
473	2024-01-02 14:02:47.46577+00	7	Other	2	[{"changed": {"fields": ["Name", "Name [en]"]}}]	43	1
474	2024-01-02 14:03:20.560398+00	1	TiP Process	2	[{"changed": {"fields": ["Name", "Name [en]"]}}]	10	1
475	2024-01-02 14:03:41.657997+00	2	Investigation	2	[{"changed": {"fields": ["Name", "Name [en]"]}}]	10	1
476	2024-01-02 14:03:59.423363+00	3	Prosecution	2	[{"changed": {"fields": ["Name", "Name [en]"]}}]	10	1
477	2024-01-02 14:04:19.028906+00	4	Assistance	2	[{"changed": {"fields": ["Name", "Name [en]"]}}]	10	1
478	2024-01-02 14:08:47.754013+00	1	NGO	2	[{"changed": {"fields": ["Name", "Name [en]"]}}]	56	1
479	2024-01-02 14:09:05.345955+00	2	Labour market	2	[{"changed": {"fields": ["Name", "Name [en]"]}}]	56	1
480	2024-01-02 14:09:26.823281+00	3	Private sector party	2	[{"changed": {"fields": ["Name", "Name [en]"]}}]	56	1
481	2024-01-02 14:09:51.254714+00	4	Other	2	[{"changed": {"fields": ["Name", "Name [en]"]}}]	56	1
482	2024-01-02 14:10:11.341249+00	1	High school	2	[{"changed": {"fields": ["Name", "Name [en]"]}}]	57	1
483	2024-01-02 14:10:31.128666+00	2	Primary school or elementary school	2	[{"changed": {"fields": ["Name", "Name [en]"]}}]	57	1
484	2024-01-02 14:10:45.490483+00	3	Secondary education	2	[{"changed": {"fields": ["Name", "Name [en]"]}}]	57	1
485	2024-01-02 14:11:01.874399+00	4	Technical school	2	[{"changed": {"fields": ["Name", "Name [en]"]}}]	57	1
486	2024-01-02 14:11:18.847461+00	5	Tutoring	2	[{"changed": {"fields": ["Name", "Name [en]"]}}]	57	1
487	2024-01-02 14:11:34.451056+00	6	University	2	[{"changed": {"fields": ["Name", "Name [en]"]}}]	57	1
488	2024-01-02 14:11:48.877612+00	7	Other	2	[{"changed": {"fields": ["Name", "Name [en]"]}}]	57	1
489	2024-01-02 14:12:11.573351+00	1	Below 18	2	[{"changed": {"fields": ["Name", "Name [en]"]}}]	44	1
490	2024-01-02 14:12:26.465083+00	2	Above 18	2	[{"changed": {"fields": ["Name", "Name [en]"]}}]	44	1
491	2024-01-02 14:12:39.353899+00	3	Both	2	[{"changed": {"fields": ["Name", "Name [en]"]}}]	44	1
492	2024-01-02 14:13:13.99406+00	1	Extended family	2	[{"changed": {"fields": ["Name", "Name [en]"]}}]	58	1
493	2024-01-02 14:13:29.687166+00	2	Nuclear	2	[{"changed": {"fields": ["Name", "Name [en]"]}}]	58	1
494	2024-01-02 14:13:51.834144+00	3	Single head female	2	[{"changed": {"fields": ["Name", "Name [en]"]}}]	58	1
495	2024-01-02 14:14:05.083917+00	4	Single head male	2	[{"changed": {"fields": ["Name", "Name [en]"]}}]	58	1
496	2024-01-02 14:14:17.628003+00	5	Orphan	2	[{"changed": {"fields": ["Name", "Name [en]"]}}]	58	1
497	2024-01-02 14:14:30.888124+00	6	Other	2	[{"changed": {"fields": ["Name", "Name [en]"]}}]	58	1
498	2024-01-02 14:15:15.534165+00	1	Agricultural work	2	[{"changed": {"fields": ["Name", "Name [en]"]}}]	45	1
499	2024-01-02 14:15:30.874763+00	2	Begging	2	[{"changed": {"fields": ["Name", "Name [en]"]}}]	45	1
500	2024-01-02 14:15:50.066446+00	3	Child care	2	[{"changed": {"fields": ["Name", "Name [en]"]}}]	45	1
501	2024-01-02 14:16:02.186722+00	4	Construction	2	[{"changed": {"fields": ["Name", "Name [en]"]}}]	45	1
502	2024-01-02 14:16:17.28262+00	5	Domestic work	2	[{"changed": {"fields": ["Name", "Name [en]"]}}]	45	1
503	2024-01-02 14:16:35.199524+00	6	Factory work	2	[{"changed": {"fields": ["Name", "Name [en]"]}}]	45	1
504	2024-01-02 14:16:54.918209+00	7	Fishing	2	[{"changed": {"fields": ["Name", "Name [en]"]}}]	45	1
505	2024-01-02 14:17:09.598662+00	8	Mining	2	[{"changed": {"fields": ["Name", "Name [en]"]}}]	45	1
506	2024-01-02 14:17:35.790814+00	9	Restaurants and hotel work	2	[{"changed": {"fields": ["Name", "Name [en]"]}}]	45	1
507	2024-01-02 14:17:57.23596+00	10	Small street commerce	2	[{"changed": {"fields": ["Name", "Name [en]"]}}]	45	1
508	2024-01-02 14:18:17.604188+00	11	Trade	2	[{"changed": {"fields": ["Name", "Name [en]"]}}]	45	1
509	2024-01-02 14:18:35.693125+00	12	Transport sector	2	[{"changed": {"fields": ["Name", "Name [en]"]}}]	45	1
510	2024-01-02 14:18:53.655303+00	13	Other	2	[{"changed": {"fields": ["Name", "Name [en]"]}}]	45	1
511	2024-01-02 14:19:07.315447+00	14	NA	2	[{"changed": {"fields": ["Name", "Name [en]"]}}]	45	1
512	2024-01-02 14:19:23.790408+00	15	NK	2	[{"changed": {"fields": ["Name", "Name [en]"]}}]	45	1
513	2024-01-02 14:19:45.898981+00	1	Client	2	[{"changed": {"fields": ["Name", "Name [en]"]}}]	46	1
514	2024-01-02 14:20:00.11704+00	2	Family Intervention	2	[{"changed": {"fields": ["Name", "Name [en]"]}}]	46	1
515	2024-01-02 14:20:13.298252+00	3	Friend	2	[{"changed": {"fields": ["Name", "Name [en]"]}}]	46	1
516	2024-01-02 14:20:23.975614+00	4	Law enforcement Intervention	2	[{"changed": {"fields": ["Name", "Name [en]"]}}]	46	1
517	2024-01-02 14:20:40.33843+00	5	NGO intervention	2	[{"changed": {"fields": ["Name", "Name [en]"]}}]	46	1
518	2024-01-02 14:20:57.734843+00	6	Self	2	[{"changed": {"fields": ["Name", "Name [en]"]}}]	46	1
519	2024-01-02 14:21:14.884551+00	7	Other	2	[{"changed": {"fields": ["Name", "Name [en]"]}}]	46	1
520	2024-01-02 14:21:29.946426+00	8	NA	2	[{"changed": {"fields": ["Name", "Name [en]"]}}]	46	1
521	2024-01-02 14:21:53.659153+00	9	NK	2	[{"changed": {"fields": ["Name", "Name [en]"]}}]	46	1
522	2024-01-02 14:22:18.035195+00	1	Male	2	[{"changed": {"fields": ["Name", "Name [en]"]}}]	11	1
523	2024-01-02 14:22:44.524533+00	2	Female	2	[{"changed": {"fields": ["Name", "Name [en]"]}}]	11	1
524	2024-01-02 14:23:01.791875+00	1	Accessory before or after the fact	2	[{"changed": {"fields": ["Name", "Name [en]"]}}]	12	1
525	2024-01-02 14:23:16.434708+00	2	Attempt	2	[{"changed": {"fields": ["Name", "Name [en]"]}}]	12	1
526	2024-01-02 14:23:26.949887+00	3	Principal offence	2	[{"changed": {"fields": ["Name", "Name [en]"]}}]	12	1
527	2024-01-02 14:23:39.630095+00	4	Related offence	2	[{"changed": {"fields": ["Name", "Name [en]"]}}]	12	1
528	2024-01-02 14:23:52.543138+00	5	Other competent verdict	2	[{"changed": {"fields": ["Name", "Name [en]"]}}]	12	1
529	2024-01-02 14:24:14.095908+00	1	Birth certificate	2	[{"changed": {"fields": ["Name", "Name [en]"]}}]	13	1
530	2024-01-02 14:24:26.735936+00	2	Driver's license	2	[{"changed": {"fields": ["Name", "Name [en]"]}}]	13	1
531	2024-01-02 14:24:36.045702+00	3	ID Document	2	[{"changed": {"fields": ["Name", "Name [en]"]}}]	13	1
532	2024-01-02 14:24:58.943188+00	4	Passport	2	[{"changed": {"fields": ["Name", "Name [en]"]}}]	13	1
533	2024-01-02 14:25:17.082584+00	5	Other	2	[{"changed": {"fields": ["Name", "Name [en]"]}}]	13	1
534	2024-01-02 14:26:08.095505+00	1	Conditional permanent resident	2	[{"changed": {"fields": ["Name", "Name [en]"]}}]	59	1
535	2024-01-02 14:26:23.154302+00	2	Lawful permanent resident	2	[{"changed": {"fields": ["Name", "Name [en]"]}}]	59	1
536	2024-01-02 14:26:42.915281+00	3	Naturalized citizen	2	[{"changed": {"fields": ["Name", "Name [en]"]}}]	59	1
537	2024-01-02 14:26:57.176291+00	4	Voluntary assisted return and reintegration	2	[{"changed": {"fields": ["Name", "Name [en]"]}}]	59	1
538	2024-01-02 14:27:09.447263+00	5	Other	2	[{"changed": {"fields": ["Name", "Name [en]"]}}]	59	1
539	2024-01-02 14:27:30.205989+00	1	Agro business	2	[{"changed": {"fields": ["Name", "Name [en]"]}}]	60	1
540	2024-01-02 14:27:42.453901+00	2	Foreign language	2	[{"changed": {"fields": ["Name", "Name [en]"]}}]	60	1
541	2024-01-02 14:27:52.865187+00	3	Manufacturing	2	[{"changed": {"fields": ["Name", "Name [en]"]}}]	60	1
542	2024-01-02 14:28:11.501936+00	4	Proffessional training	2	[{"changed": {"fields": ["Name", "Name [en]"]}}]	60	1
543	2024-01-02 14:28:21.981957+00	5	Service sector	2	[{"changed": {"fields": ["Name", "Name [en]"]}}]	60	1
544	2024-01-02 14:28:39.988391+00	6	Trade or shop	2	[{"changed": {"fields": ["Name", "Name [en]"]}}]	60	1
545	2024-01-02 14:28:57.029317+00	7	Other	2	[{"changed": {"fields": ["Name", "Name [en]"]}}]	60	1
546	2024-01-02 14:29:26.014524+00	1	Pending	2	[{"changed": {"fields": ["Name", "Name [en]"]}}]	15	1
547	2024-01-02 14:29:45.032936+00	2	Completed	2	[{"changed": {"fields": ["Name", "Name [en]"]}}]	15	1
548	2024-01-02 14:30:05.808159+00	3	Case file closed	2	[{"changed": {"fields": ["Name", "Name [en]"]}}]	15	1
549	2024-01-02 14:30:19.382547+00	4	Withdrawn	2	[{"changed": {"fields": ["Name", "Name [en]"]}}]	15	1
550	2024-01-02 14:31:06.439482+00	1	English	2	[{"changed": {"fields": ["Name", "Name [en]"]}}]	16	1
551	2024-01-02 14:31:23.273116+00	2	French	2	[{"changed": {"fields": ["Name", "Name [en]"]}}]	16	1
552	2024-01-02 14:31:51.167835+00	3	Portuguese	2	[{"changed": {"fields": ["Name", "Name [en]"]}}]	16	1
553	2024-01-02 14:32:12.534178+00	4	German	2	[{"changed": {"fields": ["Name", "Name [en]"]}}]	16	1
554	2024-01-02 14:32:31.752594+00	5	Swahili	2	[{"changed": {"fields": ["Name", "Name [en]"]}}]	16	1
555	2024-01-02 14:32:59.298402+00	1	Adopted	2	[{"changed": {"fields": ["Name", "Name [en]"]}}]	61	1
556	2024-01-02 14:33:21.105387+00	2	Alone	2	[{"changed": {"fields": ["Name", "Name [en]"]}}]	61	1
557	2024-01-02 14:33:39.45482+00	3	Employer	2	[{"changed": {"fields": ["Name", "Name [en]"]}}]	61	1
558	2024-01-02 14:33:55.091941+00	4	Friends	2	[{"changed": {"fields": ["Name", "Name [en]"]}}]	61	1
559	2024-01-02 14:34:09.946453+00	5	Homeless	2	[{"changed": {"fields": ["Name", "Name [en]"]}}]	61	1
560	2024-01-02 14:34:23.129554+00	6	Institution	2	[{"changed": {"fields": ["Name", "Name [en]"]}}]	61	1
561	2024-01-02 14:34:37.259269+00	7	Patner	2	[{"changed": {"fields": ["Name", "Name [en]"]}}]	61	1
955	2024-04-02 14:46:06.164676+00	102	amuradza@sadc.int	1	[{"added": {}}]	4	10
562	2024-01-02 14:35:01.008995+00	8	Relatives	2	[{"changed": {"fields": ["Name", "Name [en]"]}}]	61	1
563	2024-01-02 14:35:17.876655+00	9	School	2	[{"changed": {"fields": ["Name", "Name [en]"]}}]	61	1
564	2024-01-02 14:35:33.641816+00	10	Other	2	[{"changed": {"fields": ["Name", "Name [en]"]}}]	61	1
565	2024-01-02 14:35:58.951056+00	1	Beating	2	[{"changed": {"fields": ["Name", "Name [en]"]}}]	47	1
566	2024-01-02 14:36:16.78487+00	2	Child labour	2	[{"changed": {"fields": ["Name", "Name [en]"]}}]	47	1
567	2024-01-02 14:36:30.496131+00	3	Physical abuse	2	[{"changed": {"fields": ["Name", "Name [en]"]}}]	47	1
568	2024-01-02 14:36:42.477385+00	4	Rape	2	[{"changed": {"fields": ["Name", "Name [en]"]}}]	47	1
569	2024-01-02 14:36:56.4199+00	5	Verbal abuse	2	[{"changed": {"fields": ["Name", "Name [en]"]}}]	47	1
570	2024-01-02 14:37:10.480602+00	6	Under age sexual intercourse	2	[{"changed": {"fields": ["Name", "Name [en]"]}}]	47	1
571	2024-01-02 14:37:30.693001+00	1	De-mining	2	[{"changed": {"fields": ["Name", "Name [en]"]}}]	48	1
572	2024-01-02 14:37:47.954824+00	2	Front line combat	2	[{"changed": {"fields": ["Name", "Name [en]"]}}]	48	1
573	2024-01-02 14:38:00.110923+00	3	Support staff	2	[{"changed": {"fields": ["Name", "Name [en]"]}}]	48	1
574	2024-01-02 14:38:15.407609+00	4	Other	2	[{"changed": {"fields": ["Name", "Name [en]"]}}]	48	1
575	2024-01-02 14:38:37.575659+00	1	Regular	2	[{"changed": {"fields": ["Name", "Name [en]"]}}]	49	1
576	2024-01-02 14:38:52.760484+00	2	Irregular	2	[{"changed": {"fields": ["Name", "Name [en]"]}}]	49	1
577	2024-01-02 14:39:13.644274+00	1	Agricultural work	2	[{"changed": {"fields": ["Name", "Name [en]"]}}]	62	1
578	2024-01-02 14:39:24.350964+00	2	Begging	2	[{"changed": {"fields": ["Name", "Name [en]"]}}]	62	1
579	2024-01-02 14:39:36.173087+00	3	Child care	2	[{"changed": {"fields": ["Name", "Name [en]"]}}]	62	1
580	2024-01-02 14:39:57.09104+00	4	Construction	2	[{"changed": {"fields": ["Name", "Name [en]"]}}]	62	1
581	2024-01-02 14:40:08.535125+00	5	Domestic work	2	[{"changed": {"fields": ["Name", "Name [en]"]}}]	62	1
582	2024-01-02 14:40:28.022207+00	6	Factory work	2	[{"changed": {"fields": ["Name", "Name [en]"]}}]	62	1
583	2024-01-02 14:40:45.095686+00	7	Fishing	2	[{"changed": {"fields": ["Name", "Name [en]"]}}]	62	1
584	2024-01-02 14:41:04.040364+00	8	Low-level criminal activities	2	[{"changed": {"fields": ["Name", "Name [en]"]}}]	62	1
585	2024-01-02 14:41:19.169967+00	9	Military service	2	[{"changed": {"fields": ["Name", "Name [en]"]}}]	62	1
586	2024-01-02 14:41:30.714825+00	10	Mining	2	[{"changed": {"fields": ["Name", "Name [en]"]}}]	62	1
587	2024-01-02 14:41:49.889735+00	11	Prostitution	2	[{"changed": {"fields": ["Name", "Name [en]"]}}]	62	1
588	2024-01-02 14:42:01.760993+00	12	Restaurants and hotel work	2	[{"changed": {"fields": ["Name", "Name [en]"]}}]	62	1
589	2024-01-02 14:42:17.375276+00	13	Small street commerce	2	[{"changed": {"fields": ["Name", "Name [en]"]}}]	62	1
590	2024-01-02 14:42:30.204276+00	14	Trade	2	[{"changed": {"fields": ["Name", "Name [en]"]}}]	62	1
591	2024-01-02 14:43:02.47366+00	15	Transport sector	2	[{"changed": {"fields": ["Name", "Name [en]"]}}]	62	1
592	2024-01-02 14:43:17.849299+00	16	Unemployed	2	[{"changed": {"fields": ["Name", "Name [en]"]}}]	62	1
593	2024-01-02 14:43:31.955115+00	17	Other	2	[{"changed": {"fields": ["Name", "Name [en]"]}}]	62	1
594	2024-01-02 14:43:48.059219+00	18	NA	2	[{"changed": {"fields": ["Name", "Name [en]"]}}]	62	1
595	2024-01-02 14:44:08.741448+00	19	NK	2	[{"changed": {"fields": ["Name", "Name [en]"]}}]	62	1
596	2024-01-02 14:44:35.372876+00	1	Hospital	2	[{"changed": {"fields": ["Name", "Name [en]"]}}]	50	1
597	2024-01-02 14:44:49.341897+00	2	Private clinic	2	[{"changed": {"fields": ["Name", "Name [en]"]}}]	50	1
598	2024-01-02 14:45:02.819773+00	3	Private house	2	[{"changed": {"fields": ["Name", "Name [en]"]}}]	50	1
599	2024-01-02 14:45:16.8919+00	4	Other	2	[{"changed": {"fields": ["Name", "Name [en]"]}}]	50	1
600	2024-01-02 14:45:56.877181+00	1	Criminal organizer(s)	2	[{"changed": {"fields": ["Name", "Name [en]"]}}]	51	1
601	2024-01-02 14:46:07.750013+00	2	Family member(s)	2	[{"changed": {"fields": ["Name", "Name [en]"]}}]	51	1
602	2024-01-02 14:46:19.505076+00	3	Friend(s)	2	[{"changed": {"fields": ["Name", "Name [en]"]}}]	51	1
603	2024-01-02 14:46:29.961997+00	4	Self	2	[{"changed": {"fields": ["Name", "Name [en]"]}}]	51	1
604	2024-01-02 14:46:44.539783+00	5	NA	2	[{"changed": {"fields": ["Name", "Name [en]"]}}]	51	1
605	2024-01-02 14:46:57.182716+00	6	NK	2	[{"changed": {"fields": ["Name", "Name [en]"]}}]	51	1
606	2024-01-02 14:47:38.608846+00	1	Acquittal	2	[{"changed": {"fields": ["Name", "Name [en]"]}}]	17	1
607	2024-01-02 14:48:02.872829+00	2	Appeal(s)	2	[{"changed": {"fields": ["Name", "Name [en]"]}}]	17	1
608	2024-01-02 14:48:13.765724+00	3	Conviction obtained	2	[{"changed": {"fields": ["Name", "Name [en]"]}}]	17	1
609	2024-01-02 14:48:29.889215+00	4	Reviews	2	[{"changed": {"fields": ["Name", "Name [en]"]}}]	17	1
610	2024-01-02 14:48:47.740162+00	5	Other	2	[{"changed": {"fields": ["Name", "Name [en]"]}}]	17	1
611	2024-01-02 14:49:16.26807+00	1	Government	2	[{"changed": {"fields": ["Name", "Name [en]"]}}]	63	1
612	2024-01-02 14:49:29.365211+00	2	NGO	2	[{"changed": {"fields": ["Name", "Name [en]"]}}]	63	1
613	2024-01-02 14:49:41.799692+00	3	Other	2	[{"changed": {"fields": ["Name", "Name [en]"]}}]	63	1
614	2024-01-02 14:50:01.181956+00	1	Black	2	[{"changed": {"fields": ["Name", "Name [en]"]}}]	18	1
615	2024-01-02 14:50:14.337299+00	2	White	2	[{"changed": {"fields": ["Name", "Name [en]"]}}]	18	1
616	2024-01-02 14:50:27.739625+00	3	Mixed Race	2	[{"changed": {"fields": ["Name", "Name [en]"]}}]	18	1
617	2024-01-02 14:50:40.673298+00	4	Asian	2	[{"changed": {"fields": ["Name", "Name [en]"]}}]	18	1
618	2024-01-02 14:51:02.387833+00	5	Other	2	[{"changed": {"fields": ["Name", "Name [en]"]}}]	18	1
619	2024-01-02 14:54:26.239236+00	1	Acquaintance	2	[{"changed": {"fields": ["Name", "Name [en]"]}}]	52	1
620	2024-01-02 14:54:48.700135+00	2	Business contact	2	[{"changed": {"fields": ["Name", "Name [en]"]}}]	52	1
621	2024-01-02 14:55:02.447288+00	3	Family	2	[{"changed": {"fields": ["Name", "Name [en]"]}}]	52	1
622	2024-01-02 14:55:11.947633+00	4	Friend	2	[{"changed": {"fields": ["Name", "Name [en]"]}}]	52	1
623	2024-01-02 14:55:23.839852+00	5	Neighbour	2	[{"changed": {"fields": ["Name", "Name [en]"]}}]	52	1
624	2024-01-02 14:55:36.661168+00	6	Patner	2	[{"changed": {"fields": ["Name", "Name [en]"]}}]	52	1
625	2024-01-02 14:55:55.37301+00	7	Pimp	2	[{"changed": {"fields": ["Name", "Name [en]"]}}]	52	1
626	2024-01-02 14:56:09.306474+00	8	Relative	2	[{"changed": {"fields": ["Name", "Name [en]"]}}]	52	1
627	2024-01-02 14:56:26.792549+00	9	Stranger	2	[{"changed": {"fields": ["Name", "Name [en]"]}}]	52	1
628	2024-01-02 14:56:39.669611+00	10	Other	2	[{"changed": {"fields": ["Name", "Name [en]"]}}]	52	1
629	2024-01-02 14:56:55.922669+00	11	NA	2	[{"changed": {"fields": ["Name", "Name [en]"]}}]	52	1
630	2024-01-02 14:57:09.570459+00	12	NK	2	[{"changed": {"fields": ["Name", "Name [en]"]}}]	52	1
631	2024-01-02 14:57:33.66734+00	1	Employment agency	2	[{"changed": {"fields": ["Name", "Name [en]"]}}]	53	1
632	2024-01-02 14:57:44.662075+00	2	Internet advertiser	2	[{"changed": {"fields": ["Name", "Name [en]"]}}]	53	1
633	2024-01-02 14:57:54.364934+00	3	Newspaper advertisement	2	[{"changed": {"fields": ["Name", "Name [en]"]}}]	53	1
634	2024-01-02 14:58:05.159219+00	4	Personal contact	2	[{"changed": {"fields": ["Name", "Name [en]"]}}]	53	1
635	2024-01-02 14:58:15.194644+00	5	Radio advertisement	2	[{"changed": {"fields": ["Name", "Name [en]"]}}]	53	1
636	2024-01-02 14:58:28.01223+00	6	Travel agency	2	[{"changed": {"fields": ["Name", "Name [en]"]}}]	53	1
637	2024-01-02 14:58:44.010355+00	7	Television advertisement	2	[{"changed": {"fields": ["Name", "Name [en]"]}}]	53	1
638	2024-01-02 14:58:57.563169+00	8	Other	2	[{"changed": {"fields": ["Name", "Name [en]"]}}]	53	1
639	2024-01-02 14:59:16.154788+00	9	NA	2	[{"changed": {"fields": ["Name", "Name [en]"]}}]	53	1
640	2024-01-02 14:59:34.02688+00	10	NK	2	[{"changed": {"fields": ["Name", "Name [en]"]}}]	53	1
641	2024-01-02 15:00:00.282512+00	1	Buyer	2	[{"changed": {"fields": ["Name", "Name [en]"]}}]	19	1
642	2024-01-02 15:00:13.061773+00	2	Harbourer	2	[{"changed": {"fields": ["Name", "Name [en]"]}}]	19	1
643	2024-01-02 15:00:25.015832+00	3	Kidnapper	2	[{"changed": {"fields": ["Name", "Name [en]"]}}]	19	1
644	2024-01-02 15:00:37.040282+00	4	Receiver	2	[{"changed": {"fields": ["Name", "Name [en]"]}}]	19	1
645	2024-01-02 15:00:50.857236+00	5	Recruiter	2	[{"changed": {"fields": ["Name", "Name [en]"]}}]	19	1
646	2024-01-02 15:01:06.166531+00	6	Seller	2	[{"changed": {"fields": ["Name", "Name [en]"]}}]	19	1
647	2024-01-02 15:01:19.705766+00	7	Transporter	2	[{"changed": {"fields": ["Name", "Name [en]"]}}]	19	1
648	2024-01-02 15:02:06.633431+00	1	Correctional supervision	2	[{"changed": {"fields": ["Name", "Name [en]"]}}]	20	1
649	2024-01-02 15:02:17.00383+00	2	Custodial sanction	2	[{"changed": {"fields": ["Name", "Name [en]"]}}]	20	1
650	2024-01-02 15:02:27.01379+00	3	Fined	2	[{"changed": {"fields": ["Name", "Name [en]"]}}]	20	1
651	2024-01-02 15:02:35.975274+00	4	Suspended sanction	2	[{"changed": {"fields": ["Name", "Name [en]"]}}]	20	1
652	2024-01-02 15:02:50.349907+00	5	Other	2	[{"changed": {"fields": ["Name", "Name [en]"]}}]	20	1
653	2024-01-02 15:03:40.065677+00	1	Page	2	[{"changed": {"fields": ["Name", "Name [en]"]}}]	67	1
654	2024-01-02 15:03:57.276433+00	2	Help	2	[{"changed": {"fields": ["Name", "Name [en]"]}}]	67	1
655	2024-01-02 15:04:12.228251+00	3	Record	2	[{"changed": {"fields": ["Name", "Name [en]"]}}]	67	1
656	2024-01-02 15:04:38.795792+00	1	Association of traffickers	2	[{"changed": {"fields": ["Name", "Name [en]"]}}]	21	1
657	2024-01-02 15:04:49.523536+00	2	Business type organized crime	2	[{"changed": {"fields": ["Name", "Name [en]"]}}]	21	1
658	2024-01-02 15:05:00.660788+00	3	Family	2	[{"changed": {"fields": ["Name", "Name [en]"]}}]	21	1
659	2024-01-02 15:05:10.119463+00	4	Friends	2	[{"changed": {"fields": ["Name", "Name [en]"]}}]	21	1
660	2024-01-02 15:05:23.389095+00	5	Individual trafficker	2	[{"changed": {"fields": ["Name", "Name [en]"]}}]	21	1
661	2024-01-02 15:05:44.941598+00	6	NA	2	[{"changed": {"fields": ["Name", "Name [en]"]}}]	21	1
662	2024-01-02 15:05:55.178396+00	7	NK	2	[{"changed": {"fields": ["Name", "Name [en]"]}}]	21	1
663	2024-01-02 15:06:24.804023+00	1	Use of threat	2	[{"changed": {"fields": ["Name", "Name [en]"]}}]	54	1
664	2024-01-02 15:06:35.251656+00	2	Use of force	2	[{"changed": {"fields": ["Name", "Name [en]"]}}]	54	1
665	2024-01-02 15:06:44.048692+00	3	Abduction	2	[{"changed": {"fields": ["Name", "Name [en]"]}}]	54	1
666	2024-01-02 15:06:54.397309+00	4	Fraud	2	[{"changed": {"fields": ["Name", "Name [en]"]}}]	54	1
667	2024-01-02 15:07:09.342002+00	5	Deception	2	[{"changed": {"fields": ["Name", "Name [en]"]}}]	54	1
668	2024-01-02 15:07:25.699418+00	6	Coercion	2	[{"changed": {"fields": ["Name", "Name [en]"]}}]	54	1
669	2024-01-02 15:07:41.469691+00	7	Abuse of position of vulnerability	2	[{"changed": {"fields": ["Name", "Name [en]"]}}]	54	1
670	2024-01-02 15:07:53.598963+00	8	Abuse of power	2	[{"changed": {"fields": ["Name", "Name [en]"]}}]	54	1
671	2024-01-02 15:08:04.779875+00	9	Payments	2	[{"changed": {"fields": ["Name", "Name [en]"]}}]	54	1
672	2024-01-02 15:08:19.405588+00	10	Debts	2	[{"changed": {"fields": ["Name", "Name [en]"]}}]	54	1
673	2024-01-02 15:08:32.334421+00	11	Other	2	[{"changed": {"fields": ["Name", "Name [en]"]}}]	54	1
674	2024-01-02 15:08:56.35872+00	12	NA	2	[{"changed": {"fields": ["Name", "Name [en]"]}}]	54	1
675	2024-01-02 15:09:11.333681+00	13	NK	2	[{"changed": {"fields": ["Name", "Name [en]"]}}]	54	1
676	2024-01-02 15:09:58.26519+00	14	Boat	2	[{"changed": {"fields": ["Name", "Name [en]"]}}]	22	1
677	2024-01-02 15:10:16.148942+00	15	Bus	2	[{"changed": {"fields": ["Name", "Name [en]"]}}]	22	1
678	2024-01-02 15:10:29.398216+00	16	Car	2	[{"changed": {"fields": ["Name", "Name [en]"]}}]	22	1
679	2024-01-02 15:10:47.994032+00	17	Air	2	[{"changed": {"fields": ["Name", "Name [en]"]}}]	22	1
680	2024-01-02 15:11:00.43095+00	18	Foot	2	[{"changed": {"fields": ["Name", "Name [en]"]}}]	22	1
681	2024-01-02 15:11:32.73971+00	19	Train	2	[{"changed": {"fields": ["Name", "Name [en]"]}}]	22	1
682	2024-01-02 15:11:47.229502+00	20	Other	2	[{"changed": {"fields": ["Name", "Name [en]"]}}]	22	1
683	2024-01-02 15:12:41.169014+00	1	Foreign court	2	[{"changed": {"fields": ["Name", "Name [en]"]}}]	23	1
684	2024-01-02 15:12:42.010837+00	1	Foreign court	2	[]	23	1
685	2024-01-02 15:12:52.453819+00	2	High court	2	[{"changed": {"fields": ["Name", "Name [en]"]}}]	23	1
686	2024-01-02 15:13:02.227161+00	3	Magistrate court	2	[{"changed": {"fields": ["Name", "Name [en]"]}}]	23	1
687	2024-01-02 15:13:11.8242+00	4	Supreme court	2	[{"changed": {"fields": ["Name", "Name [en]"]}}]	23	1
688	2024-01-02 15:13:23.852565+00	5	Other lower court	2	[{"changed": {"fields": ["Name", "Name [en]"]}}]	23	1
689	2024-01-02 15:13:46.188085+00	1	Discharged at the close of State's case	2	[{"changed": {"fields": ["Name", "Name [en]"]}}]	29	1
690	2024-01-02 15:13:55.826057+00	2	Guilty	2	[{"changed": {"fields": ["Name", "Name [en]"]}}]	29	1
691	2024-01-02 15:14:11.49186+00	3	Not guilty	2	[{"changed": {"fields": ["Name", "Name [en]"]}}]	29	1
692	2024-01-02 15:15:46.394968+00	1	TiP Process	2	[{"changed": {"fields": ["Name [fr]"]}}]	10	1
693	2024-01-02 15:16:25.951331+00	1	TiP Process	2	[{"changed": {"fields": ["Name [fr]", "Name [pt]"]}}]	10	1
694	2024-01-02 15:16:52.924342+00	2	Investigation	2	[{"changed": {"fields": ["Name [fr]", "Name [pt]"]}}]	10	1
695	2024-01-02 15:17:12.763927+00	3	Prosecution	2	[{"changed": {"fields": ["Name [fr]", "Name [pt]"]}}]	10	1
696	2024-01-02 15:17:34.765375+00	4	Assistance	2	[{"changed": {"fields": ["Name [fr]", "Name [pt]"]}}]	10	1
697	2024-01-02 15:18:54.682914+00	1	Black	2	[{"changed": {"fields": ["Name [fr]", "Name [pt]"]}}]	18	1
698	2024-01-02 15:19:15.269334+00	2	White	2	[{"changed": {"fields": ["Name [fr]", "Name [pt]"]}}]	18	1
699	2024-01-02 15:19:29.851468+00	3	Mixed Race	2	[{"changed": {"fields": ["Name [fr]", "Name [pt]"]}}]	18	1
700	2024-01-02 15:19:44.309542+00	4	Asian	2	[{"changed": {"fields": ["Name [fr]", "Name [pt]"]}}]	18	1
701	2024-01-02 15:20:03.762424+00	5	Other	2	[{"changed": {"fields": ["Name [fr]", "Name [pt]"]}}]	18	1
702	2024-01-02 15:20:49.800856+00	3	ID Document	2	[{"changed": {"fields": ["Name [fr]", "Name [pt]"]}}]	13	1
703	2024-01-02 15:21:19.138058+00	1	Birth certificate	2	[{"changed": {"fields": ["Name [fr]", "Name [pt]"]}}]	13	1
704	2024-01-02 15:21:51.491066+00	2	Driver's license	2	[{"changed": {"fields": ["Name [fr]", "Name [pt]"]}}]	13	1
705	2024-01-02 15:22:06.901237+00	4	Passport	2	[{"changed": {"fields": ["Name [fr]", "Name [pt]"]}}]	13	1
706	2024-01-02 15:22:22.353121+00	5	Other	2	[{"changed": {"fields": ["Name [fr]", "Name [pt]"]}}]	13	1
707	2024-01-02 15:23:32.090779+00	1	Below 18	2	[{"changed": {"fields": ["Name [fr]", "Name [pt]"]}}]	44	1
708	2024-01-02 15:23:41.576995+00	1	Below 18	2	[{"changed": {"fields": ["Name [fr]"]}}]	44	1
709	2024-01-02 15:24:04.829539+00	2	Above 18	2	[{"changed": {"fields": ["Name [fr]", "Name [pt]"]}}]	44	1
710	2024-01-02 15:24:22.256415+00	3	Both	2	[{"changed": {"fields": ["Name [fr]", "Name [pt]"]}}]	44	1
711	2024-01-02 15:25:42.729078+00	1	Client	2	[{"changed": {"fields": ["Name [fr]", "Name [pt]"]}}]	46	1
712	2024-01-02 15:26:02.205827+00	2	Family Intervention	2	[{"changed": {"fields": ["Name [fr]", "Name [pt]"]}}]	46	1
713	2024-01-02 15:26:18.032516+00	3	Friend	2	[{"changed": {"fields": ["Name [fr]", "Name [pt]"]}}]	46	1
714	2024-01-02 15:26:38.323825+00	4	Law enforcement Intervention	2	[{"changed": {"fields": ["Name [fr]", "Name [pt]"]}}]	46	1
715	2024-01-02 15:27:02.318979+00	5	NGO intervention	2	[{"changed": {"fields": ["Name [fr]", "Name [pt]"]}}]	46	1
716	2024-01-02 15:27:26.291718+00	6	Self	2	[{"changed": {"fields": ["Name [fr]", "Name [pt]"]}}]	46	1
717	2024-01-02 15:27:32.044723+00	6	Self	2	[]	46	1
718	2024-01-02 15:27:58.772902+00	7	Other	2	[{"changed": {"fields": ["Name [fr]", "Name [pt]"]}}]	46	1
719	2024-01-02 15:28:17.595101+00	8	NA	2	[{"changed": {"fields": ["Name [fr]", "Name [pt]"]}}]	46	1
720	2024-01-02 15:28:36.85384+00	9	NK	2	[{"changed": {"fields": ["Name [fr]", "Name [pt]"]}}]	46	1
721	2024-01-02 15:29:58.57302+00	1	Agricultural work	2	[{"changed": {"fields": ["Name [fr]", "Name [pt]"]}}]	45	1
722	2024-01-02 15:30:16.955252+00	2	Begging	2	[{"changed": {"fields": ["Name [fr]", "Name [pt]"]}}]	45	1
723	2024-01-02 15:30:25.588875+00	1	Agricultural work	2	[{"changed": {"fields": ["Name [fr]"]}}]	45	1
724	2024-01-02 15:30:47.115054+00	3	Child care	2	[{"changed": {"fields": ["Name [fr]", "Name [pt]"]}}]	45	1
725	2024-01-02 15:31:04.76624+00	4	Construction	2	[{"changed": {"fields": ["Name [fr]", "Name [pt]"]}}]	45	1
726	2024-01-02 15:31:45.447632+00	5	Domestic work	2	[{"changed": {"fields": ["Name [fr]", "Name [pt]"]}}]	45	1
727	2024-01-02 15:32:08.861971+00	6	Factory work	2	[{"changed": {"fields": ["Name [fr]", "Name [pt]"]}}]	45	1
728	2024-01-02 15:32:26.215792+00	7	Fishing	2	[{"changed": {"fields": ["Name [fr]", "Name [pt]"]}}]	45	1
729	2024-01-02 15:32:38.942852+00	8	Mining	2	[{"changed": {"fields": ["Name [fr]", "Name [pt]"]}}]	45	1
730	2024-01-02 15:32:58.269462+00	9	Restaurants and hotel work	2	[{"changed": {"fields": ["Name [fr]", "Name [pt]"]}}]	45	1
731	2024-01-02 15:33:17.90423+00	10	Small street commerce	2	[{"changed": {"fields": ["Name [fr]", "Name [pt]"]}}]	45	1
732	2024-01-02 15:33:37.181723+00	11	Trade	2	[{"changed": {"fields": ["Name [fr]", "Name [pt]"]}}]	45	1
733	2024-01-02 15:34:10.197655+00	12	Transport sector	2	[{"changed": {"fields": ["Name [fr]", "Name [pt]"]}}]	45	1
734	2024-01-02 15:34:24.068327+00	13	Other	2	[{"changed": {"fields": ["Name [fr]", "Name [pt]"]}}]	45	1
735	2024-01-02 15:34:36.111734+00	14	NA	2	[{"changed": {"fields": ["Name [fr]", "Name [pt]"]}}]	45	1
736	2024-01-02 15:34:47.817529+00	15	NK	2	[{"changed": {"fields": ["Name [fr]", "Name [pt]"]}}]	45	1
737	2024-01-02 15:35:32.999275+00	1	Yes - bride price	2	[{"changed": {"fields": ["Name [fr]", "Name [pt]"]}}]	40	1
738	2024-01-02 15:35:54.741955+00	2	Yes - dowry	2	[{"changed": {"fields": ["Name [fr]", "Name [pt]"]}}]	40	1
739	2024-01-02 15:36:15.901163+00	3	Yes - dower	2	[{"changed": {"fields": ["Name [fr]", "Name [pt]"]}}]	40	1
740	2024-01-02 15:36:30.586082+00	4	No	2	[{"changed": {"fields": ["Name [fr]", "Name [pt]"]}}]	40	1
741	2024-01-02 15:37:11.887912+00	1	Parent	2	[{"changed": {"fields": ["Name [fr]", "Name [pt]"]}}]	41	1
742	2024-01-02 15:38:40.50426+00	2	Relative	2	[{"changed": {"fields": ["Name [fr]", "Name [pt]"]}}]	41	1
743	2024-01-02 15:38:59.935697+00	3	Sibling	2	[{"changed": {"fields": ["Name [fr]", "Name [pt]"]}}]	41	1
744	2024-01-02 15:39:22.119822+00	4	Other	2	[{"changed": {"fields": ["Name [fr]", "Name [pt]"]}}]	41	1
745	2024-01-02 15:40:09.347422+00	1	Cultural practice	2	[{"changed": {"fields": ["Name [fr]", "Name [pt]"]}}]	42	1
746	2024-01-02 15:40:35.87601+00	2	Economic benefit for the trafficker	2	[{"changed": {"fields": ["Name [fr]", "Name [pt]"]}}]	42	1
747	2024-01-02 15:40:59.12485+00	3	Payment of debt by parent or guardian	2	[{"changed": {"fields": ["Name [fr]", "Name [pt]"]}}]	42	1
748	2024-01-02 15:41:27.523827+00	4	Reduction of economic burden on the family	2	[{"changed": {"fields": ["Name [fr]", "Name [pt]"]}}]	42	1
749	2024-01-02 15:41:40.938987+00	5	Other	2	[{"changed": {"fields": ["Name [fr]", "Name [pt]"]}}]	42	1
750	2024-01-02 15:42:49.180859+00	1	Beating	2	[{"changed": {"fields": ["Name [fr]", "Name [pt]"]}}]	47	1
751	2024-01-02 15:43:21.253676+00	2	Child labour	2	[{"changed": {"fields": ["Name [fr]", "Name [pt]"]}}]	47	1
752	2024-01-02 15:54:07.999623+00	3	Physical abuse	2	[{"changed": {"fields": ["Name [fr]", "Name [pt]"]}}]	47	1
753	2024-01-02 15:54:25.969468+00	4	Rape	2	[{"changed": {"fields": ["Name [fr]", "Name [pt]"]}}]	47	1
754	2024-01-02 15:54:43.012009+00	5	Verbal abuse	2	[{"changed": {"fields": ["Name [fr]", "Name [pt]"]}}]	47	1
755	2024-01-02 15:55:03.845718+00	6	Under age sexual intercourse	2	[{"changed": {"fields": ["Name [fr]", "Name [pt]"]}}]	47	1
756	2024-01-02 15:55:50.06923+00	1	Bag snatching	2	[{"changed": {"fields": ["Name [fr]", "Name [pt]"]}}]	43	1
757	2024-01-02 15:56:29.597682+00	2	Bulglary	2	[{"changed": {"fields": ["Name [fr]", "Name [pt]"]}}]	43	1
758	2024-01-02 15:56:47.967314+00	3	Pick pocketing	2	[{"changed": {"fields": ["Name [fr]", "Name [pt]"]}}]	43	1
759	2024-01-02 15:57:05.077925+00	4	Robbery	2	[{"changed": {"fields": ["Name [fr]", "Name [pt]"]}}]	43	1
760	2024-01-02 15:57:26.925602+00	5	Trade of counterfeit goods	2	[{"changed": {"fields": ["Name [fr]", "Name [pt]"]}}]	43	1
761	2024-01-02 15:57:48.622913+00	6	Trade of illegal substances	2	[{"changed": {"fields": ["Name [fr]", "Name [pt]"]}}]	43	1
762	2024-01-02 16:01:57.810857+00	7	Other	2	[{"changed": {"fields": ["Name [fr]", "Name [pt]"]}}]	43	1
763	2024-01-02 16:02:11.619085+00	7	Other	2	[{"changed": {"fields": ["Name [fr]"]}}]	43	1
764	2024-01-02 16:02:42.20364+00	1	Regular	2	[{"changed": {"fields": ["Name [fr]", "Name [pt]"]}}]	49	1
765	2024-01-02 16:02:56.015551+00	2	Irregular	2	[{"changed": {"fields": ["Name [fr]", "Name [pt]"]}}]	49	1
766	2024-01-02 16:03:28.795717+00	1	De-mining	2	[{"changed": {"fields": ["Name [fr]", "Name [pt]"]}}]	48	1
767	2024-01-02 16:04:03.789717+00	2	Front line combat	2	[{"changed": {"fields": ["Name [fr]", "Name [pt]"]}}]	48	1
768	2024-01-02 16:04:24.4097+00	3	Support staff	2	[{"changed": {"fields": ["Name [fr]", "Name [pt]"]}}]	48	1
769	2024-01-02 16:04:36.15252+00	4	Other	2	[{"changed": {"fields": ["Name [fr]", "Name [pt]"]}}]	48	1
770	2024-01-02 16:05:30.957698+00	3	Other	2	[{"changed": {"fields": ["Name", "Name [en]", "Name [fr]", "Name [pt]"]}}]	39	1
771	2024-01-02 16:05:54.829799+00	1	Kidney	2	[{"changed": {"fields": ["Name [fr]", "Name [pt]"]}}]	39	1
772	2024-01-02 16:06:17.17912+00	2	Cornea	2	[{"changed": {"fields": ["Name [fr]", "Name [pt]"]}}]	39	1
773	2024-01-02 16:06:52.424409+00	1	Hospital	2	[{"changed": {"fields": ["Name [fr]", "Name [pt]"]}}]	50	1
774	2024-01-02 16:07:20.692901+00	2	Private clinic	2	[{"changed": {"fields": ["Name [fr]", "Name [pt]"]}}]	50	1
775	2024-01-02 16:07:43.19996+00	3	Private house	2	[{"changed": {"fields": ["Name [fr]", "Name [pt]"]}}]	50	1
776	2024-01-02 16:08:07.379648+00	4	Other	2	[{"changed": {"fields": ["Name [fr]", "Name [pt]"]}}]	50	1
777	2024-01-02 16:09:39.837467+00	1	Criminal organizer(s)	2	[{"changed": {"fields": ["Name [fr]", "Name [pt]"]}}]	51	1
778	2024-01-02 16:10:02.996858+00	2	Family member(s)	2	[{"changed": {"fields": ["Name [fr]", "Name [pt]"]}}]	51	1
779	2024-01-02 16:10:30.972717+00	3	Friend(s)	2	[{"changed": {"fields": ["Name [fr]", "Name [pt]"]}}]	51	1
780	2024-01-02 16:11:01.032509+00	4	Self	2	[{"changed": {"fields": ["Name [fr]", "Name [pt]"]}}]	51	1
781	2024-01-02 16:11:13.546043+00	5	NA	2	[{"changed": {"fields": ["Name [fr]", "Name [pt]"]}}]	51	1
782	2024-01-02 16:11:25.377636+00	6	NK	2	[{"changed": {"fields": ["Name [fr]", "Name [pt]"]}}]	51	1
783	2024-01-02 16:13:37.985028+00	1	Employment agency	2	[{"changed": {"fields": ["Name [fr]", "Name [pt]"]}}]	53	1
784	2024-01-02 16:14:11.375077+00	2	Internet advertiser	2	[{"changed": {"fields": ["Name [fr]", "Name [pt]"]}}]	53	1
785	2024-01-02 16:14:30.364275+00	3	Newspaper advertisement	2	[{"changed": {"fields": ["Name [fr]", "Name [pt]"]}}]	53	1
786	2024-01-02 16:14:52.744251+00	4	Personal contact	2	[{"changed": {"fields": ["Name [fr]", "Name [pt]"]}}]	53	1
787	2024-01-02 16:15:23.789015+00	5	Radio advertisement	2	[{"changed": {"fields": ["Name [fr]", "Name [pt]"]}}]	53	1
788	2024-01-02 16:15:50.184785+00	6	Travel agency	2	[{"changed": {"fields": ["Name [fr]", "Name [pt]"]}}]	53	1
789	2024-01-02 16:16:14.835513+00	7	Television advertisement	2	[{"changed": {"fields": ["Name [fr]", "Name [pt]"]}}]	53	1
790	2024-01-02 16:16:29.397111+00	8	Other	2	[{"changed": {"fields": ["Name [fr]", "Name [pt]"]}}]	53	1
791	2024-01-02 16:16:45.565411+00	9	NA	2	[{"changed": {"fields": ["Name [fr]", "Name [pt]"]}}]	53	1
792	2024-01-02 16:16:57.121638+00	10	NK	2	[{"changed": {"fields": ["Name [fr]", "Name [pt]"]}}]	53	1
793	2024-01-02 16:20:28.851727+00	1	Acquaintance	2	[{"changed": {"fields": ["Name [fr]", "Name [pt]"]}}]	52	1
794	2024-01-02 16:20:55.58336+00	2	Business contact	2	[{"changed": {"fields": ["Name [fr]", "Name [pt]"]}}]	52	1
795	2024-01-02 16:21:16.991742+00	3	Family	2	[{"changed": {"fields": ["Name [fr]", "Name [pt]"]}}]	52	1
796	2024-01-02 16:21:51.4789+00	4	Friend	2	[{"changed": {"fields": ["Name [fr]", "Name [pt]"]}}]	52	1
797	2024-01-02 16:22:09.062449+00	5	Neighbour	2	[{"changed": {"fields": ["Name [fr]", "Name [pt]"]}}]	52	1
798	2024-01-02 16:22:27.427948+00	6	Patner	2	[{"changed": {"fields": ["Name [fr]", "Name [pt]"]}}]	52	1
799	2024-01-02 16:22:43.422881+00	7	Pimp	2	[{"changed": {"fields": ["Name [fr]", "Name [pt]"]}}]	52	1
800	2024-01-02 16:23:04.931823+00	8	Relative	2	[{"changed": {"fields": ["Name [fr]", "Name [pt]"]}}]	52	1
801	2024-01-02 16:23:23.993712+00	9	Stranger	2	[{"changed": {"fields": ["Name [fr]", "Name [pt]"]}}]	52	1
802	2024-01-02 16:23:38.787159+00	10	Other	2	[{"changed": {"fields": ["Name [fr]", "Name [pt]"]}}]	52	1
803	2024-01-02 16:23:49.214914+00	11	NA	2	[{"changed": {"fields": ["Name [fr]", "Name [pt]"]}}]	52	1
804	2024-01-02 16:24:00.031025+00	12	NK	2	[{"changed": {"fields": ["Name [fr]", "Name [pt]"]}}]	52	1
805	2024-01-02 16:25:01.404143+00	1	Use of threat	2	[{"changed": {"fields": ["Name [fr]", "Name [pt]"]}}]	54	1
806	2024-01-02 16:25:19.585316+00	2	Use of force	2	[{"changed": {"fields": ["Name [fr]", "Name [pt]"]}}]	54	1
807	2024-01-02 16:25:36.834458+00	3	Abduction	2	[{"changed": {"fields": ["Name [fr]", "Name [pt]"]}}]	54	1
808	2024-01-02 16:25:56.358244+00	4	Fraud	2	[{"changed": {"fields": ["Name [fr]", "Name [pt]"]}}]	54	1
809	2024-01-02 16:26:11.568954+00	5	Deception	2	[{"changed": {"fields": ["Name [fr]", "Name [pt]"]}}]	54	1
810	2024-01-02 16:26:31.606115+00	6	Coercion	2	[{"changed": {"fields": ["Name [fr]", "Name [pt]"]}}]	54	1
811	2024-01-02 16:26:55.957504+00	7	Abuse of position of vulnerability	2	[{"changed": {"fields": ["Name [fr]", "Name [pt]"]}}]	54	1
812	2024-01-02 16:27:24.533238+00	8	Abuse of power	2	[{"changed": {"fields": ["Name [fr]", "Name [pt]"]}}]	54	1
813	2024-01-02 16:35:49.840066+00	9	Payments	2	[{"changed": {"fields": ["Name [fr]", "Name [pt]"]}}]	54	1
814	2024-01-02 16:36:04.640423+00	10	Debts	2	[{"changed": {"fields": ["Name [fr]", "Name [pt]"]}}]	54	1
815	2024-01-02 16:36:26.000349+00	11	Other	2	[{"changed": {"fields": ["Name [fr]", "Name [pt]"]}}]	54	1
816	2024-01-02 16:36:52.185547+00	12	NA	2	[{"changed": {"fields": ["Name [fr]", "Name [pt]"]}}]	54	1
817	2024-01-02 16:37:03.909746+00	13	NK	2	[{"changed": {"fields": ["Name [fr]", "Name [pt]"]}}]	54	1
818	2024-01-02 16:37:44.579324+00	14	Boat	2	[{"changed": {"fields": ["Name [fr]", "Name [pt]"]}}]	22	1
819	2024-01-02 16:38:00.865768+00	15	Bus	2	[{"changed": {"fields": ["Name [fr]", "Name [pt]"]}}]	22	1
820	2024-01-02 16:38:16.523607+00	16	Car	2	[{"changed": {"fields": ["Name [fr]", "Name [pt]"]}}]	22	1
821	2024-01-02 16:38:36.29385+00	17	Air	2	[{"changed": {"fields": ["Name [fr]", "Name [pt]"]}}]	22	1
822	2024-01-02 16:39:00.504405+00	18	Foot	2	[{"changed": {"fields": ["Name [fr]", "Name [pt]"]}}]	22	1
823	2024-01-02 16:39:15.036998+00	19	Train	2	[{"changed": {"fields": ["Name [fr]", "Name [pt]"]}}]	22	1
824	2024-01-02 16:39:34.161241+00	20	Other	2	[{"changed": {"fields": ["Name [fr]", "Name [pt]"]}}]	22	1
825	2024-01-02 16:44:00.020202+00	1	Association of traffickers	2	[{"changed": {"fields": ["Name [fr]", "Name [pt]"]}}]	21	1
826	2024-01-02 16:45:02.572447+00	2	Business type organized crime	2	[{"changed": {"fields": ["Name [fr]", "Name [pt]"]}}]	21	1
827	2024-01-02 16:45:38.578778+00	3	Family	2	[{"changed": {"fields": ["Name [fr]", "Name [pt]"]}}]	21	1
828	2024-01-02 16:45:58.760127+00	4	Friends	2	[{"changed": {"fields": ["Name [fr]", "Name [pt]"]}}]	21	1
829	2024-01-02 16:46:48.041917+00	5	Individual trafficker	2	[{"changed": {"fields": ["Name [fr]", "Name [pt]"]}}]	21	1
830	2024-01-02 16:47:02.299061+00	6	NA	2	[{"changed": {"fields": ["Name [fr]", "Name [pt]"]}}]	21	1
831	2024-01-02 16:47:24.93564+00	7	NK	2	[{"changed": {"fields": ["Name [fr]", "Name [pt]"]}}]	21	1
832	2024-01-02 16:49:41.189602+00	3	Case file closed	2	[{"changed": {"fields": ["Name [fr]", "Name [pt]"]}}]	15	1
833	2024-01-02 16:50:13.672831+00	4	Withdrawn	2	[{"changed": {"fields": ["Name [fr]", "Name [pt]"]}}]	15	1
834	2024-01-02 16:50:35.434963+00	2	Completed	2	[{"changed": {"fields": ["Name [fr]", "Name [pt]"]}}]	15	1
835	2024-01-02 16:50:57.873111+00	1	Pending	2	[{"changed": {"fields": ["Name [fr]", "Name [pt]"]}}]	15	1
836	2024-01-02 16:55:56.745745+00	1	Buyer	2	[{"changed": {"fields": ["Name [fr]", "Name [pt]"]}}]	19	1
837	2024-01-02 16:56:22.071858+00	2	Harbourer	2	[{"changed": {"fields": ["Name [fr]", "Name [pt]"]}}]	19	1
838	2024-01-02 16:57:14.381707+00	3	Kidnapper	2	[{"changed": {"fields": ["Name [fr]", "Name [pt]"]}}]	19	1
839	2024-01-02 16:57:36.717742+00	4	Receiver	2	[{"changed": {"fields": ["Name [fr]", "Name [pt]"]}}]	19	1
840	2024-01-02 16:57:55.24338+00	5	Recruiter	2	[{"changed": {"fields": ["Name [fr]", "Name [pt]"]}}]	19	1
841	2024-01-02 16:58:11.931645+00	6	Seller	2	[{"changed": {"fields": ["Name [fr]", "Name [pt]"]}}]	19	1
842	2024-01-02 16:58:27.646599+00	7	Transporter	2	[{"changed": {"fields": ["Name [fr]", "Name [pt]"]}}]	19	1
843	2024-01-02 17:00:04.436992+00	1	Awaiting allocation of trial date	2	[{"changed": {"fields": ["Name [fr]", "Name [pt]"]}}]	8	1
844	2024-01-02 17:00:24.349643+00	2	Cancelled	2	[{"changed": {"fields": ["Name [fr]", "Name [pt]"]}}]	8	1
845	2024-01-02 17:01:00.862996+00	3	Finalised	2	[{"changed": {"fields": ["Name [fr]", "Name [pt]"]}}]	8	1
846	2024-01-02 17:01:27.01549+00	4	Part heard	2	[{"changed": {"fields": ["Name [fr]", "Name [pt]"]}}]	8	1
847	2024-01-02 17:02:12.144361+00	5	Pending trial	2	[{"changed": {"fields": ["Name [fr]", "Name [pt]"]}}]	8	1
848	2024-01-02 17:02:37.296271+00	6	Pending appeal	2	[{"changed": {"fields": ["Name [fr]", "Name [pt]"]}}]	8	1
849	2024-01-02 17:03:04.101759+00	7	Pending review	2	[{"changed": {"fields": ["Name [fr]", "Name [pt]"]}}]	8	1
850	2024-01-02 17:03:31.104826+00	8	Struck off the role	2	[{"changed": {"fields": ["Name [fr]", "Name [pt]"]}}]	8	1
851	2024-01-02 17:04:02.413905+00	9	Withdrawn	2	[{"changed": {"fields": ["Name [fr]", "Name [pt]"]}}]	8	1
852	2024-01-02 17:06:50.152387+00	1	Foreign court	2	[{"changed": {"fields": ["Name [fr]", "Name [pt]"]}}]	23	1
853	2024-01-02 17:07:26.251267+00	2	High court	2	[{"changed": {"fields": ["Name [fr]", "Name [pt]"]}}]	23	1
854	2024-01-02 17:07:50.271039+00	3	Magistrate court	2	[{"changed": {"fields": ["Name [fr]", "Name [pt]"]}}]	23	1
855	2024-01-02 17:08:13.007397+00	5	Other lower court	2	[{"changed": {"fields": ["Name [fr]", "Name [pt]"]}}]	23	1
856	2024-01-02 17:08:35.90645+00	4	Supreme court	2	[{"changed": {"fields": ["Name [fr]", "Name [pt]"]}}]	23	1
857	2024-01-02 17:09:49.23012+00	1	Discharged at the close of State's case	2	[{"changed": {"fields": ["Name [fr]", "Name [pt]"]}}]	29	1
858	2024-01-02 17:10:04.432175+00	2	Guilty	2	[{"changed": {"fields": ["Name [fr]", "Name [pt]"]}}]	29	1
859	2024-01-02 17:10:42.684149+00	3	Not guilty	2	[{"changed": {"fields": ["Name [fr]", "Name [pt]"]}}]	29	1
860	2024-01-02 17:11:29.753259+00	1	Accessory before or after the fact	2	[{"changed": {"fields": ["Name [fr]", "Name [pt]"]}}]	12	1
861	2024-01-02 17:11:49.93375+00	2	Attempt	2	[{"changed": {"fields": ["Name [fr]", "Name [pt]"]}}]	12	1
862	2024-01-02 17:12:48.818276+00	3	Principal offence	2	[{"changed": {"fields": ["Name [fr]", "Name [pt]"]}}]	12	1
863	2024-01-02 17:13:15.511423+00	4	Related offence	2	[{"changed": {"fields": ["Name [fr]", "Name [pt]"]}}]	12	1
864	2024-01-02 17:13:45.933988+00	5	Other competent verdict	2	[{"changed": {"fields": ["Name [fr]", "Name [pt]"]}}]	12	1
865	2024-01-02 17:14:27.942045+00	1	Acquittal	2	[{"changed": {"fields": ["Name [fr]", "Name [pt]"]}}]	17	1
866	2024-01-02 17:15:09.723049+00	2	Appeal(s)	2	[{"changed": {"fields": ["Name [fr]", "Name [pt]"]}}]	17	1
867	2024-01-02 17:15:24.99277+00	3	Conviction obtained	2	[{"changed": {"fields": ["Name [fr]", "Name [pt]"]}}]	17	1
868	2024-01-02 17:15:37.790528+00	4	Reviews	2	[{"changed": {"fields": ["Name [fr]", "Name [pt]"]}}]	17	1
869	2024-01-02 17:15:51.406752+00	5	Other	2	[{"changed": {"fields": ["Name [fr]", "Name [pt]"]}}]	17	1
870	2024-01-02 17:16:39.096774+00	1	Failure to produce cooperative victim	2	[{"changed": {"fields": ["Name [fr]", "Name [pt]"]}}]	7	1
871	2024-01-02 17:16:54.529216+00	2	Inconsistency	2	[{"changed": {"fields": ["Name [fr]", "Name [pt]"]}}]	7	1
872	2024-01-02 17:17:35.143079+00	3	Insufficient evidence	2	[{"changed": {"fields": ["Name [fr]", "Name [pt]"]}}]	7	1
873	2024-01-02 17:18:03.915906+00	4	No corroborative evidence	2	[{"changed": {"fields": ["Name [fr]", "Name [pt]"]}}]	7	1
874	2024-01-02 17:18:50.227675+00	5	Unavailability of witnesses	2	[{"changed": {"fields": ["Name [fr]", "Name [pt]"]}}]	7	1
875	2024-01-02 17:20:30.838662+00	1	Correctional supervision	2	[{"changed": {"fields": ["Name [fr]", "Name [pt]"]}}]	20	1
876	2024-01-02 17:20:49.085448+00	2	Custodial sanction	2	[{"changed": {"fields": ["Name [fr]", "Name [pt]"]}}]	20	1
877	2024-01-02 17:21:06.104159+00	3	Fined	2	[{"changed": {"fields": ["Name [fr]", "Name [pt]"]}}]	20	1
878	2024-01-02 17:21:46.11705+00	4	Suspended sanction	2	[{"changed": {"fields": ["Name [fr]", "Name [pt]"]}}]	20	1
879	2024-01-02 17:21:58.278596+00	5	Other	2	[{"changed": {"fields": ["Name [fr]", "Name [pt]"]}}]	20	1
880	2024-01-02 17:44:29.939495+00	1	Agro business	2	[{"changed": {"fields": ["Name [fr]", "Name [pt]"]}}]	60	1
881	2024-01-02 17:44:53.091875+00	2	Foreign language	2	[{"changed": {"fields": ["Name [fr]", "Name [pt]"]}}]	60	1
882	2024-01-02 17:45:07.394306+00	3	Manufacturing	2	[{"changed": {"fields": ["Name [fr]", "Name [pt]"]}}]	60	1
883	2024-01-02 17:45:25.927608+00	4	Proffessional training	2	[{"changed": {"fields": ["Name [fr]", "Name [pt]"]}}]	60	1
884	2024-01-02 17:45:55.768411+00	5	Service sector	2	[{"changed": {"fields": ["Name [fr]", "Name [pt]"]}}]	60	1
885	2024-01-02 17:46:20.384433+00	6	Trade or shop	2	[{"changed": {"fields": ["Name [fr]", "Name [pt]"]}}]	60	1
886	2024-01-02 17:46:32.620545+00	7	Other	2	[{"changed": {"fields": ["Name [fr]", "Name [pt]"]}}]	60	1
887	2024-01-02 17:47:09.237745+00	1	High school	2	[{"changed": {"fields": ["Name [fr]", "Name [pt]"]}}]	57	1
888	2024-01-02 17:47:28.886757+00	2	Primary school or elementary school	2	[{"changed": {"fields": ["Name [fr]", "Name [pt]"]}}]	57	1
889	2024-01-02 17:47:53.466134+00	3	Secondary education	2	[{"changed": {"fields": ["Name [fr]", "Name [pt]"]}}]	57	1
890	2024-01-02 17:48:15.527377+00	4	Technical school	2	[{"changed": {"fields": ["Name [fr]", "Name [pt]"]}}]	57	1
891	2024-01-02 17:48:39.063343+00	5	Tutoring	2	[{"changed": {"fields": ["Name [fr]", "Name [pt]"]}}]	57	1
892	2024-01-02 17:48:53.388951+00	6	University	2	[{"changed": {"fields": ["Name [fr]", "Name [pt]"]}}]	57	1
893	2024-01-02 17:49:06.381662+00	7	Other	2	[{"changed": {"fields": ["Name [fr]", "Name [pt]"]}}]	57	1
894	2024-01-02 17:49:48.15466+00	1	Conditional permanent resident	2	[{"changed": {"fields": ["Name [fr]", "Name [pt]"]}}]	59	1
895	2024-01-02 17:50:07.424424+00	2	Lawful permanent resident	2	[{"changed": {"fields": ["Name [fr]", "Name [pt]"]}}]	59	1
896	2024-01-02 17:50:41.492364+00	3	Naturalized citizen	2	[{"changed": {"fields": ["Name [fr]", "Name [pt]"]}}]	59	1
897	2024-01-02 17:51:03.940845+00	4	Voluntary assisted return and reintegration	2	[{"changed": {"fields": ["Name [fr]", "Name [pt]"]}}]	59	1
898	2024-01-02 17:51:14.435811+00	5	Other	2	[{"changed": {"fields": ["Name [fr]", "Name [pt]"]}}]	59	1
899	2024-01-02 17:52:08.168381+00	1	Financial assistance	2	[{"changed": {"fields": ["Name [fr]", "Name [pt]"]}}]	55	1
900	2024-01-02 17:52:21.735235+00	2	Housing	2	[{"changed": {"fields": ["Name [fr]", "Name [pt]"]}}]	55	1
901	2024-01-02 17:52:44.576323+00	3	Legal assistance	2	[{"changed": {"fields": ["Name [fr]", "Name [pt]"]}}]	55	1
902	2024-01-02 17:53:07.567729+00	4	Medical assistance	2	[{"changed": {"fields": ["Name [fr]", "Name [pt]"]}}]	55	1
903	2024-01-02 17:53:47.177509+00	5	Micro-enterprise	2	[{"changed": {"fields": ["Name [fr]", "Name [pt]"]}}]	55	1
904	2024-01-02 17:54:10.543119+00	6	Vocational training	2	[{"changed": {"fields": ["Name [fr]", "Name [pt]"]}}]	55	1
905	2024-01-02 17:54:25.439263+00	7	Other	2	[{"changed": {"fields": ["Name [fr]", "Name [pt]"]}}]	55	1
906	2024-01-02 17:55:28.04868+00	1	NGO	2	[{"changed": {"fields": ["Name [fr]", "Name [pt]"]}}]	56	1
907	2024-01-02 17:55:53.716422+00	2	Labour market	2	[{"changed": {"fields": ["Name [fr]", "Name [pt]"]}}]	56	1
908	2024-01-02 17:56:17.948602+00	3	Private sector party	2	[{"changed": {"fields": ["Name [fr]", "Name [pt]"]}}]	56	1
909	2024-01-02 17:56:33.568606+00	4	Other	2	[{"changed": {"fields": ["Name [fr]", "Name [pt]"]}}]	56	1
910	2024-01-02 17:57:28.833029+00	1	Extended family	2	[{"changed": {"fields": ["Name [fr]", "Name [pt]"]}}]	58	1
911	2024-01-02 17:57:46.70861+00	2	Nuclear	2	[{"changed": {"fields": ["Name [fr]", "Name [pt]"]}}]	58	1
912	2024-01-02 17:58:08.480282+00	3	Single head female	2	[{"changed": {"fields": ["Name [fr]", "Name [pt]"]}}]	58	1
913	2024-01-02 17:58:26.589945+00	4	Single head male	2	[{"changed": {"fields": ["Name [fr]", "Name [pt]"]}}]	58	1
914	2024-01-02 17:58:38.204577+00	5	Orphan	2	[{"changed": {"fields": ["Name [fr]", "Name [pt]"]}}]	58	1
915	2024-01-02 17:58:47.579683+00	6	Other	2	[{"changed": {"fields": ["Name [fr]", "Name [pt]"]}}]	58	1
916	2024-01-02 17:59:38.730667+00	1	Adopted	2	[{"changed": {"fields": ["Name [fr]", "Name [pt]"]}}]	61	1
917	2024-01-02 17:59:54.850419+00	2	Alone	2	[{"changed": {"fields": ["Name [fr]", "Name [pt]"]}}]	61	1
918	2024-01-02 18:00:06.939445+00	3	Employer	2	[{"changed": {"fields": ["Name [fr]", "Name [pt]"]}}]	61	1
919	2024-01-02 18:00:22.127714+00	4	Friends	2	[{"changed": {"fields": ["Name [fr]", "Name [pt]"]}}]	61	1
920	2024-01-02 18:00:43.379191+00	5	Homeless	2	[{"changed": {"fields": ["Name [fr]", "Name [pt]"]}}]	61	1
921	2024-01-02 18:00:59.321258+00	6	Institution	2	[{"changed": {"fields": ["Name [fr]", "Name [pt]"]}}]	61	1
922	2024-01-02 18:01:19.320808+00	7	Patner	2	[{"changed": {"fields": ["Name [fr]", "Name [pt]"]}}]	61	1
923	2024-01-02 18:01:31.44789+00	8	Relatives	2	[{"changed": {"fields": ["Name [fr]", "Name [pt]"]}}]	61	1
924	2024-01-02 18:01:43.64533+00	9	School	2	[{"changed": {"fields": ["Name [fr]", "Name [pt]"]}}]	61	1
925	2024-01-02 18:01:55.498493+00	10	Other	2	[{"changed": {"fields": ["Name [fr]", "Name [pt]"]}}]	61	1
926	2024-01-02 18:04:05.457116+00	1	Agricultural work	2	[{"changed": {"fields": ["Name [fr]", "Name [pt]"]}}]	62	1
927	2024-01-02 18:04:20.674188+00	2	Begging	2	[{"changed": {"fields": ["Name [fr]", "Name [pt]"]}}]	62	1
928	2024-01-02 18:04:40.709036+00	3	Child care	2	[{"changed": {"fields": ["Name [fr]", "Name [pt]"]}}]	62	1
929	2024-01-02 18:04:53.682235+00	4	Construction	2	[{"changed": {"fields": ["Name [fr]", "Name [pt]"]}}]	62	1
930	2024-01-02 18:05:23.346636+00	5	Domestic work	2	[{"changed": {"fields": ["Name [fr]", "Name [pt]"]}}]	62	1
931	2024-01-02 18:05:40.085558+00	6	Factory work	2	[{"changed": {"fields": ["Name [fr]", "Name [pt]"]}}]	62	1
932	2024-01-02 18:05:56.402474+00	7	Fishing	2	[{"changed": {"fields": ["Name [fr]", "Name [pt]"]}}]	62	1
933	2024-01-02 18:06:24.115946+00	8	Low-level criminal activities	2	[{"changed": {"fields": ["Name [fr]", "Name [pt]"]}}]	62	1
934	2024-01-02 18:06:45.125978+00	9	Military service	2	[{"changed": {"fields": ["Name [fr]", "Name [pt]"]}}]	62	1
935	2024-01-02 18:07:01.528469+00	10	Mining	2	[{"changed": {"fields": ["Name [fr]", "Name [pt]"]}}]	62	1
936	2024-01-02 18:07:20.178005+00	11	Prostitution	2	[{"changed": {"fields": ["Name [fr]", "Name [pt]"]}}]	62	1
937	2024-01-02 18:07:38.153956+00	12	Restaurants and hotel work	2	[{"changed": {"fields": ["Name [fr]", "Name [pt]"]}}]	62	1
938	2024-01-02 18:07:58.85641+00	13	Small street commerce	2	[{"changed": {"fields": ["Name [fr]", "Name [pt]"]}}]	62	1
939	2024-01-02 18:08:14.973396+00	14	Trade	2	[{"changed": {"fields": ["Name [fr]", "Name [pt]"]}}]	62	1
940	2024-01-02 18:08:38.085543+00	15	Transport sector	2	[{"changed": {"fields": ["Name [fr]", "Name [pt]"]}}]	62	1
941	2024-01-02 18:08:57.626817+00	16	Unemployed	2	[{"changed": {"fields": ["Name [fr]", "Name [pt]"]}}]	62	1
942	2024-01-02 18:09:25.976263+00	17	Other	2	[{"changed": {"fields": ["Name [fr]", "Name [pt]"]}}]	62	1
943	2024-01-02 18:09:37.709574+00	18	NA	2	[{"changed": {"fields": ["Name [fr]", "Name [pt]"]}}]	62	1
944	2024-01-02 18:09:55.945404+00	19	NK	2	[{"changed": {"fields": ["Name [fr]", "Name [pt]"]}}]	62	1
945	2024-01-02 18:12:18.789632+00	2	Female	2	[{"changed": {"fields": ["Name [fr]", "Name [pt]"]}}]	11	1
946	2024-01-02 18:12:36.922186+00	1	Male	2	[{"changed": {"fields": ["Name [fr]", "Name [pt]"]}}]	11	1
947	2024-01-22 18:27:52.753783+00	6	Lingala	1	[{"added": {}}]	16	10
948	2024-01-22 18:28:10.758908+00	6	Lingala	2	[{"changed": {"fields": ["Name [fr]", "Name [pt]"]}}]	16	10
949	2024-01-23 00:14:39.501825+00	1	Faq object (1)	2	[{"changed": {"fields": ["Question"]}}]	70	10
950	2024-01-23 11:31:10.355415+00	2	jrarui@strathmore.edu	2	[{"changed": {"fields": ["password"]}}]	4	18
951	2024-04-02 10:12:39.753603+00	4	Liver	1	[{"added": {}}]	39	10
952	2024-04-02 12:42:05.404762+00	5	amuradza@sadc.int	3		4	10
953	2024-04-02 12:46:20.045662+00	13	Test1@1.org	3		4	10
954	2024-04-02 14:21:44.529948+00	10	james.ndungu@gmail.com	2	[{"changed": {"fields": ["password"]}}]	4	10
956	2024-04-02 14:46:44.811853+00	102	amuradza@sadc.int	2	[{"changed": {"fields": ["First name", "Last name", "Email address"]}}]	4	10
957	2024-04-11 17:51:08.223479+00	2	Interviewer object (2)	2	[{"changed": {"fields": ["Data entry purpose"]}}]	14	18
958	2024-04-14 02:00:51.912479+00	2	Interviewer object (2)	2	[{"changed": {"fields": ["Data entry purpose"]}}]	14	18
959	2024-04-14 10:15:06.881113+00	2	Interviewer object (2)	2	[{"changed": {"fields": ["Data entry purpose"]}}]	14	18
960	2024-04-14 10:50:41.319022+00	2	Interviewer object (2)	2	[{"changed": {"fields": ["Data entry purpose"]}}]	14	18
961	2024-04-14 15:29:37.763627+00	2	Interviewer object (2)	2	[{"changed": {"fields": ["Data entry purpose"]}}]	14	18
962	2024-04-14 18:55:20.587002+00	2	Interviewer object (2)	2	[{"changed": {"fields": ["Data entry purpose"]}}]	14	18
963	2024-04-14 19:03:14.700301+00	2	Interviewer object (2)	2	[{"changed": {"fields": ["Data entry purpose"]}}]	14	18
964	2024-04-14 19:05:19.166767+00	2	Interviewer object (2)	2	[{"changed": {"fields": ["Data entry purpose"]}}]	14	18
965	2024-04-14 19:21:52.381095+00	2	Interviewer object (2)	2	[{"changed": {"fields": ["Data entry purpose"]}}]	14	18
\.


--
-- Data for Name: django_content_type; Type: TABLE DATA; Schema: public; Owner: tipnet
--

COPY public.django_content_type (id, app_label, model) FROM stdin;
1	admin	logentry
2	auth	permission
3	auth	group
4	auth	user
5	contenttypes	contenttype
6	sessions	session
7	case_interview_app	aquitalreason
8	case_interview_app	casestatus
9	case_interview_app	country
10	case_interview_app	dataentrypurpose
11	case_interview_app	gender
12	case_interview_app	guiltyreason
13	case_interview_app	idtype
14	case_interview_app	interviewer
15	case_interview_app	investigationstatus
16	case_interview_app	language
17	case_interview_app	prosecutionoutcome
18	case_interview_app	race
19	case_interview_app	roleintrafficking
20	case_interview_app	sanctionpenalty
21	case_interview_app	traffickerorg
22	case_interview_app	transportmean
23	case_interview_app	trialcourt
24	case_interview_app	victimprofile
25	case_interview_app	transitroutedestination
26	case_interview_app	suspectedtrafficker
27	case_interview_app	prosecution
28	case_interview_app	arrestinvestigation
29	case_interview_app	verdict
30	case_interview_app	approvalstatus
31	otp_static	staticdevice
32	otp_static	statictoken
33	otp_totp	totpdevice
34	otp_email	emaildevice
35	case_interview_app	accesspermission
36	case_interview_app	victimpermissions
37	case_interview_app	exploitation
38	case_interview_app	affirmoption
39	case_interview_app	bodypart
40	case_interview_app	brideprice
41	case_interview_app	bridepricerecipient
42	case_interview_app	childmarriagereason
43	case_interview_app	criminalactivitytype
44	case_interview_app	exploitationage
45	case_interview_app	forcedlabourindustry
46	case_interview_app	freedmethod
47	case_interview_app	marriageviolencetype
48	case_interview_app	militaryactivity
49	case_interview_app	militarytype
50	case_interview_app	operationlocation
51	case_interview_app	organpaidto
52	case_interview_app	recruiterrelationship
53	case_interview_app	recruitmenttype
54	case_interview_app	traffickingmean
55	case_interview_app	communityassistancetype
56	case_interview_app	datasupplier
57	case_interview_app	educationlevel
58	case_interview_app	familystructure
59	case_interview_app	imemmigrationstatus
60	case_interview_app	incomeprojecttype
61	case_interview_app	livingwith
62	case_interview_app	occupation
63	case_interview_app	provider
64	case_interview_app	socioeconomic
65	case_interview_app	assistanceaggregatedata
66	case_interview_app	assistance
67	case_interview_app	tag
68	case_interview_app	search
69	case_interview_app	pendingcase
70	case_interview_app	faq
71	auditlog	logentry
72	case_interview_app	somassistance
73	case_interview_app	somcase
74	case_interview_app	somsuspectedtrafficker
75	case_interview_app	somvictimprofile
76	case_interview_app	somtransitroutedestination
77	case_interview_app	somsocioeconomic
78	case_interview_app	somarrestinvestigation
79	case_interview_app	somprosecution
80	case_interview_app	sommultivictimprofile
81	case_interview_app	somvictimanswers
82	case_interview_app	victimquestions
\.


--
-- Data for Name: django_migrations; Type: TABLE DATA; Schema: public; Owner: tipnet
--

COPY public.django_migrations (id, app, name, applied) FROM stdin;
1	contenttypes	0001_initial	2023-11-09 08:55:47.993031+00
2	auth	0001_initial	2023-11-09 08:55:48.083615+00
3	admin	0001_initial	2023-11-09 08:55:48.10897+00
4	admin	0002_logentry_remove_auto_add	2023-11-09 08:55:48.118113+00
5	admin	0003_logentry_add_action_flag_choices	2023-11-09 08:55:48.12835+00
6	contenttypes	0002_remove_content_type_name	2023-11-09 08:55:48.14572+00
7	auth	0002_alter_permission_name_max_length	2023-11-09 08:55:48.155558+00
8	auth	0003_alter_user_email_max_length	2023-11-09 08:55:48.165245+00
9	auth	0004_alter_user_username_opts	2023-11-09 08:55:48.174492+00
10	auth	0005_alter_user_last_login_null	2023-11-09 08:55:48.183858+00
11	auth	0006_require_contenttypes_0002	2023-11-09 08:55:48.186787+00
12	auth	0007_alter_validators_add_error_messages	2023-11-09 08:55:48.19538+00
13	auth	0008_alter_user_username_max_length	2023-11-09 08:55:48.211742+00
14	auth	0009_alter_user_last_name_max_length	2023-11-09 08:55:48.221358+00
15	auth	0010_alter_group_name_max_length	2023-11-09 08:55:48.231324+00
16	auth	0011_update_proxy_permissions	2023-11-09 08:55:48.239711+00
17	auth	0012_alter_user_first_name_max_length	2023-11-09 08:55:48.248787+00
18	case_interview_app	0001_initial	2023-11-09 08:55:48.615065+00
19	case_interview_app	0002_remove_victimprofile_identification_type_and_more	2023-11-09 08:55:48.691838+00
20	case_interview_app	0003_verdict	2023-11-09 08:55:48.701369+00
21	case_interview_app	0004_interviewer_address	2023-11-09 08:55:48.721626+00
22	case_interview_app	0005_approvalstatus_interviewer_approval_comments_and_more	2023-11-09 08:55:48.768451+00
23	case_interview_app	0006_remove_interviewer_victim_interviewer_victims	2023-11-09 08:55:48.832055+00
24	case_interview_app	0007_victimprofile_approval_and_more	2023-11-09 08:55:48.876829+00
25	sessions	0001_initial	2023-11-09 08:55:48.893952+00
26	case_interview_app	0008_alter_victimprofile_languages	2023-11-10 01:18:49.899168+00
27	case_interview_app	0009_arrestinvestigation_org_crime	2023-11-10 01:18:49.919691+00
28	case_interview_app	0010_arrestinvestigation_approval_and_more	2023-11-10 01:18:49.987751+00
29	case_interview_app	0011_remove_arrestinvestigation_trafficker	2023-11-10 01:18:50.014619+00
30	case_interview_app	0012_remove_arrestinvestigation_how_traffickers_org_and_more	2023-11-10 01:18:50.082993+00
31	case_interview_app	0013_suspectedtrafficker_approval_and_more	2023-11-13 16:24:57.644794+00
32	case_interview_app	0014_country_flag	2023-11-13 16:24:57.662823+00
33	case_interview_app	0015_alter_country_flag	2023-11-13 16:24:57.680618+00
34	otp_email	0001_initial	2023-11-14 05:01:33.959332+00
35	otp_email	0002_sidechanneldevice_email	2023-11-14 05:01:33.989228+00
36	otp_email	0003_emaildevice_email	2023-11-14 05:01:33.999937+00
37	otp_email	0004_throttling	2023-11-14 05:01:34.020899+00
38	otp_email	0005_emaildevice_last_generated_timestamp	2023-11-14 05:01:34.032099+00
39	otp_static	0001_initial	2023-11-14 05:01:34.076272+00
40	otp_static	0002_throttling	2023-11-14 05:01:34.10036+00
41	otp_totp	0001_initial	2023-11-14 05:01:34.124103+00
42	otp_totp	0002_auto_20190420_0723	2023-11-14 05:01:34.146791+00
43	two_factor	0001_initial	2023-11-14 05:01:34.150616+00
44	two_factor	0002_auto_20150110_0810	2023-11-14 05:01:34.152746+00
45	two_factor	0003_auto_20150817_1733	2023-11-14 05:01:34.154747+00
46	two_factor	0004_auto_20160205_1827	2023-11-14 05:01:34.156684+00
47	two_factor	0005_auto_20160224_0450	2023-11-14 05:01:34.15857+00
48	two_factor	0006_phonedevice_key_default	2023-11-14 05:01:34.160429+00
49	two_factor	0007_auto_20201201_1019	2023-11-14 05:01:34.162311+00
50	two_factor	0008_delete_phonedevice	2023-11-14 05:01:34.164184+00
51	two_factor	0001_squashed_0008_delete_phonedevice	2023-11-14 05:01:34.169474+00
52	case_interview_app	0016_accesspermission_victimpermissions	2023-11-15 15:06:02.731583+00
53	case_interview_app	0017_prosecution_verdict	2023-11-15 15:06:02.770295+00
54	case_interview_app	0018_prosecution_approval_prosecution_approval_comments	2023-11-15 15:06:02.832986+00
55	case_interview_app	0019_alter_victimpermissions_victim_exploitation	2023-11-16 11:42:43.270613+00
56	case_interview_app	0020_affirmoption_bodypart_brideprice_bridepricerecipient_and_more	2023-11-16 11:42:44.722835+00
57	case_interview_app	0021_exploitation_approval_exploitation_approval_comments_and_more	2023-11-16 12:36:31.289054+00
58	case_interview_app	0022_alter_exploitation_debt_amount	2023-11-16 13:41:20.530163+00
59	case_interview_app	0023_transitroutedestination_approval_and_more	2023-11-16 14:18:14.548489+00
60	case_interview_app	0024_remove_transitroutedestination_means_of_transport_and_more	2023-11-16 14:30:45.098665+00
61	case_interview_app	0025_remove_transitroutedestination_means_of_transport_and_more	2023-11-16 14:38:51.75754+00
62	case_interview_app	0026_communityassistancetype_datasupplier_educationlevel_and_more	2023-11-18 16:01:41.741187+00
63	case_interview_app	0027_assistance_approval_assistance_approval_comments_and_more	2023-11-18 16:01:42.606032+00
64	case_interview_app	0028_rename_housing_assistance_days_assistance_med_rehab_days_and_more	2023-11-18 16:01:42.850064+00
65	case_interview_app	0029_assistance_halfway_house_days	2023-11-18 16:01:42.935992+00
66	case_interview_app	0030_assistance_halfway_house_months_and_more	2023-11-18 16:01:44.606189+00
67	case_interview_app	0031_alter_suspectedtrafficker_id_number	2023-11-20 16:25:34.826555+00
68	case_interview_app	0032_victimprofile_victim_identifier	2023-11-24 17:10:26.304701+00
69	case_interview_app	0033_victimprofile_consent_abstain_answer_and_more	2023-11-24 17:10:26.600799+00
70	case_interview_app	0034_tag_search	2023-11-24 17:10:26.656938+00
71	case_interview_app	0035_country_three_code_country_two_code	2023-11-25 16:12:03.829811+00
72	case_interview_app	0036_search_is_admin_search_is_technical	2023-11-25 17:15:46.355909+00
73	case_interview_app	0037_pendingcase_arrestinvestigation_created_at_and_more	2023-11-27 17:39:55.961973+00
74	case_interview_app	0038_search_data_entry_purpose	2023-11-27 17:39:56.041605+00
75	case_interview_app	0039_faq	2023-11-29 14:16:42.739548+00
76	case_interview_app	0040_search_search_description_fr_and_more	2023-11-29 14:16:42.782288+00
77	case_interview_app	0041_country_is_sadc	2023-11-29 14:16:42.814632+00
78	case_interview_app	0042_victimprofile_interview_country	2023-11-29 14:16:42.94868+00
79	case_interview_app	0043_alter_interviewer_address_and_more	2023-12-05 13:28:06.958218+00
80	case_interview_app	0044_gender_name_en_gender_name_fr_gender_name_pt_and_more	2024-01-02 13:41:38.245424+00
81	case_interview_app	0045_accesspermission_name_en_accesspermission_name_fr_and_more	2024-01-02 13:41:39.855007+00
82	auditlog	0001_initial	2024-03-03 09:57:37.92927+00
83	auditlog	0002_auto_support_long_primary_keys	2024-03-03 09:57:38.007364+00
84	auditlog	0003_logentry_remote_addr	2024-03-03 09:57:38.029835+00
85	auditlog	0004_logentry_detailed_object_repr	2024-03-03 09:57:38.049565+00
86	auditlog	0005_logentry_additional_data_verbose_name	2024-03-03 09:57:38.069538+00
87	auditlog	0006_object_pk_index	2024-03-03 09:57:38.116795+00
88	auditlog	0007_object_pk_type	2024-03-03 09:57:38.138594+00
89	auditlog	0008_action_index	2024-03-03 09:57:38.164779+00
90	auditlog	0009_alter_logentry_additional_data	2024-03-03 09:57:38.183517+00
91	auditlog	0010_alter_logentry_timestamp	2024-03-03 09:57:38.20711+00
92	auditlog	0011_logentry_serialized_data	2024-03-03 09:57:38.226758+00
93	auditlog	0012_add_logentry_action_access	2024-03-03 09:57:38.248461+00
94	case_interview_app	0046_somvictimprofile_somtransitroutedestination_and_more	2024-03-11 21:47:50.31855+00
95	case_interview_app	0047_remove_somtransitroutedestination_city_village_of_dest_and_more	2024-03-15 14:22:05.23573+00
96	case_interview_app	0048_somassistance_education_assistance_and_more	2024-03-16 12:38:18.597402+00
97	case_interview_app	0049_remove_somcase_role_in_trafficking_and_more	2024-03-16 12:38:19.042+00
98	case_interview_app	0050_exploitation_e_forced_military	2024-03-16 12:39:37.411713+00
99	case_interview_app	0051_interviewer_som_victims	2024-03-17 09:28:04.609576+00
100	case_interview_app	0052_remove_interviewer_som_victims_and_more	2024-03-17 18:05:27.676592+00
101	case_interview_app	0053_interviewer_som_victims	2024-03-20 09:02:46.460641+00
102	case_interview_app	0054_sommultivictimprofile_victimquestions_and_more	2024-04-01 16:45:25.306968+00
103	case_interview_app	0055_remove_somarrestinvestigation_victim_and_more	2024-04-10 18:42:49.673727+00
\.


--
-- Data for Name: django_session; Type: TABLE DATA; Schema: public; Owner: tipnet
--

COPY public.django_session (session_key, session_data, expire_date) FROM stdin;
v8rmv0vj1r874ape1c1v7bo9mqv3x491	.eJyrVirPrEosSonPyU_PzIsvy0wtV7KqViouSS1QslJKLC3JUNIB8-JTEksSgVK1UG5aZk5qMYSfWlFSlIgkX5aYkwnkpabEo2isrQUAhp8oDA:1r6vHB:4_fwn2gs06MuyD4HvAFjgIwlmgU6stMhL8K5lC7Rm4E	2023-12-09 16:13:01.655521+00
wb95rcgg4rkfdjkvfwr91d24obfgiexg	.eJyrVirPrEosSonPyU_PzIsvy0wtV7KqViouSS1QslJKLC3JUNIB8-JTEksSgVK1UG5aZk5qMYSfWlFSlIgkX5aYkwnkpabEo2isrQUAhp8oDA:1r7fv5:vR8YKbrjE799WO6qbHn4MhTW3FF-uPqnwurY7SuVqJA	2023-12-11 18:01:19.091537+00
dn7sluekhnq3w3iitnkqgxn9gg261yok	.eJxVjEEOgjAQRe_StSEOllZYuvcMzdCZSrUphhY0Gu8uKgvZzfvv_3mKm3_gQCb0Jx_N5PkmmqdIma-iiWMIm-9tCDPO4rWg84HTj_meB_zzEwY_E5NZDWdjcMydGRMPxpNoBIhV1qK9cPwIOmM89YXtYx58W3wqxWJTceyJw2Hprh50mLp5rdnuAZzdtVZVVsu2dkyqciBLAKKqRK6ZtqqspdakJbmyArY7qcBpsEq83j4ZXxA:1r7fvg:D1Mt13318FH4vzidmRd-xvVDFV7wzcc_EucLHNAHr20	2023-12-11 18:01:56.530723+00
m7ic5p01sb90ij91hqz23jqgj0sfpvlr	.eJxVjEEOwiAQRe_C2pCWAem4dN8zNDMMSNVAUtqV8e7apAvd_vfef6mJtjVPW4vLNIu6KKtOvxtTeMSyA7lTuVUdalmXmfWu6IM2PVaJz-vh_h1kavlbe-8sSu-YfEjeICCc02C6AZJ1EskRs-lJkAmMJfbeYoCQOsMOUJx6fwDaazfa:1r1QLz:zABZ5tJHqbtHLComX3RuJEE720r0jau9EzxvaRIcAak	2023-11-24 12:11:15.688083+00
wefbcplzssay4yllkgf2okvabebawuty	.eJxVjcEOwiAQRP-FsyEUWKEevfsNhGVZqRpISnsy_rtt0oNe572ZeYsQ16WEtec5TCQuAsTpN8OYnrnugB6x3ptMrS7zhHJX5EG7vDXKr-vh_g2U2MvW9iPweWTnwTjLmCBpqwgdKBe1ZmXJJ41ORfJDHhKDM8oggVeccbsRny_ZxDg0:1r1RCq:Dsf6G80vlt3K9jGh-VQZjKKZD0YYtAQewlrVUNIa-aQ	2023-11-24 13:05:52.918763+00
l460bqry8qdty5cardl6v7cspz7ktmc6	.eJxVjEEOgjAQRe_StSGUQhGW7j1DM-1MpdoUQwsYiXcXlYXs5v33_yxsdk8YUPn-4oKaHM2sXVhMdGdtGL0_fG-FkGAVrw2t8xR_TI80wJ-fwLuVCNVuuBoFY-rUGGlQDlnLeM52oQZzo_AxeIVw6TPThzQ4nX0q2WZjdu6R_Gnr7h50ELt1bTSUlnLLJQiBhZC1AcilPvIGNGDFZUUGK2krjkbUVkrbHKkUsinIFjWy1xuYGF_K:1r7fwe:fQhhlvA37G3c2e18cGonN70UwyMlRghZiS0Ls92HBFk	2023-12-11 18:02:56.683603+00
3hi1hnau7c9ptg7mms6m08u3n93m5oqw	.eJxVjDsOwjAQBe_iGln-4I1NSZ8zWOvdNQmgRIqTCnF3iJQC2jcz76UybuuQtyZLHlldlHXq9DsWpIdMO-E7TrdZ0zyty1j0ruiDNt3PLM_r4f4dDNiGb92BL9W7jgwIF5eYItbKAsmYFCyR1ASBGcizAzxHw5w8ENhQxEZU7w8lljjR:1r6ybm:eGy1dSDqb706g3v_n_Six9STFcZ3FOatCt1-Zfz99XQ	2023-12-09 19:46:30.897245+00
tdoz5h1sggro200lkxdsqs9g8mrv2lms	.eJxVjMsOwiAQRf-FtSEyZXi4dN9vIMNApWogKe3K-O_apAvd3nPOfYlA21rC1vMS5iQuwojT7xaJH7nuIN2p3prkVtdljnJX5EG7HFvKz-vh_h0U6uVbg_eezg5hUkhgcEDOZhogEVvQNmabE3oHCtCr5KNThpi1RXagSWnx_gDIQTcj:1r1SRJ:mX9pe0mYV35erFHzIx3AT97fvu3icT9faylqafNHDbk	2023-11-24 14:24:53.095334+00
iuhy5fw84quuksw2yq9uogyikbh5t70o	.eJxVjsFuwyAQRP-Fc-VigcH42Hu_Aa1hiWkpVAY7VaL8e3DsQ31Z7eybHc2dXP0NZqtDuvioV49XMtxJLvhLhriE8PbatYUCFTwO6XzAvGv8KzP84ysEXxVafXqsRMNSJr1knLW3ZCCtJKfjCOYb40bsF8RLakyKZfZjs1mag-bmM1kMH4f3FDBBnuq3FKJvGWO0Q1BcCdaNijFnuARHba_aVhjFO0cpYq-MBKacZD3vQBjJkdbQVGpzXL3Bveqm8Qd8aF5zR--MPJ7z9W0L:1r7vtB:yOC2z_BKIiRVFIPIA3JRTIQMJXlr066yDuIUZMAljKE	2023-12-12 11:04:25.625409+00
oh5hqoxq00helpaaf3uyfiwmklcbrvr7	.eJxVjEEOwiAQRe_C2hCHAiMu3XuGBmYGqRpISrsy3l2bdKHb_977LzXGdSnj2mUeJ1ZnBerwu6VID6kb4Hust6ap1WWekt4UvdOur43ledndv4MSe_nWKHQCyDQk8o7QppCFvctgDQCzM1GC8NGbYBEZLWfjQGiwHjICefX-APc0OAw:1r2sJG:CJ0lM4iDua0S36t37hYa275Y3fuBf4zFaTrhQ4IqUWg	2023-11-28 12:14:26.917833+00
o1cu7okrqzjhbu2z6e015xwmj2gbyw5u	.eJxVjsGOgzAMRP_F5wpBmoSGY-_9hshgA9lGoSKBrrbqvzdtOSw3j9_MaB5wd384k_XT4IJdHd-heUBMfIMmLN4fPrclTJjBc5O98xy_mn_TjP_4it5lxWR3wUwsLmm0S-TZOoIGKg27Z4vdlcOb0A-GYSq6KaTZtcXbUmw0FpeJ2J83765gxDjmNCpl9FEJIzRJWfW6RJZUKeZTqzVqUYuT7KWQhrLH1CxFabAruWdxrCXm0vWzUKgD5A2RQ7KDWzlAUz1fEpRnKg:1r7HD0:LLzYJOH-hxvXWjbo5ZxBfAFdtVYPJImVy6FrmNBgYqk	2023-12-10 15:38:10.531034+00
nzu0wk0gcjx09906aj916a7vggmdy9lq	.eJyrVirPrEosSonPyU_PzIsvy0wtV7KqViouSS1QslJKLC3JUNIB8-JTEksSgVK1UG5aZk5qMYSfWlFSlIgkX5aYkwnkpabEo2isrQUAhp8oDA:1rKrxo:KO_9heHZ1a6hmRwVH7oZpA0kPKvaJ2Yjgt680DRWxsI	2024-01-17 03:30:40.145535+00
eo56c3hbq1ersmgraa049w4ngmbp5vtw	.eJyrVirPrEosSonPyU_PzIsvy0wtV7KqViouSS1QslJKLC3JUNIB8-JTEksSgVK1UG5aZk5qMYSfWlFSlIgkX5aYkwnkpabEo2isrQUAhp8oDA:1rASeG:v6amqE3nu8tKHbMEEZn_u0xEv6eVpPFSGdfR9Yo_xG4	2023-12-19 10:27:28.961394+00
dd8a1n217m8mdexqmtgk3zc6m8jw3df1	.eJyrVirPrEosSonPyU_PzIsvy0wtV7KqViouSS1QslJKLC3JUNIB8-JTEksSgVK1UG5aZk5qMYSfWlFSlIgkX5aYkwnkpabEo2isrQUAhp8oDA:1rAWLZ:aJaJYT_RHuRJ29IUrk1jFBcRvv_cFFpftJiQxZ_lbiU	2023-12-19 14:24:25.773417+00
395tdg9h9b2lt048r5znt9vmnx261wdb	.eJyrVirPrEosSonPyU_PzIsvy0wtV7KqViouSS1QslJKLC3JUNIB8-JTEksSgVK1UG5aZk5qMYSfWlFSlIgkX5aYkwnkpabEo2isrQUAhp8oDA:1rASoR:P6RH_dPO4563Q5V-y9cJdFd94MkQYrztcMOMQg3JW30	2023-12-19 10:37:59.656208+00
crdpqw3xnfqci04rg8d975g511vagya0	.eJyrVirPrEosSonPyU_PzIsvy0wtV7KqViouSS1QslJKLC3JUNIB8-JTEksSgVK1UG5aZk5qMYSfWlFSlIgkX5aYkwnkpabEo2isrQUAhp8oDA:1rASrW:DX_93BUVWaBeBDHcuUae-MD9uWLhMzgotxnd5TB-ucU	2023-12-19 10:41:10.154217+00
tt8yket4wtlgcxk7eyc8vpn9sknau2xp	.eJyrVirPrEosSonPyU_PzIsvy0wtV7KqViouSS1QslJKLC3JUNIB8-JTEksSgVK1UG5aZk5qMYSfWlFSlIgkX5aYkwnkpabEo2isrQUAhp8oDA:1rAUVU:wm374HFwFkZb7JVQfzeTLjC1RgrAOD1pZrNadv3mb4w	2023-12-19 12:26:32.535117+00
bkc1uaz5rsplvpsq4bac5c3rjme6z864	.eJyrVirPrEosSonPyU_PzIsvy0wtV7KqViouSS1QslJKLC3JUNIB8-JTEksSgVK1UG5aZk5qMYSfWlFSlIgkX5aYkwnkpabEo2isrQUAhp8oDA:1rAWzm:0sY9V5omjDlNoXe0276oVSOrPhaCwtxHfyhkiWlusiQ	2023-12-19 15:05:58.878803+00
byonsybqkl1wowj9ibkm4wzhepwsh1xd	.eJyrVirPrEosSonPyU_PzIsvy0wtV7KqViouSS1QslJKLC3JUNIB8-JTEksSgVK1UG5aZk5qMYSfWlFSlIgkX5aYkwnkpabEo2isrQUAhp8oDA:1rAABm:JBY7Dcb88VWZpWyN4tYRrF1fkIQN7k34DgItV1jUvdw	2023-12-18 14:44:50.4207+00
r40wlyv32fo3p41ryn5gow050g4j582c	.eJyrVirPrEosSonPyU_PzIsvy0wtV7KqViouSS1QslJKLC3JUNIB8-JTEksSgVK1UG5aZk5qMYSfWlFSlIgkX5aYkwnkpabEo2isrQUAhp8oDA:1rAhfd:P8y2nGVz3uLThmL3BkChej4ch8hZH0Ys5oZCShWBiJs	2023-12-20 02:29:53.725939+00
gem4qs9d6ckbiysrln0coezh5ihn8sw5	.eJyrVirPrEosSonPyU_PzIsvy0wtV7KqViouSS1QslJKLC3JUNIB8-JTEksSgVK1UG5aZk5qMYSfWlFSlIgkX5aYkwnkpabEo2isrQUAhp8oDA:1rAj52:P-ylC8OAMIp0OjIdHkcdvMP-MGGG4bQxu1Xn4amJGG4	2023-12-20 04:00:12.760151+00
50u68m5w7lttm2v7ubm4j2dfhmc3bp8o	.eJyrVirPrEosSonPyU_PzIsvy0wtV7KqViouSS1QslJKLC3JUNIB8-JTEksSgVK1UG5aZk5qMYSfWlFSlIgkX5aYkwnkpabEo2isrQUAhp8oDA:1rASmI:Vmj7nga4ySXeJk0gbQQGZXA2xGbSE8obipStoWCojSg	2023-12-19 10:35:46.431995+00
i2iybn3mbkq5e8ini10xzi00adgg4fql	.eJyrVirPrEosSonPyU_PzIsvy0wtV7KqViouSS1QslJKLC3JUNIB8-JTEksSgVK1UG5aZk5qMYSfWlFSlIgkX5aYkwnkpabEo2isrQUAhp8oDA:1rAScQ:UFtzCgFeRJqy3bmOB-9MxdbNXq3_Us2ftjQJb8gd4AE	2023-12-19 10:25:34.561794+00
eufz2ew2plcr3d0ncom7ckc3y5qhv4ym	.eJyrVirPrEosSonPyU_PzIsvy0wtV7KqViouSS1QslJKLC3JUNIB8-JTEksSgVK1UG5aZk5qMYSfWlFSlIgkX5aYkwnkpabEo2isrQUAhp8oDA:1r965S:GKLNmKndnI8HewzwcmAQcsZE4oYNez7aS-S5CUXSbm8	2023-12-15 16:09:54.346271+00
16iahlap2k0kmlepjclbbw5ahumvptgf	.eJyrVirPrEosSonPyU_PzIsvy0wtV7KqViouSS1QslJKLC3JUNIB8-JTEksSgVK1UG5aZk5qMYSfWlFSlIgkX5aYkwnkpabEo2isrQUAhp8oDA:1rAAvI:_z7km-_PFd0BJ8iiy8S0G_CeT_iKv3CvWQ5XT6pgXwc	2023-12-18 15:31:52.803755+00
754vqmk8cjvdk7glnujy3py3fnora3kl	.eJxVj01ugzAQhe_idYQ6YOzCsvucwRo8Y3BrmQgbEjXK3eukLMJu3nzvzc9dXP0vLmTCPPpoNs9X0d9FynwRfVxDOL1qQ5ixgMcunQ-c_jXf8oJvfMPgi2Iyh2AhBtc8mTXxYjyJXoA49Aa0PxyfgL4xjnNl55gXP1RPS7XTVJ1n4vC1ew8DJkxTSWu2nwDONoNVrdVy6ByTah3IGoCorZE7pg9Vd1Jr0pJc3QLbRipwGqwqQ8vmxDGb0W8cRQ_lq9fJDTz-ACsNaA0:1r9vVv:8uXjzFHgU72yhXikar8cICEe5xAt9LKUMZv6qz3O7hY	2023-12-17 23:04:39.121851+00
d1e1bms8o39tgp2c3at004yot1srz7ob	.eJxVjsFyhCAQRP-Fc4qISFw97j3fQA3MoCQEU4JuKlv778HVQ7xMTc_r6eo7u_lfmFGHafBRr55urL-zlOmb9XEJ4eW5a4QMBTwO6XygtGv6yTP84ysEXxShPj0WomHJo14Szdoj65lo2elowH5S3Ah-QBwmbqeYZ2_4ZuEHTfx9QgrXw3sKGCGN5bsFYVpja2ma1tJFISHU2AhrGuyclLWyQnadA4dKSFW31KCranUhJ6vqzZXQKZfmtHpLe9VN0xf4wJ9zR6-yOEvHRDHrwa8UWS8ef4eBdOA:1rAQtc:debSkNBqpMrvYrYvyjPHi4gcaxp4jnjizrBeYAowJvA	2023-12-19 08:35:12.282678+00
qwo4rjbol8srd8y32ydzg33shhzsus79	.eJyrVirPrEosSonPyU_PzIsvy0wtV7KqViouSS1QslJKLC3JUNIB8-JTEksSgVK1UG5aZk5qMYSfWlFSlIgkX5aYkwnkpabEo2isrQUAhp8oDA:1rAWAq:MqtZG3lox5TbEeor_qCZBpniMvfyecKO68XpQ_Q-BmQ	2023-12-19 14:13:20.142337+00
ci502lal036d37h5axsjajmfj1ldny7x	.eJxVjs1yhCAQhN-F85YRUBGPe88zUIOMSkIgJeimsrXvHvw5xMvU9Hw9Xf0kD_sLs1EujNar1eKDdE8SE36Tzi_O3fZdGUiQweuUg3UYD40_aYZ_fAVns0KjLo-ZKFjSpJaIs7KGdIRKcjlq6D_Rb8R8gB9D0QefZquLzVKcNBbvwaC7n95LwARxyt-VLIUYNGOV0VA1LWe8qUA0UtKetU1t6FD2gyyNphXTXJSct6ymAmSLjJY8h4aUm-Nqezyqbhq_wLpinwd6q7Nz3Q2ivZHcNqJParQretLR1x88n3WR:1rAWC2:XTx0PPg7rM_35S5R8RykcVc5zaDfoBqApLj7jrj2WLU	2023-12-19 14:14:34.310374+00
kdkedo42k2uy2yz0ac7vfg6uun8c16d5	.eJxNjcEOgjAMQP-lZ0IAE4kcvfsNS2EVK3MzWwEj4d8dZEaPr6_tW2DmN3qtjOvZqolphmaBIPSEBsQNZCHbUWkU3ByOcoPGjsasyVzZUPipZY2CXuLxexN5QsORSKv_Z1GMgbx6DrF2rCBhi10M6zjTd7S9yztnxXObb4E82ZBfnCZzTrvZXicr3KGws0r4QdCUdVHW9ak4VOv6AY7gU_A:1rAUSv:Hpn8wQt7rRcXSjdh2izGLeAEHg6f-fZh80G-py_7szA	2023-12-19 12:23:53.420784+00
h9tvbcf7l5m6pbobawat0qzvdivbn07b	.eJyrVirPrEosSonPyU_PzIsvy0wtV7KqViouSS1QslJKLC3JUNIB8-JTEksSgVK1UG5aZk5qMYSfWlFSlIgkX5aYkwnkpabEo2isrQUAhp8oDA:1rAUKJ:4dyhf8fBIvfIVR3Vgx8S3K-DEuxZqC8sEa1TBZAM8zM	2023-12-19 12:14:59.480651+00
vvu0ddyp9ds0f2ejhj27qmr0lwot5pze	.eJxVjs1ugzAQhN_F54iaEMBwzL3PYK3xGNy6psKGVI3y7jU_h3JZ7ew3s5one9hfmrR0Y2-9XCwerH2yEPHNWj87d9l2qSlSAq9DGusQdo2fONE_vpCzSUHLUzARSXMc5BwwSatZy-orOx0VdZ_wK9Ef5Psx60YfJ6uy1ZIdNGTvo4a7H97Tg4HCkNJG1zkqjlyoElRRbSpdqBv41RgjGuKC33JwqgpTilKgyTmajndVoWqoYm01xtQci-2wV101vsi6bJs7eitFsi6bQ5QXluoG-Ch7u8CzNn_9AXwRd64:1rAUTX:6aKp_cUI8Jl9RJXWGOshbIJEQBmpqiI6stNIXVI5BF0	2023-12-19 12:24:31.698159+00
c11id5lnqzi254g7xtdyi1edqkqf1109	.eJxNjcEOgjAMQP-lZ7JIjEE4evcblsIqVuZGtgJGwr87CEaPr6_tm2HiNwajrW_Z6ZFpgmqGKNRDBeI7cpBtqA0Krg4HuUPlBmuX3dzYUvypeUmCXhLwe5N4RMuJyOj_Z0kMkYLuu1Q7n2DHGpsUNmlmHuharxrvJHCt1oDabVRXb8he9t1sq5MTblDYOy38JKjy4pAXxbHMy2X5AJDYU_0:1rAT8R:Ec4UVQ5YQoplGPMLb3mHIpbJhcq02t92antZynTcKyw	2023-12-19 10:58:39.797176+00
5qutx2nry2w2def86ecbaniqt6kg3lg6	.eJxVjs1uwyAQhN-Fc0QBx9jxMfc-A1pgbdNSqAx2qkZ59-KfQ31Z7ew3O5onebhfmKzycXBBLQ4fpHuSlPGbdGH2_rLtykKGAl6H7J3HtGv8yRP84wt4VxRadXosRMGcRzUnnJSzpCOiIaejBvOJYSX2A8IQqYkhT07T1UIPmuh7tOjvh_cUMEIay3clJJfIwIi6YZK3wrbyZnpRV63kvZVM4pXpyljNNGp9a7ipa2EQZC-0NryExlya4-IM7lVXjV_gPN3mjt54VazL5miuF1LqJgxZDW7BQDr--gMwpHda:1rAUU4:OMS-wY-cIwuyuU2Tbu2Wp_ipAzTHkqZO3aGq9_4RU7A	2023-12-19 12:25:04.549164+00
l3be8jau9cf5lzpwh1sc9n9p4sojcoz4	.eJxVjsFuhDAMRP8l54omQEjg2Hu_IXJis6RNQwWBXe1q_71h4VAulsdvPJoHu_o7TGjCePHRrJ6urHuwOdEv6-ISwttrNwgJMngesveB5l3TLU3wj68QfFaE5vSYiYElDWaZaTIeWccqwU5HC-6b4kbwC-JlLNwY0-RtsVmKg87F54gUPg7vKWCAecjftuVNo4WqStfYimTvyNa1agFbjo1UqDjylmuQUpfUl9Jy26hWCoG11qXOoWPKzWn1jvaqm6Yf8KF4zR29C8Wef4MXbWE:1rAWFY:gGwSh8XeLKRRxA-RLcrhaBPtBLIoTcSelroedhRkEKI	2023-12-19 14:18:12.858005+00
dokllh1u4qtlpg8c4q0kl2qw6tcrg5pl	.eJxVjs1yhCAQhN-Fc4qIcfnxuPc8AzXCoCQEUoJuKlv77sHVQ7xMTc_X09V3cvO_MFsd0uijXj3eSH8nueA36eMSwstz1xYKVPA4pPMB867xp8zwj68QfFVo9emxEg1LmfSScdbekp7IlpyOA5hPjBuxHxDHRE2KZfYD3Sz0oJm-J4vhenhPARPkactFPqBSb9JaKYUyDLuuM1y10oEUDcLFMKc4Yw20HQihLjgAE9ww7oRrmxqaSm2Oqze4V900foEP9Dl39MpltdaSGWPRo18xkp49_gCoy3RV:1rAWxb:6fHNkrfp2cuP1VZlZ9Q8UudrrqKA1lABFLroaq9ErYQ	2023-12-19 15:03:43.078021+00
gwarns2bw649s4mii1v888o01maa2azf	.eJxVjs1uxCAMhN-Fc0UJ-SXH3vsMyMFmQ0uhSkh2tat995JNDs3F8vgbj-bBru4OE2ofLy7o1dGV9Q82J_plfVi8f3vtGiFBBs9DWudp3jXd0gT_-AreZUWoT4-ZaFjSqJeZJu2Q9UwKdjoOYL4pbAS_IFwiNzGkyQ18s_CDzvwzIvmPw3sKGGEe87cQWDaFqqhsjagLKdvOqrowhewUqKpoyWJrSFnRKFW1KGuFjcBB2K6soWtyaEy5Oa3O0F510_QDzvPX3NF7w55_7whtBA:1rASjP:M7yfdYquUVY7ERAHJi5L_GF4OiXmui8JN6Y6Cig4M0o	2023-12-19 10:32:47.276621+00
b5i6ele81fm0d2wecnaqvn4a5y98ltqb	.eJyrVirPrEosSonPyU_PzIsvy0wtV7KqViouSS1QslJKLC3JUNIB8-JTEksSgVK1UG5aZk5qMYSfWlFSlIgkX5aYkwnkpabEo2isrQUAhp8oDA:1rAUWl:Y9Epi5JYh9VuEad2uhM3KrMoiMky9lOP3PkINDXPGBo	2023-12-19 12:27:51.539446+00
88eocugabmek8fa5dv2vjou9iy6s3pu6	.eJyrVirPrEosSonPyU_PzIsvy0wtV7KqViouSS1QslJKLC3JUNIB8-JTEksSgVK1UG5aZk5qMYSfWlFSlIgkX5aYkwnkpabEo2isrQUAhp8oDA:1rASUU:mV6xZwwWFx-8OEl8PdDtxn8YPYBe4ChAhOuX-i_FBis	2023-12-19 10:17:22.370418+00
tc0g9jpnqo6u7yimcvit17ozt24mys0w	.eJyrVirPrEosSonPyU_PzIsvy0wtV7KqViouSS1QslJKLC3JUNIB8-JTEksSgVK1UG5aZk5qMYSfWlFSlIgkX5aYkwnkpabEo2isrQUAhp8oDA:1rAWzs:kX17nOpbQlnCs5iMVgA1aFL9ky_VZYB2DM2eNyFKAKI	2023-12-19 15:06:04.575776+00
m9ru3y8lsnlxvqhe4uuuqyh3ks8f1bdl	.eJxVjsFuwyAQRP-Fc0RNiInsY-79BrQsS0xLoDLYqRrl34tjH-LLamff7Gge7O7_YLQ6pKuPevZ0Z_2D5UI_rI9TCIfXri0UqOC5SecD5VXTbxnhjc8QfFVk9e6xEg1TGfSUadTesp7JM9sdDeA3xYXYL4jXxDHFMnrDFwvfaOafyVK4bN5dwAB5WL6x6WSrDFh1pPYEhoSkxpDDkzx30KBTRpATQrVKGnSt7FAJIOUEIKquhqZSm9Pskdaqi6Yb-MBfc0UfR8me_xICb1A:1rASjg:a2HafzkVW1ef6rs0eQoLMB3Kmtw_KL0vfnFASUvynXI	2023-12-19 10:33:04.758115+00
s8os067h6drkzyawn6bkf5hteeceqdls	.eJyrVirPrEosSonPyU_PzIsvy0wtV7KqViouSS1QslJKLC3JUNIB8-JTEksSgVK1UG5aZk5qMYSfWlFSlIgkX5aYkwnkpabEo2isrQUAhp8oDA:1rAVof:LoXuKo3aTUp_IBjKnv4bIaWWNxAXA4ZBJLcJIoo-WbA	2023-12-19 13:50:25.61992+00
hk61lajgqag909bfprv55ze1ax3tg7wz	.eJyrVirPrEosSonPyU_PzIsvy0wtV7KqViouSS1QslJKLC3JUNIB8-JTEksSgVK1UG5aZk5qMYSfWlFSlIgkX5aYkwnkpabEo2isrQUAhp8oDA:1rASvv:Cz2IYLhwfW50PBN85hdaHmtXCDiDuPNhRUFhN0P9Juw	2023-12-19 10:45:43.131876+00
sd99bcdcodq8copicn0gwydv9c4qju6a	.eJxVjs0OwiAQhN-Fs8GlhQIee_cZyHYBi9Zi-uPF-O62tge9TLLzzU7mxRzOU-vmMQwueXZiWrDDr9kg3UK_En_F_pI55X4aUsPXCN_pyM_Zh67es38FLY7t8l0KW5FGjQWYUoEkskhkpJUEGFFGoaT3QNYoBVQJiGALKWxRmRjJwFKap4fz4ZkobFPXO9wxdfyrGzoqzd4fl5FGqw:1rAW0Y:3eTTSstfoIAXGov2cQMiqE911-c2wOdtZ_JnXgeH918	2023-12-19 14:02:42.006876+00
65abugiz6z3shz73ji7xmaomnr4gyw1m	.eJyrVirPrEosSonPyU_PzIsvy0wtV7KqViouSS1QslJKLC3JUNIB8-JTEksSgVK1UG5aZk5qMYSfWlFSlIgkX5aYkwnkpabEo2isrQUAhp8oDA:1rASYl:k4yBADQNz2pbYtGtjc9Y5gF_yVi1c5e013-j_lVQHps	2023-12-19 10:21:47.646807+00
yky5thybboig0ayb0ydai0omww2e9gj8	.eJyrVirPrEosSonPyU_PzIsvy0wtV7KqViouSS1QslJKLC3JUNIB8-JTEksSgVK1UG5aZk5qMYSfWlFSlIgkX5aYkwnkpabEo2isrQUAhp8oDA:1rASoR:P6RH_dPO4563Q5V-y9cJdFd94MkQYrztcMOMQg3JW30	2023-12-19 10:37:59.677821+00
eshoxprb7yr5yl5lbaffrf2dcrfl57z8	.eJyrVirPrEosSonPyU_PzIsvy0wtV7KqViouSS1QslJKLC3JUNIB8-JTEksSgVK1UG5aZk5qMYSfWlFSlIgkX5aYkwnkpabEo2isrQUAhp8oDA:1rBTPP:VGGz6wCc3XQnFe_OxVf202vxIhDdNaxle3QVVmd0BNo	2023-12-22 05:28:19.7601+00
n5de3qe5j2yatni3fvszzg2fjznik8xu	.eJxVjsFuhDAMRP8l54omQEjg2Hu_IXJis6RNQwWBXe1q_71h4VAulsdvPJoHu_o7TGjCePHRrJ6urHuwOdEv6-ISwttrNwgJMngesveB5l3TLU3wj68QfFaE5vSYiYElDWaZaTIeWccqwU5HC-6b4kbwC-JlLNwY0-RtsVmKg87F54gUPg7vKWCAecjftuVNo4WqStfYimTvyNa1agFbjo1UqDjylmuQUpfUl9Jy26hWCoG11qXOoWPKzWn1jvaqm6Yf8KF4zR29C8Wef4MXbWE:1rASkX:vNQB-9D4C7U5SxSbA5GxkHRyH-Yys3-2-z0ktqQ-1xw	2023-12-19 10:33:57.532804+00
ptrlzy10r9me61kc0xjq95vcfv04qrld	.eJyrVirPrEosSonPyU_PzIsvy0wtV7KqViouSS1QslJKLC3JUNIB8-JTEksSgVK1UG5aZk5qMYSfWlFSlIgkX5aYkwnkpabEo2isrQUAhp8oDA:1rASVE:JYbG85JY3ucQ8IbyiRUwNVszw63eFtr7Dy1JodQXD74	2023-12-19 10:18:08.783776+00
e9wlwvormrbtaexpjczd86utw81otg3m	.eJyrVirPrEosSonPyU_PzIsvy0wtV7KqViouSS1QslJKLC3JUNIB8-JTEksSgVK1UG5aZk5qMYSfWlFSlIgkX5aYkwnkpabEo2isrQUAhp8oDA:1rASVF:3vKiuWOkVjK32ZGTd9Zt-Ta5W8SVvfyJbBHVSdUR0us	2023-12-19 10:18:09.069794+00
chpzhlb91c1lun5oihij15zvmx8h3i0a	.eJxVjs1uwyAQhN-Fc0T9gx3sY-59BrTAYtNSqAx2qkR59-CfQ31Z7ew3O5onudsHTFq4MFgvFot30j9JTPhLej87d9l2oSFBBq9DGusw7hr_0gT_-ALOZoVanB4zETCnUcwRJ2E16UlVkdNRgvpGvxL9BX4IVAWfJivpaqEHjfQzaHS3w3sKGCGO-Ru4vNaad52Cpr1KaDnogivJFCsVg0Y3aBir6qowdW26wqgCVd11pakYN43JoSHl5rhYhXvVVeMPWEe3uaMPnp3LZmjLC8ltI_okBrugJ335egP_vXd2:1rAVM1:0aw1Z4U-x9XhcIslBnAE_MEVTYxPCJgeTuWENLFIb2k	2023-12-19 13:20:49.784863+00
3k1vgocjia8of1tcyg1j3rwhh8j303ks	.eJyrVirPrEosSonPyU_PzIsvy0wtV7KqViouSS1QslJKLC3JUNIB8-JTEksSgVK1UG5aZk5qMYSfWlFSlIgkX5aYkwnkpabEo2isrQUAhp8oDA:1rAU1c:v-hVDYsQ8uoEg_7hPjrHqibgT-q2883jG1vYez2GShg	2023-12-19 11:55:40.764244+00
lppan9i99bqvtynp71axxmmfzpoepbih	.eJxNjcEOgjAMQP-lZ0MkxhA4evcblsIqVuZGtgJGsn93kBk9vr62b4WF3-i1Mq5nq2amBZoVgtAIDYgbyMJhR6VRcHM4yR0aOxkTs7mxofBTa0yCXuLxe5N4RsOJSKv_Z0lMgbwah1Q71ZCxxS6FdZrpB9reFZ2z4rkttkCRbSiuTpO55N3DXicr3KGws0r4SdCU1bGsqrKuzjF-AJBzU_w:1rASd6:iK8SgeHrZGhs74V83_XDPSvk8b05s9qO7JjJTkzxMZo	2023-12-19 10:26:16.075913+00
0ctt102dxo2okk2z0g8fl8a4ftk5n4ch	.eJyrVirPrEosSonPyU_PzIsvy0wtV7KqViouSS1QslJKLC3JUNIB8-JTEksSgVK1UG5aZk5qMYSfWlFSlIgkX5aYkwnkpabEo2isrQUAhp8oDA:1rASWR:7Q_7GaRhdqx0SLSMDL4cVj4P8lZy7bv7YCFc4HuZ5bc	2023-12-19 10:19:23.301609+00
l1chofhmrqohhjrilp3525f8cnxl7w3z	.eJxVjsFywyAMRP-Fc4caY5PYx977DYwQckxLoWOwk0km_14c-1BfNFq91c4-2NXdYbLax4sLenF0Zf2DpUy_rA-z92-vXVvIUMBzl4PzlDZNtzzBP76Ad0WR1YfHQjTMedRzokk7y3qmanY4GsBvCiuxXxAukWMMeXKGrxa-08Q_oyX_sXsPASOksXzjoM4VqbazjTUCBVY1QmU72QorDFIrsFbNCaUUNNSkatmCaDpTnSQJIFFCYy7NaXFIW9VV0w84z19zQ-_NmT3_AMuAblA:1rAWw6:sUOikbkVt_6YCHoZtFTmA5ClqFTfSy0BnFFh_2axx6o	2023-12-19 15:02:10.769203+00
zxc0ptn1myx688ds7056qzenqueqer69	.eJxVjs1uwyAQhN-Fc-SCg7HxMfc-A1rDxqalUBlMqkZ59-KfQ31Z7ew3O5onedhfmI1yYbReZYsP0j9JTPhNer84d9l2ZSBBAa9D3q3DuGv8STP84xmcLQqNOj0WomBJk1oizsoa0pNaktNxAP2JfiXmA_wYKh18mu1QrZbqoLF6Dwbd7fCeAiaIU_nuBDDRgpaSayqg5oCMtkazQUjTCNbpa9eIKxe6lbXQA5dAOd4ZALTAKS2hIZXmmK3Gveqq8Qusq7a5ozfWFGveHA27kFI3ok9qtBk96dnrDxbRdtQ:1rAWzg:VZXZmo5ntd-xbAPnuH8DaM-i316zOu5R1hclZRh9QI8	2023-12-19 15:05:52.339781+00
ql24n1hjgnzkvhauk0f08oai2wwholod	.eJyrVirPrEosSonPyU_PzIsvy0wtV7KqViouSS1QslJKLC3JUNIB8-JTEksSgVK1UG5aZk5qMYSfWlFSlIgkX5aYkwnkpabEo2isrQUAhp8oDA:1rASnw:3qIFXAvCdVes80yInKBGdz2SYPRLRqRxy6FAVSHzEPo	2023-12-19 10:37:28.969832+00
s8d368vjcypgm0xda6nfu84cmuvplccs	.eJyrVirPrEosSonPyU_PzIsvy0wtV7KqViouSS1QslJKLC3JUNIB8-JTEksSgVK1UG5aZk5qMYSfWlFSlIgkX5aYkwnkpabEo2isrQUAhp8oDA:1rAUUA:N5ZX2UydAuhqS16OBw3Cp8HkzWzoK_fKoHZGuaxKOWY	2023-12-19 12:25:10.463218+00
j261zikjkrtgqxevp37dznsn4uiiubhf	.eJxVjs1uwyAQhN-Fc-TGBozxMfc-A1rD2qalUBnsVIny7sE_h_qy2tlvdjRPcrcPmIxyYbBeLRbvpH2SmPCXtH527rLtykCCDF6H7K3DuGv8SxP84ws4mxUadXrMRMGcRjVHnJQ1pCWyJqdjB_ob_UrMF_ghFDr4NNmuWC3FQWPxGQy62-E9BYwQx_ytdUkbLmVDecUpY6ITyBEEMCFpX2PJZMdrzVFWUgoqWMeoMbLikjX82vQ5NKTcHBerca-6avwB64pt7uijqbJ12Rxldb2Q3DeiT2qwC_p8e70BONh2Lg:1rAWQf:GSyI_IotWWCqANYQKWjVuZOkVXLv_TAuRNLf2fJOxLI	2023-12-19 14:29:41.472838+00
4finuq5z9mkh27m2a2n02fr7h89k21d1	.eJxVjs1uwyAQhN-Fc-QaHGPjY-59BrTA2qalUBnsVIny7sE_h_qy2tlvdjRPcrcPmIx0YbBeLhbvpHuSmPCXdH527rLt0kCCDF6H7K3DuGv8SxP84ws4mxUaeXrMRMKcRjlHnKQ1pCOMk9NRgf5GvxLzBX4IhQ4-TVYVq6U4aCw-g0F3O7yngBHimL_7HihS3tSalz1nvEFdcsqEaK811aIUCK0WfSVa1QrTMlXVqBoDpTAKa1rl0JByc1ysxr3qqvEHrCu2uaMPyrJ12RxXdiG5bkSf5GAX9KSjrzc3oHco:1rASev:f12fXt1TSVikIMKe8N8B52c9mDFADjAHbpvmSXQJBaE	2023-12-19 10:28:09.199356+00
9mnunuw0vhx06eudlad8jg984kql83jg	.eJxVjsFyhCAQRP-Fc4ogREc97j3fQI0wriQEUoJuKlv778HVQ7xMTc_rnuo7u7lfnK328eqCXh3dWH9nKdM368Pi_ctz1xYzFvA45Og8pV3TT57xH1_Ru6LI6lOwEI1LnvSSaNbOsp4pwU7HAc0nhY3YDwzXyE0MeXYD3yz8oIm_R0v-cnhPDyZMU0mPQAh1hQY6wqbtEAR0kuDNgKpFKwclbV0VYOphVNSAaA0qCaKSjbFiaxVzaU6rM7RX3TR9ofP8OXf0WjXs8QeQAm2B:1rAWUq:EPpLYFEI1UriuSkoCbIKrJVSti8avLf-CfcZ2n9DpyQ	2023-12-19 14:34:00.565711+00
b9jlclro5tx7gzesl27f9gzsi6p7lme2	.eJxVjs1uwyAQhN-Fc0Vt8-OfY-99BrTAEtNSXBnsRIny7sWxD_VltbPf7Gge5OrvMFsVpouPavV4JcODpIy_ZIhLCG-vXVnIUMDzkM4HTLvGW57hH18h-KLQqtNjIQqWPKol4ay8JQPhnJyOGsw3xo3YL4iXiZop5tlrulnoQRP9nCyGj8N7ChghjeVbN3UnhK0bwQx2zLmWSagqK6Sset0L0wnWc9PXFgBaEBp62bSm4463TsimhE65NMfVG9yrbhp_wAf6mjt6ZxV5_gGQRW25:1rAV9y:So8OFXo6BXxh8B98K2Zm0rUyW97ZCuVbq9RwuQ7uWPQ	2023-12-19 13:08:22.009566+00
wpdcn3s7r60hcb1ei393ht3qhwvs853v	.eJxVjsGSwiAQRP-Fs8WKwRhy9L7fQA2ZwbDLghVItLT8d4nJYXOZmp7X09VPdnMPGFD7eHFBT45urH2ylOnK2jB6v_vsGiFDAa9VWucpLZrueYB_fALviiLUm8dCNIy512OiQTtkLTtUbHM00P1SmAn-QLhE3sWQB2f4bOErTfw7Ivnz6t0E9JD68n1Sgoyq9o2spVSIUh2NVeZkxbGSZISUBi2KAoRBWQuqsUELdQeHvVSNKqExl-Y0uY6WqrOmP3Cef-aCvhR7vQFVqG5S:1rAX1L:Tp-e_76bCtQEb7jlbc-mHJ4XwKvMTa8Nm1cnRpc8lQ8	2023-12-19 15:07:35.432746+00
bu7oh2qvu7yitszpwzkb97parcvvz2wt	.eJxVjktuxCAQRO_CeuQYjL_L2ecMqIHGJiEQGeyJMpq7B38W8abV1a-6VE_ysL8wa-HCaL1YLT7I8CQx4TcZ_OLcbd-FhgQZvE5prMN4aPxJM_zjKzibFWpxecxEwJImsUSchdVkIG1LLkcJ6hP9RvQH-DEUKvg0W1lsluKksXgPGt399F4CJohT_jaVpMpw7GrWs7ICzmml68YY7JtaSaRdazTViksjQZZ9hyVq3rKKS9aBZjk0pNwcV6vwqLpp_ALrin0e6K2psnXdHZSyG8l9I_okRruiz7fXHwe0eC4:1rAVxG:b8V57Rr3DU67mlKhevjncLUgDWdZI0xoyZos3XiA5f8	2023-12-19 13:59:18.054555+00
11r2vmf41iqm4e75rbtmnh8f3czl7r2j	.eJyrVirPrEosSonPyU_PzIsvy0wtV7KqViouSS1QslJKLC3JUNIB8-JTEksSgVK1UG5aZk5qMYSfWlFSlIgkX5aYkwnkpabEo2isrQUAhp8oDA:1rAX1q:m7ZPwdxe5ohFFz5tGAVlgfirULx5a2KSbBVFQ_Td_cY	2023-12-19 15:08:06.61503+00
iwquqz0vu7pg6xmflk35r3uzlo991ujy	.eJyrVirPrEosSonPyU_PzIsvy0wtV7KqViouSS1QslJKLC3JUNIB8-JTEksSgVK1UG5aZk5qMYSfWlFSlIgkX5aYkwnkpabEo2isrQUAhp8oDA:1rAmRx:EyMJfkQzZgxQ4L00f9COJZJRLmAHfqGnEdKQZEKvGHo	2023-12-20 07:36:05.618584+00
1y44ubhyqcgwgqhate3xyj61srn40qxn	.eJyrVirPrEosSonPyU_PzIsvy0wtV7KqViouSS1QslJKLC3JUNIB8-JTEksSgVK1UG5aZk5qMYSfWlFSlIgkX5aYkwnkpabEo2isrQUAhp8oDA:1rAU6J:QpIBTHfjaxyHi-g8Fs0zuwwnZq2sMEnfbiEW6h2B8MQ	2023-12-19 12:00:31.10271+00
9s3ptetyk68dtdcwu0k8l1j7fi1k10ul	.eJxVjk1uxCAMRu_CuqIohMnPsvueAdlgJrQUqkAyVUdz95JJFs3G8vOzP_nObv4XZqtDuvqoV083Nt5ZLvTNxriE8PLstYUCVTwOdD5Q3pl-ygz__ArBVyKrT4fVaFjKpJdMs_aWjaxv2WmIYD4pbsZ-QLwmblIss0e-rfDDZv6eLIW3Y_cUMEGe6rWgDs3FUacESeEqSJAtkpDYtThYp3pCaYlMMwwN4qBadI0yojf9BZWqoanUz2n1hvZXN6Yv8IE_665eO8EefxPRbzg:1rAUIB:Xh2h8IYbxLrahvNcNkruWKWV5S72W1yfHiFDplWrd6A	2023-12-19 12:12:47.993089+00
c5czdw4kp4agjp2oah7j9rfxwx2e0hvs	.eJyrVirPrEosSonPyU_PzIsvy0wtV7KqViouSS1QslJKLC3JUNIB8-JTEksSgVK1UG5aZk5qMYSfWlFSlIgkX5aYkwnkpabEo2isrQUAhp8oDA:1rAUIV:gbqAFFapMOpuojaG6HsgmSLCX1r2Cx6DBYoXZCaTzVg	2023-12-19 12:13:07.02198+00
y75vytk7mj44yk20cx9y93ziifmyymbt	.eJxVkM1uwyAQhN-Fc-WCcfx3zL3PgBZ2Y9NSqAx2qkR59-KfQ31Z7fDNrEY82d0-YELlwmC9WizdWf9kMdEP6_3s3Nu2K4QEGbwOebOO4q7pN03wjy_gbFaE6hTMRMGcRjVHmpRF1rOKs9OjBvNFfiX4CX4IhQk-TVYXq6U4aCw-ApK7Ht7TgRHimNOa2qaVKC9GGy4F1CUXXddJziU1JMquK2_CVNgAaI1QC5ICeaPLVqAWHPLRkHJzWqyhveqq6RusK7a5o_eyztZcMpJParALedaL_ANbRvDq9QevI3dF:1rAUu1:6ig2Er0t9zqvN5hyT2tV_MktN2XFR0dgwuY5wkTkfU4	2023-12-19 12:51:53.665094+00
slty4beru5t4udzgpq9k87ai94mfmqr8	.eJyrVirPrEosSonPyU_PzIsvy0wtV7KqViouSS1QslJKLC3JUNIB8-JTEksSgVK1UG5aZk5qMYSfWlFSlIgkX5aYkwnkpabEo2isrQUAhp8oDA:1rAmpG:VGiIPpwMEizKqyuu1qn9o5kdY3MqGx7XUAESqiNf2Hw	2023-12-20 08:00:10.020511+00
egbs4xdzo61h8vlrdqtgtwc97k82clxm	.eJyrVirPrEosSonPyU_PzIsvy0wtV7KqViouSS1QslJKLC3JUNIB8-JTEksSgVK1UG5aZk5qMYSfWlFSlIgkX5aYkwnkpabEo2isrQUAhp8oDA:1rAsBB:5wVZewlb1jW88Oe0PRh6bAScxyWDNW4Wx6OYxtFOrv0	2023-12-20 13:43:09.336298+00
ens9d59ctfhlsgcglc5gubtteowxvt5b	.eJyrVirPrEosSonPyU_PzIsvy0wtV7KqViouSS1QslJKLC3JUNIB8-JTEksSgVK1UG5aZk5qMYSfWlFSlIgkX5aYkwnkpabEo2isrQUAhp8oDA:1rBK6y:672RUvJoDuVDJf4t5dR31r83a504E9QA2NsfomDUPNA	2023-12-21 19:32:40.796743+00
gp3ahsxjxlt835rs763xc5q5swkx6xid	.eJyrVirPrEosSonPyU_PzIsvy0wtV7KqViouSS1QslJKLC3JUNIB8-JTEksSgVK1UG5aZk5qMYSfWlFSlIgkX5aYkwnkpabEo2isrQUAhp8oDA:1rCKi3:PEkxSEKmj6bE0ZvbiP8I-JT-Tcej7ao4rDFRLPSCa2g	2023-12-24 14:23:07.476257+00
6i8giws9w1xx3r58jmkzvsse688ka1s4	.eJyrVirPrEosSonPyU_PzIsvy0wtV7KqViouSS1QslJKLC3JUNIB8-JTEksSgVK1UG5aZk5qMYSfWlFSlIgkX5aYkwnkpabEo2isrQUAhp8oDA:1rASa2:Q72_f1LWqip9Y_DCsOA8X-RsWruYrS2_F4TuektE48s	2023-12-19 10:23:06.08109+00
kewnvuuoh28bz4ne7s91q5swe2w7fgic	.eJxVjsFyhCAQRP-Fc4oAIqsec883UAOMKwmBlKCbytb-e3D1EC9T0_N6uvpObv4XZqdDuvqoV483MtxJLvhNhriE8PLctYMCFTwOOfqAedf4U2b4x1cIvip0-vRYiYalTHrJOGvvyEAaSU5HA_YT40bcB8RrojbFMntDNws9aKbvyWF4O7yngAnyVL9Ny_DS8tb2DZOWqx4bNJxzJR12HCzAxYpRiI61rFG8E0L2MBrmpFWAqGpoKrU5rt7iXnXT-AU-0Ofc0atg5PEHmhZt7Q:1rAWJp:BN9WzD1PFmEBywdKKghNineouh827g7F1uFoKEkleFY	2023-12-19 14:22:37.362544+00
qnuw409w9laccht0e1i8vatp3eh0ki0b	.eJxVjsFuwyAQRP-Fc0UNjiH2sfd-A1pgiWkpVAY7UaL8e3HsQ31Z7eybHc2DXP0dJqtCuvioFo9XMjxILvhLhjiH8PbalYUCFTx36XzAvGm8lQn-8QWCrwqtOjxWomAuo5ozTspbMhDZkcNRg_nGuBL7BfGSqEmxTF7T1UJ3mulnshg-du8hYIQ81m93Yg47CZJLw0Xf2JbLcwvY6d5KZxkI4yRvpG644A1npkVwgrW9MSfQZ6yhqdTmuHiDW9VV4w_4QF9zQ--CkecfxNBuag:1rAV35:dQ7BgBbA2lkkK3az1ZxmR8yynaCyr_qxzf1nDMj9L6Y	2023-12-19 13:01:15.553406+00
btdckmz7wm0s7jux7yku0pejp0zwl5k8	.eJyrVirPrEosSonPyU_PzIsvy0wtV7KqViouSS1QslJKLC3JUNIB8-JTEksSgVK1UG5aZk5qMYSfWlFSlIgkX5aYkwnkpabEo2isrQUAhp8oDA:1rKtyq:P680o-9TJkvuemFNfd4KumiPj-UTju7JZoVL6XjL2-M	2024-01-17 05:39:52.35365+00
wug0nkidmz6vjsnlwad4hedunf70nmfv	.eJyrVirPrEosSonPyU_PzIsvy0wtV7KqViouSS1QslJKLC3JUNIB8-JTEksSgVK1UG5aZk5qMYSfWlFSlIgkX5aYkwnkpabEo2isrQUAhp8oDA:1rTcKI:ZVvvWX2mKDeELL1uGVpVtsORMawYiHaKgDSrmXiKx8I	2024-02-10 06:38:02.176633+00
3m14ktj3qakfumt0lgrjtiaz7tb2lx02	.eJyrVirPrEosSonPyU_PzIsvy0wtV7KqViouSS1QslJKLC3JUNIB8-JTEksSgVK1UG5aZk5qMYSfWlFSlIgkX5aYkwnkpabEo2isrQUAhp8oDA:1rASfV:LV1qAk6cmTsK76QasCEm7v1TxPZs8JZ_TnSp1UcAAWc	2023-12-19 10:28:45.281498+00
wjn7oi6hcqh1p4e0bcu9q6khqx6myema	.eJyrVirPrEosSonPyU_PzIsvy0wtV7KqViouSS1QslJKLC3JUNIB8-JTEksSgVK1UG5aZk5qMYSfWlFSlIgkX5aYkwnkpabEo2isrQUAhp8oDA:1rASbq:WXm_7qvh--jQi5nF-olCUdgOTWVN-6JQMla8EzSgGMg	2023-12-19 10:24:58.489178+00
mvrv20dy959xtxxb936xhe3s4cf6plbp	.eJyrVirPrEosSonPyU_PzIsvy0wtV7KqViouSS1QslJKLC3JUNIB8-JTEksSgVK1UG5aZk5qMYSfWlFSlIgkX5aYkwnkpabEo2isrQUAhp8oDA:1rAScF:oen5hBLXmmpscDz306HV267dHSdhonvE1CsvvqCye4Y	2023-12-19 10:25:23.306772+00
m4play6bbq316r7j87r1i03m2471vam7	.eJxVjs1uwyAQhN-Fc-UGjH_iY-99BrSwS0xLoTLYiRLl3YtjH-rLame_2dE82NXdYULl48UFtTi6suHBUqZfNoTZ-7fXrhAyFPDcpXWe0qbplif4xxfwrihCdXgsRMGcRzUnmpRDNrBGsMNRg_mmsBL8gnCJlYkhT05Xq6Xaaao-I5L_2L2HgBHSWL5ry6GhxvLaiAal4H3HW841gkFed9YCatvr1ohWm_PpLIWUeCLqOysRRVtCYy7NaXGGtqqrph9wvnrNDb3XPXv-Ad-8bsc:1rAUhu:qt5T42w_XtB60oCnlv-uZuQUeaQPR4rc8xPLgp7-6QM	2023-12-19 12:39:22.984493+00
ot5nwr0wqarwte7kuyk0bd2kek40o7ky	.eJyrVirPrEosSonPyU_PzIsvy0wtV7KqViouSS1QslJKLC3JUNIB8-JTEksSgVK1UG5aZk5qMYSfWlFSlIgkX5aYkwnkpabEo2isrQUAhp8oDA:1rASnw:3qIFXAvCdVes80yInKBGdz2SYPRLRqRxy6FAVSHzEPo	2023-12-19 10:37:28.970759+00
huhpdvqflh2rcp3fqir7crlbq3gwhsew	.eJxVjsFywyAMRP-Fc4faxi6xj7n3GxiBRExLoWOw00km_x4c-1BfNFq91c7e2dXdYELl48UFtTi6suHOUqZfNoTZ-7fXrhAyFPDYpXWe0qbpL0_wjy_gXVGE6vBYiII5j2pONCmHbGC1ZIejBvNNYSX4BeESuYkhT07z1cJ3mvhnRPLn3XsIGCGN5VtCraU2jdCtNHTqkBAabGujW-ytEE1natH3Fix2tegaSS3aqulOZEVVfdgSGnNpTosztFVdNf2A8_w1N_Qu2OMJhl5ukw:1rAWzr:7WVoTyZSjMaq4aQDkhNmz-yVopGTjsN7PM_pg7yINQw	2023-12-19 15:06:03.869534+00
ipcl2k7rcodp7cd8t3xj7bmlhvc0xtfb	.eJxVjkFuwyAQRe_CuqLEOGCyzL5nQAMMMS01lSFOlSh3L8Re1JuR3ryZr_8gt3CH2emYLmHSS8AbOT1ILvhDTgSuZSRvL9IOClT13NCHiHll_C0z_PMLxFAJnd49VqNboL5mnHVwNV8wslsasF84NeM-YbokatNU5mBoO6GbzfQjOYzn7XYXMEIe67dkViimRG_NwLjslDWCdeC5Q3WwR-59Lw-dG4SQnfDovbHKDwPnTgoBsrVKpTbHJVhcqzbGbwiRvuaq3ntBnn_5F246:1rAWDJ:_bZc7dgJS2cQWau7RXPYMnYtyypnjsIe-chPUGFJIKM	2023-12-19 14:15:53.63015+00
ldd684bmprb1fve39zbdx20vk7zl62su	.eJyrVirPrEosSonPyU_PzIsvy0wtV7KqViouSS1QslJKLC3JUNIB8-JTEksSgVK1UG5aZk5qMYSfWlFSlIgkX5aYkwnkpabEo2isrQUAhp8oDA:1rAUap:OR-zSYKIHAh2BMXGQxRTuHj6TuC0SeV71xG8G_n5tOE	2023-12-19 12:32:03.201926+00
l8ixat8pzwe80wz3hbdp9lttfqk5n8e7	.eJyrVirPrEosSonPyU_PzIsvy0wtV7KqViouSS1QslJKLC3JUNIB8-JTEksSgVK1UG5aZk5qMYSfWlFSlIgkX5aYkwnkpabEo2isrQUAhp8oDA:1rAX5X:-VejnMr6dNEHke4vIF3ahxXO5JSACQq1HUUTAY1Ng5E	2023-12-19 15:11:55.128462+00
0dmobmpuqy1zavb1l0uxnmnc3uwj2xd2	.eJxVjs1uxCAMhN-Fc5WGzR_k2HufARlsNrQUqkCyVVf77iWbHJqL5fE3Hs2d3dwvzKh8vLqgVkc3Nt5ZyvTNxrB4__LcFUKGAh6HtM5T2jX95Bn-8RW8K4pQnR4LUbDkSS2JZuWQjWwQ7HTUYD4pbAQ_IFxjZWLIs9PVZqkOmqr3iOTfDu8pYII0lW_RouhlP1zMpRdouK6RI9iatITGdtBJ3ZHoQGIrqCYcOFo-GMMll7KxTQmNuTSn1Rnaq26avsD56jl39Nq37PEH5M1uvw:1rAX5c:oRpx47zzUfO2BCu3HrsT3LLWLuBRcqVxbF_mL-wJp5s	2023-12-19 15:12:00.02832+00
tq0lwvvtoe44n5ln2hr38r253s85vnam	.eJyrVirPrEosSonPyU_PzIsvy0wtV7KqViouSS1QslJKLC3JUNIB8-JTEksSgVK1UG5aZk5qMYSfWlFSlIgkX5aYkwnkpabEo2isrQUAhp8oDA:1rAV5x:8k_QijWMhgf7-FGcCX7Ex6SbeP_Iz1MoR1MQ5tVQQ0U	2023-12-19 13:04:13.092598+00
9g4vhkozm1mxzjsruwq5ccy6esznvcmh	.eJyrVirPrEosSonPyU_PzIsvy0wtV7KqViouSS1QslJKLC3JUNIB8-JTEksSgVK1UG5aZk5qMYSfWlFSlIgkX5aYkwnkpabEo2isrQUAhp8oDA:1rAT9E:xBk2jPaeOd1X8OLAu1003skuTY1ySAekCihXzuAEJkc	2023-12-19 10:59:28.942152+00
zegcsvxyql698fq148aar27dsuegvyhu	.eJxVjsFyhCAQRP-Fc4qAyCIec883UCOMKwmBlKCbytb-e3D1EC9T0_O6p_pObv4XZmdCuvpoVo830t9JLvhN-riE8PLcjYMCFTwOOfqAedf4U2b4x1cIvip05hSsxMBSJrNknI13pCeakdNxAPuJcSPuA-I1UZtimf1ANws9aKbvyWF4O7ynBxPkqaaRD0K1VrFWMt10KJhQGqTiUqpWS2S8GRUfle4aOdgO4dJywZuu49zqUWytUqnNcfUW96qbxi_wgT7njl7VhTz-AC4DbG8:1rAWdJ:CfG8NG9KfanWq-z7t-SciR6_4GI1cMq8I7BxPhxRK6s	2023-12-19 14:42:45.495355+00
5afj9d1oh7paa7j94wgquoe3yzs7cck8	.eJxVjsFyhCAMht-Fc4cKrLh67L3PwAQISkuhI-h2urPvXlw91EuSP9-fzH8nN_8Ls1UhjT6q1eONDHeSC36TIS4hvDxnZaFABY9DOh8w7xp_ygz_-ArBV4VWnQ4rUbCUSS0ZZ-UtGQhvyWmpwXxi3Ij9gDgmalIss9d0s9CDZvqeLIa3w3t6MEGe6jVcjQSNTF-ca2prpHGCy142V95LI3p24YBC8K7FlhvZoTHaSav7TndSuPo0lZocV29wj7pp_AIf6LPu6JWxaq0hM8aiRr9iJAN7_AHgZXTr:1rAVgl:kPxdcVpWWcHOhqkraTt0RgwjgFzYKeGnpoeyj_qRtQE	2023-12-19 13:42:15.906556+00
0i8oya44qcn70pvpuog5dxvsv3yxyet0	.eJxVjs1uxCAMhN-Fc0WbBjYhx977DMhgs6GlUAWSrbrady_5OTQXyzPf2Jo7u_lfmFCHdPVRL55ubLizXOibDXEO4WnbNUKBCh6HdD5Q3jX9lAn-8QWCr4pQnw4r0TCXUc-ZJu2RDeyi2Mk0YD8prgQ_IF4TtymWyRu-RvhBM39PSOHtyJ4ejJDH9brvjCMnemGFfUHbo-tko8i9NuIi2h5IVb8F1bXCSTDYGGlRWqWgs2ZrlUptTou3tFddNX2BD3ybO3qWkj3-AAiSbyI:1rB8lL:LSbaMzXkvIX2LQchP58kkEx56JvuZqVtaCKLHabjb-k	2023-12-21 07:25:35.603838+00
wnnswxf662t2vyerjt7ogtziyxeqz6lr	.eJxVjsFywyAMRP-Fc4fG2IDjY-_9BkZBwqaluGOwk0km_14c-1BfNFq91c4-2NXfYUITxt5Hs3i6su7BUqZf1sU5hLfXbhAyFPDcpfOB0qbplif4xxcIvihCc3gsxMCcBzMnmoxH1jFVscPxAvab4krwC2I_cjvGPPkLXy18p4l_jkjhY_ceAgZIQ_kGS040NZJwzip3gvZMeIZW1bVuhEYlsFVCKykbIpKVK4sleapRO6dqWULHXJrT4i1tVVdNP-ADf80NvTe6WEvJRDGb3i8UWVc9_wDq_XTe:1rCbiH:a4yK_3P0qnzxW7UWo9pjzB6Ky4ZTMgcdho9zadxFI4o	2023-12-25 08:32:29.915088+00
b3imydopujxrrty5q8b0iwhls8rdhwiz	.eJxVjsFyhCAQRP-Fc4oYEVCPe883UAMMKwmBlKCbytb-e3D1EC9T0_N6uvpObv4XZqtCuvqoVo83Mt5JLvhNxriE8PLclYUCFTwO6XzAvGv8KTP84ysEXxVadXqsRMFSJrVknJW3ZCSyI6ejBvOJcSP2A-I1UZNimb2mm4UeNNP3ZDFcDu8pYII81W_OuHWCWdMNveWcSyfbRppWc8cFct5ZRGxcz5hzTA5OizcxQMsa7YTDHmpoKrU5rt7gXnXT-AU-0Ofc0atoyOMPzEVulA:1rAVA2:qW3_AbkYTmamgORoRS_xuOz5CdvHMA-8G_FfB0XHzKs	2023-12-19 13:08:26.936044+00
eh5vnnvgep8xt7fxlc1h6y2viazdnoxj	.eJyrVirPrEosSonPyU_PzIsvy0wtV7KqViouSS1QslJKLC3JUNIB8-JTEksSgVK1UG5aZk5qMYSfWlFSlIgkX5aYkwnkpabEo2isrQUAhp8oDA:1rAVDP:5sB7HOqF8nPqknGVM8M2RuK5KyhbY7RCtIzJvtA5hD4	2023-12-19 13:11:55.677636+00
uifdlaojex70j6gmki0lo941cr6i5v6x	.eJxVjs1uhDAMhN8l5xWFJkDg2HufITKxA2nTpCKBrbrad2_4OZSL5fE3Hs2D3e0vzKhcGK1Xq6U76x8sJvpmvV-cu-27QkiQwfOUxjqKh6afNMM_voKzWRGqy2MmCpY0qSXSrCyyngnJLscB9Cf5jeAH-DEUOvg026HYLMVJY_EekNzb6b0ETBCn_C1LOYgSoWsNGqxrlBU3reFtSbKTnJdGtLxqDFXC1OK11Ciwo0bqWjddR0MODSk3p9VqOqpumr7AumKfB3rhIlvX3dE2N5brRvJJjXYlz_rq-QdBnXc_:1rAWlm:XAPWdUGySVLTWkNaYxcQ9xynlEgcFi1X9jjZr1r5llQ	2023-12-19 14:51:30.962279+00
x48dk5s9cf1t27q9998yrhpl4jvggrps	.eJyrVirPrEosSonPyU_PzIsvy0wtV7KqViouSS1QslJKLC3JUNIB8-JTEksSgVK1UG5aZk5qMYSfWlFSlIgkX5aYkwnkpabEo2isrQUAhp8oDA:1rAUv5:05xBVUt9gB0t1qDbDbQ27Kdn6cPOtYwXSY1xHRD_AUs	2023-12-19 12:52:59.440505+00
kyhjaoz31shyfyf8h99wvts62ydp1lv5	.eJxVjs1yhCAQhN-F85ZRISAec88zUAOMSkIgJeimsrXvHvw5xMvU9Hw9Xf0gd_cLs1U-ji6o1eGd9A-SMn6TPize3_ZdWchQwPOUg_OYDo0_eYZ_fAXvikKrLo-FKFjypJaEs3KW9IRScjlqMJ8YNmI_IIyxMjHk2elqs1QnTdV7tOjfTu8lYII0lW9J0QJvOWdG8rrWwgghZYu6G1hDBehXphlCJ9BwQ01DuWStbCQdBGuNrEtozKU5rs7gUXXT-AXOV_s80Esji3XdHay7kVI3YchqdCsG0jfPPwfwdp4:1rAWvB:L2l5-q3ySfL4k-eQug498sv9Tejwfm6iwg61-c5QiHc	2023-12-19 15:01:13.689487+00
2owhb2lcy2ecijndwpvvr1ux4uw57tx0	.eJyrVirPrEosSonPyU_PzIsvy0wtV7KqViouSS1QslJKLC3JUNIB8-JTEksSgVK1UG5aZk5qMYSfWlFSlIgkX5aYkwnkpabEo2isrQUAhp8oDA:1rAWcu:dlyawsjvBOSmtmw7-ZlPxxyrQGlYRtyRIYJaJ_aUAFo	2023-12-19 14:42:20.398625+00
i7vpznycwjdbt7mlpjp7t4nkje1f1par	.eJyrVirPrEosSonPyU_PzIsvy0wtV7KqViouSS1QslJKLC3JUNIB8-JTEksSgVK1UG5aZk5qMYSfWlFSlIgkX5aYkwnkpabEo2isrQUAhp8oDA:1rAWB6:UTNmZb9VHcCfpdec1sUOTzh5C1zugVnQXjNRsIT4OwM	2023-12-19 14:13:36.395072+00
tif5pwhvhkuuw5mldawa6pt9al59da4c	.eJxVjktuxCAQRO_CeuQYjL_L2ecMqA2NTUIgMpiJMpq7B38W8abV1a-6VE_yML-wKGH9ZJxIBh9keJIQ8ZsMbrX2tu9CQYQMXqfUxmI4NP7EBf7xBNZkhUpcHjMRsMZZrAEXYRQZSM3J5TiC_ES3EfUBbvKF9C4uZiw2S3HSULx7hfZ-ei8BM4Q5f3dK9aArDayTQBWvtG4Y71po67rnSDmvoSlHyXQFJfasZaopqex7RkfGqiqH-pibYzISj6qbxi8wttjngd54ma1pd9CyvZHcN6CLYjIJXb69_gCqqncG:1rAVGS:EPv2dSA3aG5DkBwnl8OSRrnA4DWTzeZNwRKzHXdVCsw	2023-12-19 13:15:04.915426+00
5s7l6jfpdkffqwkjmsmu9e5k8sghqdqg	.eJxVjsFyhCAQRP-Fc4oIRhSPe883UAMMKwmBlKCbytb-e3D1EC9T0_N6uvpObv4XZqtCuvqoVo83Mt5JLvhNxriE8PLclYUCFTwO6XzAvGv8KTP84ysEXxVadXqsRMFSJrVknJW3ZCRckNNRg_nEuBH7AfGaqEmxzF7TzUIPmul7shguh_cUMEGe6rdzwJCJvjOicYKLHk0jGJdyeOuYkY1EGIx0rRz0IO3Adduh7i000mrsWFtDU6nNcfUG96qbxi_wgT7njl4ZJ48_sktuKQ:1rAURr:NKrD1lqRgPDzFVmzoggTd5J5Fs-Kk6nusBWYJxihW-o	2023-12-19 12:22:47.954393+00
uzmbhu1pgnvnd3roerv4tla011gmy8yh	.eJxVjk1uxCAMhe_CuqIo4SfJsvueATlgJrQUqkAy1Yzm7kMmWTSSZfn5e7benVz9DWarQ7r4qFePVzLcSS74S4a4hPD2mrWFAhU8Dul8wLxr_Csz_OMrBF8VWn06rETDUia9ZJy1t2QgPSen5QjmG-NG7BfES6ImxTL7kW4WetBMP5PF8HF4Tw8myFO9lqLlwBVXjqleMi5a1XLbc3RG9sJ2rlFdA0Z0yiETzDWmFjfS8lG2jZT1aSo1Oa7e4B510_gDPtBX39F7x8jjCXDMbXM:1rAVJG:nk-VLGYH-ZdkQGGXPBMeUJZDgkRi3I9h_Hyv5UtCTII	2023-12-19 13:17:58.715241+00
j3nrj9e3da3k1yyiebrxe8hj52oaxmld	.eJxVjstuxCAMRf-F9SgtCXmQZff9BmSwk9BSqALJVB3Nv5c8Fs0GcX2Orftgd_sLMyoXRuvVaunO-geLib5Z7xfnbvtfISTI4HnGwTqKR6afNMM_voKzORGqy2ImCpY0qSXSrCyynomaXYYazCf5jeAH-DEUJvg0W11sSnHSWLwHJPd2upcDE8Rp237FkndDKVAa0ckW667lWA28Ma0upWjqzUDDeSmalhtqDUqQ1aDrrtJS56Mh5ea0WkNH1S3TF1hX7O-BXiqe1XU3hLixXDeST2q0K3nW8-cfL-J3Hw:1rAW0q:ajlk3F0vaW3Q8kMAvf3g-Okdll9x9K2PAF90Ze5GI8E	2023-12-19 14:03:00.592822+00
yim86g7dn7cyx3et37ltmztzw4sl1ej2	.eJxVjsFywyAMRP-Fc4cmYLDjY-_9BkZBIqal0DHYySSTfy-Ofagvml29lWYf7OrvMKIJ6eKjmT1dWf9gudAv6-MUwttLG4QCFTw363ygvHq6lRH-8RmCr47Q7A4rMTCVwUyZRuOR9Uwf2W55BvtNcSH4BfGSuE2xjP7MlwjfaOafCSl8bNndgwHyUK_BkhONRBLOWe0O0J0IT9BpKdtGtKgFdlq0WqmGiNTRVWFJHSS2zmmp6tNUanOavaW16uLpB3zgr7mi96Zlzz_p_m6R:1rASbF:hetXmJsSdC37-aarLyx38vwGIe0pr1jITD09C73Dt4M	2023-12-19 10:24:21.396084+00
d3n39k4niv25eti4umpqamhsmbnnalw3	.eJxVjsFuhDAMRP8l54oSCCHh2Hu_IXJis6RNSQWBXe1q_71h4VAulsdvPJoHu_o7TGhCvPjRrJ6urHuwOdEv68YlhLfXbhASZPA8ZO8DzbumW5rgH18h-KwIzekxEwNLGswy02Q8so6Jip2OFtw3jRvBLxgvsXBxTJO3xWYpDjoXnxEpfBzeU8AA85C_JbYCStfIprRtb0UrOSG2utEtkeROc8udUMrautZ9WaOUDqpSKRCN5nWTQ2PKzWn1jvaqm6Yf8KF4zR29V4o9_wChRW2_:1rAStO:wuPLkPT8KjlF8qIekR2Sbnz9TGwu-M7Icu4prxBq6tg	2023-12-19 10:43:06.643044+00
ajqx1nrqub9tcplk7hf986ixb4y778gr	.eJxVjkFywyAMRe_COkNtDDH2svuegREgx6QUOgY7nWZy9-DYi3gj6evp_9Gd3Nw_TFb5eHFBLQ5vpL-TlPGX9GH2_vSalYUMBTx2OTiPadP4lyd44wt4VxRadTAWomDOo5oTTspZ0hNxJoelBvONYSX2CuESqYkhT07T9YTuNNGvaNF_7reHgBHSWNw14NmwFhlIyRpbWvFCVTEcuGzrZqhQMqlZ0xhhO1HJDjhI3upO1FwLUUJjLp_j4gxur64af8B5-qob-uCMPJ6xdW3Y:1rASuW:GZz2F71tm3hkddoaLf4Jgp664w5qzY4IKAfLm4e2AWg	2023-12-19 10:44:16.575041+00
el6j0g0b09cqf96xhh1d9tgt6cqsmsax	.eJxVjsFywyAMRP-Fc4faFBzbx9z7DYyMRExLoWOwk0km_14c-1BfNFq91c4-2NXdYULt48UFvTi6sv7BUqZf1ofZ-7fXrhEyFPDcpXWe0qbplif4xxfwrihCfXgsRMOcRz0nmrRD1jPZsMNxAPNNYSX4BeESuYkhT27gq4XvNPHPiOTPu_cQMEIayzcMglDRqcZKKWukMG1LQJ0VABV2tcCmIrBygAZkMVlTzKRqJdWpE60qoTGX5rQ4Q1vVVdMPOM9fc0PvH4I9_wAOBG73:1rASuh:B1ZOPh4MS5Ye07QyGd9AI4fJkMMF4Du4Jia5ZvCb4ac	2023-12-19 10:44:27.282408+00
xr10m0t7l9o1aoz6ejnsxhart4wu0ima	.eJyrVirPrEosSonPyU_PzIsvy0wtV7KqViouSS1QslJKLC3JUNIB8-JTEksSgVK1UG5aZk5qMYSfWlFSlIgkX5aYkwnkpabEo2isrQUAhp8oDA:1rAWyt:lswOQca6-5-NiWXJfO7Ec8MYt_hyr77UBglcjAe1bwQ	2023-12-19 15:05:03.176981+00
6gkc8pih6fy8metkpihondngo2k0q6wq	.eJxVjs1uwyAQhN-Fc-QEKDb42HufAS1mbdNSqAx2okZ59-KfQ31Z7ew3O5onubtfmKz2cXBBLw7vpH2SlPGHtGH2_rLt2kKGAl6H7J3HtGt85An-8QW8KwqtPj0WomHOo54TTtpZ0hIuyOlooPvCsBL7CWGIVRdDnpypVkt10FR9RIv-_fCeAkZIY_k2itfY9AZrcZOKNlRa2vU1Z29MGWuEQm6ZNKxRQqgGoUGBeOstl1xxyfoSGnNpjovrcK-6avwG56tt7ujKaLEum0PSCyl1E4asB7dgIC19_QEvEXcJ:1rAVO0:f8wASH0CHfYYtNzX27eHk-nzLia6AuGhJehTRAKL064	2023-12-19 13:22:52.760926+00
mbxzrdnoj4kr8s204qu3huil45f5i7gz	.eJxVjsFyhCAQRP-Fc4qIERWPe883UCMzrCQEUoJuKlv778HVQ7xMTc_r6eo7u7lfmFH7eHVBr45ubLizlOmbDWHx_uW5a4QMBTwOaZ2ntGv6yTP84yt4VxShPj0WomHJk14SzdohG1jbsNNxBPNJYSP4AeEauYkhz27km4UfNPH3iOQvh_cUMEGayrdS1igjeyVrVbX0JkekTnW26YXtJQowqqqlQSGgrY0ii7ZR0Nfd2LRohCqhMZfmtDpDe9VN0xc4z59zR6-yYo8_xFduag:1rASws:EqDCMd_PnvMpnyLsY4qfk3WYkdREGM59mqNAa-FNLWU	2023-12-19 10:46:42.610303+00
0rr0kbg54tkjfp59ox8to8z3qc1hqx1u	.eJxVjstugzAQRf_F64qCX6Ess-83WGM8hmmpXWGHVIny7zGBRdlYOj53ru6dXekGszNTHCiYhfDKujtLGX9Zx-CSR_b2IuMgQ1GPHT1NmDbGvzzDP7_ARIXQmcNhMWYtNJeEsyFX-lXLDp8W-m8Mq3FfEIZY9THkmWy1RqrdpuozOpzOe_ZQMEIay3XbwgcILpoeTk5pr61vnABb-9pJ7q3nnFut3AlVryQXum4bKQUKLSSXqimlMZfluFCP29SV8Qdoql7vpt6lLNEyMmHIZqAFA-uaxxP6tnQn:1rAUNj:MEqRRSLwNc_DJQjZpb5XgsFwoBcny2LkBm0W90kHRmc	2023-12-19 12:18:31.9491+00
rpeg0rovklsxxza8b0l62mfp4392spxw	.eJxVjrsOwjAMRf8lcxUSN00DIzvfEDmp0wZKivpaEP9OXwMsluxzfHXfzOI0NnYaqLexYhcGmmW_R4f-QWkl1R1T3XHfpbGPjq8KP-jAb11F7fVw_wIaHJrl-6xBhSBLX0qAApRWKIIxBoOBHExJ3iM5oTxo0NIXwgmNpVFKQJ4rxCW0G1-2ojl62quuOz0xtnybOzpJWNR5MxRkbKk7UBptHWdK7CI_X5frTzM:1rAUlw:l_2FnEe3JlLELl997YIPduFg1pvBblUTKZoRyeyHbrg	2023-12-19 12:43:32.478978+00
r9ec58rxb36u39os9hn6douq8zt1ykq0	.eJyrVirPrEosSonPyU_PzIsvy0wtV7KqViouSS1QslJKLC3JUNIB8-JTEksSgVK1UG5aZk5qMYSfWlFSlIgkX5aYkwnkpabEo2isrQUAhp8oDA:1rAT2K:OLcumbxuw-mMKBJJGHZyOCClXEd6jWxxIaM5EqTbWv8	2023-12-19 10:52:20.937626+00
qcx5nwbhn1t0ya7mk7h2cii4xo4ifasa	.eJyrVirPrEosSonPyU_PzIsvy0wtV7KqViouSS1QslJKLC3JUNIB8-JTEksSgVK1UG5aZk5qMYSfWlFSlIgkX5aYkwnkpabEo2isrQUAhp8oDA:1rAV5x:8k_QijWMhgf7-FGcCX7Ex6SbeP_Iz1MoR1MQ5tVQQ0U	2023-12-19 13:04:13.237745+00
b5f4xf56nj1zcn3ksu7p966flohmzxhe	.eJyrVirPrEosSonPyU_PzIsvy0wtV7KqViouSS1QslJKLC3JUNIB8-JTEksSgVK1UG5aZk5qMYSfWlFSlIgkX5aYkwnkpabEo2isrQUAhp8oDA:1rAV6I:OZ0Ga4Es0IfL9dLAP2UrpwM9E7Kjp_fXV8SXaDXKrlo	2023-12-19 13:04:34.238938+00
42075vz9pgn6theecbakyy5dxrd67sdz	.eJyrVirPrEosSonPyU_PzIsvy0wtV7KqViouSS1QslJKLC3JUNIB8-JTEksSgVK1UG5aZk5qMYSfWlFSlIgkX5aYkwnkpabEo2isrQUAhp8oDA:1rAUOM:WhlAW0qaugcjlGcp88RlLZ7fWxfw6LmJlOdy1ebSrf4	2023-12-19 12:19:10.119406+00
l4fio9gmvondcrxtbrtae478y69wixps	.eJyrVirPrEosSonPyU_PzIsvy0wtV7KqViouSS1QslJKLC3JUNIB8-JTEksSgVK1UG5aZk5qMYSfWlFSlIgkX5aYkwnkpabEo2isrQUAhp8oDA:1rG1F6:a8rV13Et1jWOn0ayuBXokCVmZRJqC6DJihk52N1dR_Q	2024-01-03 18:24:28.575824+00
q26310vm5tmb9il8a2gml5fz4242jd9g	.eJxVjsFuxCAMRP-Fc0WVBpKQY-_9BmTAbNxSWAWSrbrafy_Z5NBcLI_feDR3dqNfmJ0O6UJRr4Q3Nt5ZLnhlY1xCeHnu2kGBCh6H9BQw7xp_ygz_-AqBqkKnT4-VaFjKpJeMsybHRiYlOx0N2C-MG3GfEC-J2xTLTIZvFn7QzD-Sw_B-eE8BE-SpfndKtq7tusa-Sei98MZ6QN-bVql-6HGAzjfWWjR-kA04NEp4EFK0AEqiqKGp1Oa4ksW96qbxGyjw59zRq2jY4w8UKm96:1rASpS:Y2UQYwKjOGmBQA2rWX2oRNx0zGLv12cC90nOqIrRJwg	2023-12-19 10:39:02.162544+00
xe7bpukyb2anyj6cw07f095sv4cf50y0	.eJxVjs1uhDAMhN8l5xUFQmjDce99hsiJDaRNk4oEttrVvvuGn0O5WB5_49E82M3eYULlwmC9WizdWPdgMdEv6_zs3GXbFUKCDJ6H7K2juGv6SxP84ws4mxWhOj1momBOo5ojTcoi65jg7HTUYL7JrwS_wA-hMMGnyepitRQHjcVnQHLXw3sKGCGO-ftdkzFCmkY0bY_Yix6k4brkyDVIICQSfVm3oiq1RqxMXX1wqiQIWZZto3NoSLk5LdbQXnXV9APWFdvc0RuX2bpsDlFfWK4bySc12IU866rnC87seFM:1rASpw:GFxWA54DJx7spfXzddFY6DLSzFw-FZS8aakN6UnFiDA	2023-12-19 10:39:32.338399+00
ygtsj9f9kp6d1xjpwyqc1hv2pqnpo1k6	.eJyrVirPrEosSonPyU_PzIsvy0wtV7KqViouSS1QslJKLC3JUNIB8-JTEksSgVK1UG5aZk5qMYSfWlFSlIgkX5aYkwnkpabEo2isrQUAhp8oDA:1rASqU:5f1RKSLH96v5_Q7iS9nAExEYERrj-B2lL9goCEh6lCE	2023-12-19 10:40:06.810421+00
poeasqlkmyw85ulyy5jeavue70dw1wzw	.eJxVjsFuwyAQRP-Fc0RNiInsY-79BrQsS0xLoDLYqRrl34tjH-LLamff7Gge7O7_YLQ6pKuPevZ0Z_2D5UI_rI9TCIfXri0UqOC5SecD5VXTbxnhjc8QfFVk9e6xEg1TGfSUadTesp7JM9sdDeA3xYXYL4jXxDHFMnrDFwvfaOafyVK4bN5dwAB5WL6x6WSrDFh1pPYEhoSkxpDDkzx30KBTRpATQrVKGnSt7FAJIOUEIKquhqZSm9Pskdaqi6Yb-MBfc0UfR8me_xICb1A:1rAUPN:lmTqoGPTbKzpPvyx6FluYtHbmVyNDWUtv3N2BT5rreI	2023-12-19 12:20:13.966191+00
hg3peo1o0nqk7a2vey1gfzgpflikihhc	.eJxVjs1ugzAQhN_F54oC_gFz7L3PYC32Orh17QobEiXKu9cEDuWy2tlvdjQPcnV3mI3y8eKCWh1eyfAgKeMvGcLi_dtrVwYyFPA8pHUe067xlmf4x1fwrig06vRYiIIlT2pJOCtnyEB4R07HEfQ3ho2YLwiXWOkY8uzGarNUB03VZzToPw7vKWCCNG3ftG1sIzR2bS8ta5tOSGgEZxqZYT3i2PORC5C8lsJ2zEhKe9vTurbAaytLaMylOa5O41510_gDzlevuaN3RsnzD5ArbaM:1rAW6b:YFIUUduNm6nFC157gDQfPcFZMoNscfapxmsCxZ3SZUE	2023-12-19 14:08:57.191409+00
awf802ql2zm2ac8l89j46h2443s0hy0e	.eJyrVirPrEosSonPyU_PzIsvy0wtV7KqViouSS1QslJKLC3JUNIB8-JTEksSgVK1UG5aZk5qMYSfWlFSlIgkX5aYkwnkpabEo2isrQUAhp8oDA:1rAWzh:dBj6aUejpoz4y6cabpc9xAENgqfJDoIBNs4BmfVrQ8c	2023-12-19 15:05:53.026844+00
fn29j33eh0vkiiea3y0ir0idiog230gn	.eJyrVirPrEosSonPyU_PzIsvy0wtV7KqViouSS1QslJKLC3JUNIB8-JTEksSgVK1UG5aZk5qMYSfWlFSlIgkX5aYkwnkpabEo2isrQUAhp8oDA:1rQsVR:1Jsf-xwVrtIsJGnmH6fLW9dI384jjeNpQT1gkZwJVNc	2024-02-02 17:18:13.846401+00
2y4kvrong15301620ao98n5r5vaykix0	.eJxVjsFuxCAMRP-Fc0W1LJuEHHvvNyBjmw0tDVUg2aqr_feSTQ7NxfL4jUdzF7fwCxPZmK5htEvgm-jvIhf-Fv04x_jy3C1BgQoeu_Qhct40_5QJ_vEFYqiKyR4eK7Ewl8HOmScbSPTCGHE4OsBPHldCHzBek8Q0lik4uVrkTrN8T8TxbfceAgbIQ_0Gpxpt4IxI3njs6ORao0g5bXRH7owanQdqAFXrsfWNVsZpRm1OynXmUkNTqc15Cchb1VXzF4Qon3NDr91FPP4AL-Jvfg:1rAX3l:-pqexVFTPqAu8DUypBsMbgVe69-S0ycSDOabSLAAFYM	2023-12-19 15:10:05.30952+00
0fyxdun3ysdmudhc0pshseppld1ovvuo	.eJxVjs1uwyAQhN-Fc-QCxiT2Mfc-A1pgbdNSqAx2qkZ59-KfQ31hmf1mVvMkD_cLk1U-Di6oxeGDdE-SMn6TLszeX7a_spChgNche-cx7Rp_8gT_-ALeFYVWnYKFKJjzqOaEk3KWdIRRSk5bDeYTw4rsB4QhViaGPDldrZbqoKl6jxb9_fCeDoyQxpJGbsS17bkQmpUhJW1qyeFWt7bVuqlZY7UUAg1nRmqqhQYmr63uaV1ylJejMZfquDiDe9dV4xc4X23vjt5usliXzcF4cyGlb8KQ1eAWDGX3-gO6-nbY:1rAVpo:DPH9p2qYzcHD1YkmoyqOD4my8kgm29sMaQlSYGWsl4w	2023-12-19 13:51:36.516393+00
j9imdzgsvrodm7wbdhfjczcfkqi30f0p	.eJxVjs1uwyAQhN-Fc0Wx-bHwsfc-A1pgHdNSUxnsVIny7sGxD_VltbPf7Gju5BpuMHsT0yVMZg14Jf2d5IK_pJ-WGN9eu_FQoILHIYcQMe8a_8oM__gKMVSF3pweKzGwlNEsGWcTPOmJkuR0tOC-cdqI_4LpkqhLU5mDpZuFHjTTz-QxfhzeU8AIeazfUne2kdyJVnrtBbIGUKtWeSaE4K0cmBbKcmuBdyBRMS8Ud1rxoWNDI20NTaU2xzU43KtuGn8gRPqaO3qXDXk8AXzMbXs:1rAUV1:ET9xg0W73C0H03zhPvm3jhS2mM3CfgQ6kUcyaYrtHsg	2023-12-19 12:26:03.100158+00
kx8qq5x795cpzzow09y3zv34bhaumbea	.eJyrVirPrEosSonPyU_PzIsvy0wtV7KqViouSS1QslJKLC3JUNIB8-JTEksSgVK1UG5aZk5qMYSfWlFSlIgkX5aYkwnkpabEo2isrQUAhp8oDA:1rAagD:ByTqZSeejt071Zg1Cj6lqPk0T_ABtMds0CJ0NlwpNcU	2023-12-19 19:02:01.491524+00
97d7de4uhsee77ipiyvv8ogrcwfk20p6	.eJxVjsFyhCAQRP-Fc4rgIogec883UAOMKwmBlKCbytb-e3D1EC9T0_N6uvpObv4XZqdDuvqoV483MtxJLvhNhriE8PLctYMCFTwOOfqAedf4U2b4x1cIvip0-vRYiYalTHrJOGvvyEBUT05HA_YT40bcB8RrojbFMntDNws9aKbvyWF4O7yngAnyVL9bJlqr0HDFuO2brjE9gGC8RcGVaKRqDIdWSKfcKA2TDKBTTEoL7jJepKmhqdTmuHqLe9VN4xf4QJ9zR6-dII8_hTFtrQ:1rAVuP:lWW6s8siHxSuEkZJZmxgjryrHKRpfBL1p9tO_qP0QXQ	2023-12-19 13:56:21.502688+00
ol3z0m61f3ujssx39bixrvfeeyekhazz	.eJxVjs1uxCAMhN-Fc5UG8kOa4977DMhgs6GlUAWSrbrady_Z5NBcLM98Y2vu7OZ-YUbl49UFtTq6sfHOUqZvNobF-5fnrhAyFPA4pHWe0q7pJ8_wj6_gXVGE6nRYiIIlT2pJNCuHbGQtZydTg_mksBH8gHCNlYkhz05XW6Q6aKreI5K_HNnTgwnSVK4liUFiJ6U2tq0HYawZ-ND1WIPt26aHtu4aFNogl5z3iNQJMmTfhC1-o8vTmEtzWp2hveqm6Qucr55zR69CsscfzTJuoQ:1rAUWZ:8IzLvx4rPXX8ZlCcl5J1tChL73hK_h0rHhcuPQTgm-g	2023-12-19 12:27:39.580563+00
0x40e5hsoa47dmoqcjlopkmcta706bj1	.eJxVjkFywyAMRe_CukMBYxJ72X3PwAiQY1oKHYOdTDK5e3HsRb2R9PX0_-hBrv4Ok9MhXXzUi8cr6R8kF_wlfZxDeHvN2kGBCp67HHzAvGm8lQn-8QWCrwqdPhgr0TCXUc8ZJ-0d6QlnjBy2Buw3xhW5L4iXRG2KZfKGrid0p5l-JofhY789BIyQx-pGYeWpG4SUhtemFGsbJeDcdK4zpm1464ySEq3gVhlmpAGuTp0ZWFN9TNTQVOrruHiL26-rxh_wgb7qht7Pijz_ANAfbac:1rAmLY:RnbuXbe2ynyxH4vehZIQnVqXeLP_D7ghMWNVoO3C8I0	2023-12-20 07:29:28.145941+00
tptqxzk04cabrm0p3afzezx1ovzgwj3y	.eJyrVirPrEosSonPyU_PzIsvy0wtV7KqViouSS1QslJKLC3JUNIB8-JTEksSgVK1UG5aZk5qMYSfWlFSlIgkX5aYkwnkpabEo2isrQUAhp8oDA:1rAmer:zVUZzzcsu9eZRh0WFn9WENSOMIBM2XpDeLbnOwwLTnk	2023-12-20 07:49:25.950323+00
zyfzcfa24dvow9ezkoy52t1kdpyb4ovc	.eJyrVirPrEosSonPyU_PzIsvy0wtV7KqViouSS1QslJKLC3JUNIB8-JTEksSgVK1UG5aZk5qMYSfWlFSlIgkX5aYkwnkpabEo2isrQUAhp8oDA:1rAqgX:Jdtw9vh3mN81IU4wHUH7aOSOXKzGp13hTnRYPUGEyCs	2023-12-20 12:07:25.615198+00
z7dfn13e4upwr7duhv3i0fck74sph43u	.eJxVjEEOgjAQRe_StSGUQhGW7j1DM-1MpdoUQwsYiXcXlYXs5v33_yxsdk8YUPn-4oKaHM2sXVhMdGdtGL0_fG-FkGAVrw2t8xR_TI80wJ-fwLuVCNVuuBoFY-rUGGlQDlnLeM52oQZzo_AxeIVw6TPThzQ4nX0q2WZjdu6R_Gnr7h50ELt1bTSUlnLLJQiBhZC1AcilPvIGNGDFZUUGK2krjkbUVkrbHKkUsinIFjWy1xuYGF_K:1rAUdD:wDxbm02nrdIGhhyfTgCgIsjHgqXl80IhhaPptHkvbWY	2023-12-19 12:34:31.984099+00
7en5xfhrbjsxumz8u796qspbrmp01w0u	.eJxVjs1uwyAQhN-Fc-XW5cfBx977DGjNLjEthcpgJ0qUdy-Ofagvq539ZlZzZxd_gwlNSGcfzeLpwvo7y4V-WR_nEF6eu0EoUMFjl84Hypuma5ngH18g-KoIzSFYiYG5jGbONBmPrGdCs8NxAPtNcSX4BfGcGptimfzQrJZmp7n5TEjhY_ceHoyQx5o-gZMtunfoSAqJEpVyCpTlspP2BFbwVgk1CAegu9Zy56gb0Gp6E5rrdm2VSm1Oi7e0VV01_YAPzXNu6JVL9vgD69huvQ:1rAVAH:YBhTSFygeb2nlzfAQEUtwdEmckPoS4I_SH35J1PFjtg	2023-12-19 13:08:41.974299+00
55fak5cl2kzrrzog3lmh3gknsywnkfmm	.eJxVjsGOwiAQht-Fs2GBbmn16N1nIDMwteyyxRSsRuO7S20P28sk33wzf_4nu_kHjM6EePaDmTzd2OHJUqYLOzC45p7tPmQcZCjqtWLnA6WF6Z5H-OcnCL4QObN5LMbMgeaaaDTelXzVsM0Swf7SMBv3A8M5chuHPHrk8wlfbeKn6Cgc19tNQA-pL9-V0lKTAKvqRmjZKtfqve1UXbVadk4LTd8CK-tQICHuG2nrWlkC3SlEK0tozKU5Td7SUnVm-gMf-Gcu6ktW7PUGAIdukQ:1rAVUm:A_XukFHTKCV98AZWloIajqtNHzo4DqR659L525xgqDc	2023-12-19 13:29:52.9792+00
j5foc7qylz9voktfuhk6kvb0ppn9m2wp	.eJxVkE2OwyAMhe_COmJCmoaQZfdzBuSASZhhoAokrVr17kN-Fu3G8vP3_GT5SSTMaZRzxElaTToiWlK8D3tQv-hXon_AD4Gq4NNke7pa6EEj_Q4a3eXwfgSMEMe8zZTWrKrBMF0a3hpR8xNrhCpNXyJHEA0XwExfcWiq80lkU1MpjqoSyoDgOTSkq9S4WIX7qavGP7CObnVHX22drTf7gElLFwbr5WLxRroniQmvpPOzc8XWSw0JMngd0liHcdd4TxO88QWczQq1_FhcyXYLY-eC5M9E9EkOdkGfZ69_i3J3vg:1rAVVK:chKBgQKqOKtdrGaaAg5OdFAOq7mxZUUdPCCoUENsKPM	2023-12-19 13:30:26.285152+00
j7djsq3063eycabbmtyjvl429rynlc64	.eJxVjs1uxCAMhN-F8ypNgPwe995nQMY4CS0lVSDZqqt995KfQ3OxPP7Go3myh_2F2Sg3Ddar1dKDdU8WIn2zzi_O3fZdGYiQwOuUvXUUDk0_cYZ_fAVnkyKjLo-JKFjiqJZAs7KGdayp2OWoAT_Jb8R8gB-mDCcfZ6uzzZKdNGTvkyF3P72XgBHCmL55U-Wykm2pudaYi7wnXlDdyr5A0RStqMsKTSNLIXPKUXOBpURRIfQtIYkUOsXUnFaLdFTdNH2Bddk-D_RW82Rdd0fLbyzVDeSjGuxKnnXF6w8JE3bk:1rAW0m:Zvp-JFQQI_U6IJaVzGtsJsdVEXYDF0WVXvxn_APLGyA	2023-12-19 14:02:56.4313+00
ldqslenwhxqaa5pldk0zd53vhek8yb1f	.eJyrVirPrEosSonPyU_PzIsvy0wtV7KqViouSS1QslJKLC3JUNIB8-JTEksSgVK1UG5aZk5qMYSfWlFSlIgkX5aYkwnkpabEo2isrQUAhp8oDA:1rB90y:D4Dh7GinizbfPRplh4Tu-n3hm8OrnQjGcNbcPH985s4	2023-12-21 07:41:44.31529+00
xl7baickuuti1dye20wf3nh9fly9yhvw	.eJxVjsFugzAQRP_F5wixSwyEY-_9BmvNLuDWMhU2pGqUf4-TcCi3nX0zo7mpq_ujhY2fRxfM5uSqupuKSX5UF1bvT6_bMCXK4L7LwXmJby2_aaF_fCPvshI2h2AmhtY0mTXKYhyrTml1-FnqvyU8AX9RGOein0NanC2elmKnsficWfzH7j0UTBSnnCbbYquxqWpEiw0MrS4Z66Ysha3tta6FGLCii5wBcEAAEt3C2TaIF4Bcur0GVvVJ5Q1RQjKj2ySoDu4PxIxmyg:1rCYqS:tmn7OddtULfhWeErZKnlUQKLhs6FOoamnAeB6F_hDlc	2023-12-25 05:28:44.534167+00
k4fet187zpdv7qqvrw7cw7g1683lch7t	.eJxVjsFuwyAQRP-Fc0UhGMf2sfd-A1pgiWkpVAY7UaL8e3HsQ31Z7eybHc2DXP0dJqtCuvioFo9XMjxILvhLhjiH8PbalYUCFTx36XzAvGm8lQn-8QWCrwqtOjxWomAuo5ozTspbMpBWkMNRg_nGuBL7BfGSqEmxTF7T1UJ3mulnshg-du8hYIQ81u-T09Iy3nIGDTcSmWOsN-5kzsyKVnNhjXXV0XeSSejaTjjZIOeik4ian2toKrU5Lt7gVnXV-AM-0Nfc0HvTk-cfrL5t_w:1rAWmU:GbIkYjfm2H6AefmmDYema-FDSQqgXE5-UOWAnh4Sgqo	2023-12-19 14:52:14.453997+00
yc989tpuv4rkce1t68l2cvem9fwf1tvz	.eJxVjs1uhDAMhN8l5xVtAiHAsfc-Q2RiA2nTUJGQrbrad2_4OZSL5fE3Hs2D3e0vLKjdPFqvk6U76x4sRPpmnV-du-27RoiQwfOUg3UUDk0_cYF_PIGzWRHqy2MmGtY46TXQoi2yjrWcXY49mE_yG8EP8ONcmNnHxfbFZilOGor3Gcm9nd5LwARhyt8NDsIIjtRgrThJPpS9ahDQ1GCUrBVwpbBs-2EoBVRVW0qBWIlGvkrihnLoHHNzStbQUXXT9AXWFfs80ItS2Zp2Bxf1jeW-gXzUo03k8-35B_Qsd-M:1rAWo8:XScuJV_zMzOzUS4SRJOiqve5plKOZkIITmVCRNfpAac	2023-12-19 14:53:56.085987+00
7b5kfb3ig1sqma9xbl3qb4rhy2eayzr7	.eJxVjs1uxCAMhN-F84oWErpJjnvvMyBjnISWQhVItupq373k59BcLI-_8Wge7O5-YbLax8EFvTi6s-7BUqZv1oXZ-8u2awsZCngesnee0q7pJ0_wjy_gXVFk9emxEA1zHvWcaNLOso5JdroZwE8KK7AfEIbIMYY8OcNXCz9o4u_Rkr8d3lPACGks36pBU4m6QbyK1qAFQ0ohKGFem6oHqOVVtbIHIkKUhLKta7RCNMZU8KbW0JhLcVoc0t501fQFzvNt7uilLs5lM1TqwkrbRCHrwS0UWCeef_LseBM:1rd4bm:svdZDaW84jMS3HgoTRe4_60_kS6X_106jcPMGNexmeY	2024-03-07 08:39:10.844217+00
yqnb4vnp6hnqhc3w5h8yj80v7m3j5hkv	.eJxVjEEOgjAQRe_StSEOllZYuvcMzdCZSrUphhY0Gu8uKgvZzfvv_3mKm3_gQCb0Jx_N5PkmmqdIma-iiWMIm-9tCDPO4rWg84HTj_meB_zzEwY_E5NZDWdjcMydGRMPxpNoBIhV1qK9cPwIOmM89YXtYx58W3wqxWJTceyJw2Hprh50mLp5rdnuAZzdtVZVVsu2dkyqciBLAKKqRK6ZtqqspdakJbmyArY7qcBpsEq83j4ZXxA:1rKkHX:5UaxJjmEtg_i2RmrHpvnGy567lTxydaC0hygBxzsZOY	2024-01-16 19:18:31.091559+00
9nw6nybbmr23m6hq35mjvedaibyms72m	.eJxVjsFuwyAQRP-Fc0UdwAn42Hu_AS2wxLQUKoOdqlH-vTj2ob6sdvbNjuZObuEXJqdjvoakl4A3MtxJqfhNhjTH-PLctYMKDTx26UPEsmn8qRP84wvE0BQ6fXhsRMNcRz0XnHRwZCCMkcPRgP3EtBL3Aemaqc2pTsHQ1UJ3Wuh7dhjfdu8hYIQytm-Q5sKdVMpCf74YOEtwnbRGWHGyAnrXoxeCcdZ5zr3qvO3QcqVOngnpe99Cc23NcQkWt6qrxi8IkT7nhl4lefwBcfVudg:1rLmhA:BoMFCDyYGtdcEMC9wZfDkxtxeSEVanf2gL_XhdOn79s	2024-01-19 16:05:16.848826+00
faxxd51uc36jbrjln0dsy1yy2a1z7xvw	.eJxVjEEOgjAQRe_StSGUQhGW7j1DM-1MpdoUQwsYiXcXlYXs5v33_yxsdk8YUPn-4oKaHM2sXVhMdGdtGL0_fG-FkGAVrw2t8xR_TI80wJ-fwLuVCNVuuBoFY-rUGGlQDlnLeM52oQZzo_AxeIVw6TPThzQ4nX0q2WZjdu6R_Gnr7h50ELt1bTSUlnLLJQiBhZC1AcilPvIGNGDFZUUGK2krjkbUVkrbHKkUsinIFjWy1xuYGF_K:1rggf3:i56omq8x1uE1U0kbwSZQQyb1ivenYsSH34pFqXuPabA	2024-03-17 07:53:29.805267+00
mxiuifha4khhl8g5queps1mwhip67mh4	.eJyrVirPrEosSonPyU_PzIsvy0wtV7KqViouSS1QslJKLC3JUNIB8-JTEksSgVK1UG5aZk5qMYSfWlFSlIgkX5aYkwnkpabEo2isrQUAhp8oDA:1rjLo2:62S7r2a_0zmqDP_u2TF3dL1cn50v1ym0x819ybEfXlM	2024-03-24 16:13:46.966285+00
9wzys8dcwkr6z9wonpg95cw3zd3cmt8p	.eJxVjs2SgyAQhN-Fc8oSifhzzH2fgRqYQUko3BI0W5vKuwcTD_E2PV93Vz_Y3f3DjMpPgwtqdXRn_YPFRL-sD4v3p_etEBJk8NyldZ7iR9NfmuGLr-BdVoTqEMxEwZJGtUSalUPWM16yw1ODuVHYCF4hDFNhppBmp4vNUuw0Fj8Tkr_s3kPBCHHMaaPhbKm0XIIQWAnZGIBS6pZ3oAFrLmsyWEtbczSisVLarqWzkF1Ftmq20vW9sGpPLG-IFJIa3EqB9fz5Aos5aM0:1rUhRN:SHAYhYt-j_nPlD0oFkz8mVyULwNRr7KgI5x02zdjV8Y	2024-02-13 06:17:49.907405+00
47824mk6o8zcv63pa77msh1zxc1djfcu	.eJyrVirPrEosSonPyU_PzIsvy0wtV7KqViouSS1QslJKLC3JUNIB8-JTEksSgVK1UG5aZk5qMYSfWlFSlIgkX5aYkwnkpabEo2isrQUAhp8oDA:1rjLo2:62S7r2a_0zmqDP_u2TF3dL1cn50v1ym0x819ybEfXlM	2024-03-24 16:13:46.988005+00
0mm7wazs379x3avd32wfrc2vmso3731s	.eJyrVirPrEosSonPyU_PzIsvy0wtV7KqViouSS1QslJKLC3JUNIB8-JTEksSgVK1UG5aZk5qMYSfWlFSlIgkX5aYkwnkpabEo2isrQUAhp8oDA:1rUkbY:ypc0gTfo08H8x5UE6qd117xQUcBgeTWHpcAGCpBAHLc	2024-02-13 09:40:32.351601+00
xril3l01yiv4rzpjesnkyrawd3e45ble	.eJyrVirPrEosSonPyU_PzIsvy0wtV7KqViouSS1QslJKLC3JUNIB8-JTEksSgVK1UG5aZk5qMYSfWlFSlIgkX5aYkwnkpabEo2isrQUAhp8oDA:1rjLo3:wJHp-f6dhgkaWErCtNA6dw1B3CIX3hLpvstvRl1biPo	2024-03-24 16:13:47.08614+00
pxkh7o1dmvx8ac118hbytwbuuxag9u5p	.eJyrVirPrEosSonPyU_PzIsvy0wtV7KqViouSS1QslJKLC3JUNIB8-JTEksSgVK1UG5aZk5qMYSfWlFSlIgkX5aYkwnkpabEo2isrQUAhp8oDA:1rVuwc:geQniAP0T-xQQ5qvQbE3N_TZgxakKxeyCM9nQejwyoo	2024-02-16 14:55:06.954892+00
lswff1ph4ilku8yn8ay9msqki2ti46ng	.eJyrVirPrEosSonPyU_PzIsvy0wtV7KqViouSS1QslJKLC3JUNIB8-JTEksSgVK1UG5aZk5qMYSfWlFSlIgkX5aYkwnkpabEo2isrQUAhp8oDA:1rWBAE:-dl4FdENkmXErlsoKb2ZAGtbSzwUTbbbvV0YKvya9GM	2024-02-17 08:14:14.67379+00
u2cvlhljx05w6v4yiudbnxvphapwfo3c	.eJyrVirPrEosSonPyU_PzIsvy0wtV7KqViouSS1QslJKLC3JUNIB8-JTEksSgVK1UG5aZk5qMYSfWlFSlIgkX5aYkwnkpabEo2isrQUAhp8oDA:1rWDzq:Ar2JNrZElIgycuNiIjJT-PShILIuTuwFuacpxQdEaqI	2024-02-17 11:15:42.663913+00
oac5t2j1nno4hh7urcplq5oi4xyfgrc5	.eJyrVirPrEosSonPyU_PzIsvy0wtV7KqViouSS1QslJKLC3JUNIB8-JTEksSgVK1UG5aZk5qMYSfWlFSlIgkX5aYkwnkpabEo2isrQUAhp8oDA:1rjXj9:Tg50tkwzdLIgT2WGTz3ZT0zMzaw4REvju2JesmppYjw	2024-03-25 04:57:31.175603+00
pqr27yziwa832ijaj7gq2zd5ikgy9r23	.eJyrVirPrEosSonPyU_PzIsvy0wtV7KqViouSS1QslJKLC3JUNIB8-JTEksSgVK1UG5aZk5qMYSfWlFSlIgkX5aYkwnkpabEo2isrQUAhp8oDA:1rjXj9:Tg50tkwzdLIgT2WGTz3ZT0zMzaw4REvju2JesmppYjw	2024-03-25 04:57:31.345888+00
2ec79ai76gwkf5w3qwbhwnnl5rh0ftsa	.eJyrVirPrEosSonPyU_PzIsvy0wtV7KqViouSS1QslJKLC3JUNIB8-JTEksSgVK1UG5aZk5qMYSfWlFSlIgkX5aYkwnkpabEo2isrQUAhp8oDA:1rjjhZ:PCniRnRn2SkGjaVZy27seI0m74xm7VCIzw1ghkhAxI8	2024-03-25 17:44:41.441031+00
azx6maqp4ng7iz475xsnqotn05hwu6oj	.eJxVjEEOgjAQRe_StSGUQhGW7j1DM-1MpdoUQwsYiXcXlYXs5v33_yxsdk8YUPn-4oKaHM2sXVhMdGdtGL0_fG-FkGAVrw2t8xR_TI80wJ-fwLuVCNVuuBoFY-rUGGlQDlnLeM52oQZzo_AxeIVw6TPThzQ4nX0q2WZjdu6R_Gnr7h50ELt1bTSUlnLLJQiBhZC1AcilPvIGNGDFZUUGK2krjkbUVkrbHKkUsinIFjWy1xuYGF_K:1rjvmi:jeDsT4zQOMjj_jhdd1PrtEuX5m7LBQfX-CrueNx8Frc	2024-03-26 06:38:48.850358+00
u8gqe5mw24x10kk3bqgf0112y26vbryt	.eJyrVirPrEosSonPyU_PzIsvy0wtV7KqViouSS1QslJKLC3JUNIB8-JTEksSgVK1UG5aZk5qMYSfWlFSlIgkX5aYkwnkpabEo2isrQUAhp8oDA:1rlaDF:ppNhp2_QujjnRSDJvWgXaCGEVrD5PQHGHzG61bAKtT8	2024-03-30 20:01:01.942098+00
ecfroni9fzz2a0zwh94fxv37d86ub5iv	.eJxVjsFywyAMRP-Fc4cWDI3tY-_9BkYIOaal0DHYySSTfy-OfagvGq3eamfv7OJvMDkT0tlHs3i6sP7OcqFf1sc5hJfnbhwUqOCxy8EHypuma5ngH18g-KrImcNjJQbmMpo502S8Yz2T7HCzgN8UV-C-IJ4TxxTL5C1fLXynmX8mR-Fj9x4CRshj_dYt2kaoFvEkOosOLGmNoIV9a5sBQMmT7uQARIQoCWWnFDohWmsbeNdraCq1OC0eaWu6avoBH_hzbuhVsccfVANvEg:1rSF0b:DHTUw29RRagV28uWFtYWcWg-aopIclQJD6bfrYQSiYI	2024-02-06 11:32:01.176633+00
teklcp5f4ubkqdw4vx2oucporjigck1p	.eJyrVirPrEosSonPyU_PzIsvy0wtV7KqViouSS1QslJKLC3JUNIB8-JTEksSgVK1UG5aZk5qMYSfWlFSlIgkX5aYkwnkpabEo2isrQUAhp8oDA:1rSJsl:304xNjnFUK1l8RwKlv8pC8DZpNOmNzDA9fW6K0R3urI	2024-02-06 16:44:15.663608+00
o8ily9up6e8bicb8znu5ou61th6qrwyg	.eJxVjsFywyAMRP-Fc4cWDI3tY-_9BkYIOaal0DHYySSTfy-OfagvGq3eamfv7OJvMDkT0tlHs3i6sP7OcqFf1sc5hJfnbhwUqOCxy8EHypuma5ngH18g-KrImcNjJQbmMpo502S8Yz2T7HCzgN8UV-C-IJ4TxxTL5C1fLXynmX8mR-Fj9x4CRshj_dYt2kaoFvEkOosOLGmNoIV9a5sBQMmT7uQARIQoCWWnFDohWmsbeNdraCq1OC0eaWu6avoBH_hzbuhVsccfVANvEg:1rTFrm:8zEy5bMCo18gSEHs5UDh-sSGIgL_602VEBE6_MDam2k	2024-02-09 06:39:06.722998+00
khtt26cmnere2ugitv0fvftiol10nbou	.eJyrVirPrEosSonPyU_PzIsvy0wtV7KqViouSS1QslJKLC3JUNIB8-JTEksSgVK1UG5aZk5qMYSfWlFSlIgkX5aYkwnkpabEo2isrQUAhp8oDA:1rbjbG:0M-mkfKGXdeQQ_j3hW39Qbf0IooRky_6tI8YqTKQnh4	2024-03-03 16:01:06.762293+00
ou042utx3mzunalxwcza5h5o12bw1f6i	.eJyrVirPrEosSonPyU_PzIsvy0wtV7KqViouSS1QslJKLC3JUNIB8-JTEksSgVK1UG5aZk5qMYSfWlFSlIgkX5aYkwnkpabEo2isrQUAhp8oDA:1rboZe:62IZwKjve44TL8eGrGdd2h5RGyyU99DOB-Z1vqqAoK4	2024-03-03 21:19:46.27941+00
1be2wlbjsua5dwtzaqj61209k27qumps	.eJyrVirPrEosSonPyU_PzIsvy0wtV7KqViouSS1QslJKLC3JUNIB8-JTEksSgVK1UG5aZk5qMYSfWlFSlIgkX5aYkwnkpabEo2isrQUAhp8oDA:1rbqCU:P34vQYVMPmQtlNaCZ35LLplcBNLWVcWJYLalwGBRfJE	2024-03-03 23:03:58.301281+00
obor4alo9ptw695v7a0bbv3p5xywzl4c	.eJyrVirPrEosSonPyU_PzIsvy0wtV7KqViouSS1QslJKLC3JUNIB8-JTEksSgVK1UG5aZk5qMYSfWlFSlIgkX5aYkwnkpabEo2isrQUAhp8oDA:1rbqjS:32QsY7Ol7jc0d517CZAvHMrxWJU5L7sn-pMfHmOq4dg	2024-03-03 23:38:02.23651+00
wootlodcuwli1s58zrp74hhjdoguymzv	.eJyrVirPrEosSonPyU_PzIsvy0wtV7KqViouSS1QslJKLC3JUNIB8-JTEksSgVK1UG5aZk5qMYSfWlFSlIgkX5aYkwnkpabEo2isrQUAhp8oDA:1rbqjW:2z-5HBP0Hr9jJI4Ecl_Pdtdf5oBFngAKo71R1geVvT4	2024-03-03 23:38:06.447561+00
2k3sqwiswjp8izj167r35id4iapychyz	.eJyrVirPrEosSonPyU_PzIsvy0wtV7KqViouSS1QslJKLC3JUNIB8-JTEksSgVK1UG5aZk5qMYSfWlFSlIgkX5aYkwnkpabEo2isrQUAhp8oDA:1rreqA:QeaMdKNZS9-LZVczumq5zn5cq91_xTkzQWgjccoGZRk	2024-04-16 14:10:18.748319+00
3pluyqyqa9p7v9ln5bwp1kxu4ywonlng	.eJxVjkFuwyAQRe_CuqIFQ2Jn2X3PgIZhHJNSUxniRIly90DsRbwZ6c2b-fp3dvE3mJwJ8ehHM3u6sMOdpUz_7MDgnAf28SLjIENRjxV7HygtTNc8wZufIfhC5MzmsRhTA8050WS8K_mSbXYW8JfGKtwJxmPkGMc8ecvrCV9t4j_RUfhebzcBA6ShfOsWbSNUi7gXnUUHlrRG0MJ-tU0PoORed7IHIkKUhLJTCp0QrbUN7HQNjbkUp9kjLU0r0x_4wF9zUZ-KPZ6uCW9N:1rmHRk:WwQxYqIhPh4JcjVHFqV4Pa3GFWU9mF_mpO-4gQLAqgs	2024-04-01 18:10:52.415753+00
vpliwib3mbviotohms191uvfacsrdk1e	.eJxVj01uwyAQhe_COrIwBgu87L5nQGNmsGkRrgx2oka5e0niRb2bN99783Nn1_ALK9q4TCHZPdCVDXeWC_2wIW0xXl61RShQweOQPkTKb023ssI_vkMMVRHaU7ASC1uZ7ZZptQHZwFrOTs0R3DelJ8EvSNPSuCWVNYzN09IcNDefC1L8OLynATPkuaa57JU03iNy0UvyCM5rQiOMUcZpKca-1Vz6TnRKd8441XdaKMWJpBTc1aF1c6ZU7BR2Smxo61uvm1utHn-uN2eV:1rrfif:KFFre97Q5qMfiloHGQUQIKRi2H_G6ih9Ckm18h2zfGI	2024-04-16 15:06:37.006651+00
p2e9ggazfwqq7z4ihdkdftesug0g1mix	.eJxVjs1ugzAQhN_F5wjZ_NTAsfc-gzVmF3BrmQgbUjXKu9dJOZTbzn4zo7mLm_vBSsYvkwtmd3wT_V3ExFfRh837y-s2hIQMHoccnef4p_k7rfjHd3iXFZM5BTMx2NJstsircSR6oWQpTl-L4YvDE9EnwrQUwxLS6mzxtBQHjcXHQuzfD--pYEacc1qTQjPCopSodGubtgPGGrJiNSpQB9KlloOuycqS1NAAiquRu6YmPbzl0v01UbX1ReQRkUMyk9s55N_jF0mHaXE:1rsGoc:jgCvVn-ZYD9PFyHAdluZ7duHmYtOXrorqBQD43yb_3A	2024-04-18 06:43:14.484988+00
16hpdqtynjnephg1v9ob0y2qlxo0geuj	.eJxVjEEOwiAQRe_C2hAKAwGX7j0DgZlBqgaS0q6Md9cmXej2v_f-S8S0rTVug5c4kziLSYnT75gTPrjthO6p3brE3tZlznJX5EGHvHbi5-Vw_w5qGvVbK3AWQilESjvgQgmLZwo6BBvQg85u8gqK0cZ6gwGtM15bq5gBtELx_gD_fTda:1rtS3i:-TQ1GzjAO6EpEZ6Ufi4yg_B4Bz5wTYWEaKskfsjde7w	2024-04-21 12:55:42.884097+00
ls9e4grsige3snxuofmawslc0qcs2xqc	.eJxVjMsOgjAQRf-la0PKo1hYuvcbmqEzhWpTDC1gNPy7oCxkN2fOvffNFIyxU2OgQVlkNUslO_0_G9B38pvBG_i2T3Tv42CbZIskuw3JtUdylz17GOggdFs7NyhzkQkhCy6FxsqUlYbz2RhZZiDKDNPSVDwtTJo1JPMq5xK5NiQbKICvo7N9wYDK9a31arI0s_rNQqQHq_3o3Ol7K4QIq1h2NNZR-DE94wB_fgJnVyJUh-KyfAAt5V7w:1ruXge:NILUpo7c5ZmGkQVYFDJryRDbXk-VJN7u9aUiSTT6NaY	2024-04-24 13:08:24.652825+00
464v166rmst3hnjhe54w4ug8zd5qzaaz	.eJyrVirPrEosSonPyU_PzIsvy0wtV7KqViouSS1QslJKLC3JUNIB8-JTEksSgVK1UG5aZk5qMYSfWlFSlIgkX5aYkwnkpabEo2isrQUAhp8oDA:1rlmpj:IXczXiP6jRCC1AdUwVl1UDdFuzQXSVzaoQ_SOIxQCoE	2024-03-31 09:29:35.97553+00
gz9gquws40o1gcwsyithxulti0awgzj1	.eJxVjEEOgjAQRe_StSEOllZYuvcMzdCZSrUphhY0Gu4uKgvdzZv3_38Kg2PuzJh4MJ5EI0Bsfn8t2gvHt6AzxlNf2D7mwbfFO1KsNhXHnjgc1uzfQIepW9qa7R7A2V1rVWW1bGvHpCoHsgQgqkrkmmmrylpqTVqSKytgu5MKnAarltGbf-BAJvQnH83k-Saap0iZr6KJYwibz20IMy5iXtH5wOnLfM8D_vgJg1-IyfwV5_kFNVpfEA:1rmiBN:dLMgWLXTaO9DvNZ0VJiFwJd3rg3cHW8HHnFMVcgzniQ	2024-04-02 22:43:45.315491+00
sevqrdbyolte0w3nn6hi4jsplcyq5v6p	.eJyrVirPrEosSonPyU_PzIsvy0wtV7KqViouSS1QslJKLC3JUNIB8-JTEksSgVK1UG5aZk5qMYSfWlFSlIgkX5aYkwnkpabEo2isrQUAhp8oDA:1rmnkV:P13yPAvNPwz-RROO4v1_bDU8jMRnvQ7BdVelWBmAzXE	2024-04-03 04:40:23.652794+00
17m0u2gp9creng0z19rby4nhu9vskr4b	.eJyrVirPrEosSonPyU_PzIsvy0wtV7KqViouSS1QslJKLC3JUNIB8-JTEksSgVK1UG5aZk5qMYSfWlFSlIgkX5aYkwnkpabEo2isrQUAhp8oDA:1rmnka:mKCj-x7n81LKxJ2FD3CgdrELudVWbBzOkCZpcY7VEXY	2024-04-03 04:40:28.407248+00
epf1bkw9y8sjfl7521s82dar7pskhg1e	.eJyrVirPrEosSonPyU_PzIsvy0wtV7KqViouSS1QslJKLC3JUNIB8-JTEksSgVK1UG5aZk5qMYSfWlFSlIgkX5aYkwnkpabEo2isrQUAhp8oDA:1rmnkh:H3KJRKD_47nr1UV4wHRaoLEp6PM0f29PG_c8gXXo_3g	2024-04-03 04:40:35.190365+00
dbew2gpoig3i90nswgohqna0p3p39flw	.eJyrVirPrEosSonPyU_PzIsvy0wtV7KqViouSS1QslJKLC3JUNIB8-JTEksSgVK1UG5aZk5qMYSfWlFSlIgkX5aYkwnkpabEo2isrQUAhp8oDA:1rmnkm:jexWGVVDCwfOL9SNPanCb2uZ7U97qlNuXkaHQbhaKHw	2024-04-03 04:40:40.590857+00
4sdi7b5kestl2sfm9fc6kg7ir8tgj9zv	.eJyrVirPrEosSonPyU_PzIsvy0wtV7KqViouSS1QslJKLC3JUNIB8-JTEksSgVK1UG5aZk5qMYSfWlFSlIgkX5aYkwnkpabEo2isrQUAhp8oDA:1rmnkt:yRk3JzaGp8OLWuMK5spdnfaaG_WJhlbtjSMrhoA_NUw	2024-04-03 04:40:47.582932+00
sbzbnldnpnmhxtpx4txqtxer4vib05z1	.eJyrVirPrEosSonPyU_PzIsvy0wtV7KqViouSS1QslJKLC3JUNIB8-JTEksSgVK1UG5aZk5qMYSfWlFSlIgkX5aYkwnkpabEo2isrQUAhp8oDA:1rqR6k:CSjy5blZy9hwl9auJbC9mhpyMpXz8KfSMu5jPjVGxN0	2024-04-13 05:18:22.431219+00
cnqfx63tm40l4dw48grazo1eh0ge47p8	.eJxVjEEOwiAQRe_C2jRIoYEu3XsGMmUGixJqCq1G492t2oXdzfvv_3myW3jAiDYOp5DsHOjG2ifLha6sTVOMu-9tEQos4rWiD5Hyj-leRvjzM8SwEKHdDBdjYSq9nTKNNiBr2Z6zTdiBu1D6GDxDOg2VG1IZQ1d9KtVqc3UckOJh7W4e9JD7Zc1lo6TxHpGLRpJHcF4TGmGMMk5L0TV7zaWvRa107YxTTa2FUpxISsEde70BbWZeXg:1rrsAc:bPqMMux-6O9qcRBYU9Lp4xZn6B21dFcfdAx_fvKOUxs	2024-04-17 04:24:18.490143+00
lerybsal31098guch3fbzmgtvdzymd8i	.eJxVjEEOwiAQRe_C2jRIoYEu3XsGMmUGixJqCq1G492t2oXdzfvv_3myW3jAiDYOp5DsHOjG2ifLha6sTVOMu-9tEQos4rWiD5Hyj-leRvjzM8SwEKHdDBdjYSq9nTKNNiBr2Z6zTdiBu1D6GDxDOg2VG1IZQ1d9KtVqc3UckOJh7W4e9JD7Zc1lo6TxHpGLRpJHcF4TGmGMMk5L0TV7zaWvRa107YxTTa2FUpxISsEde70BbWZeXg:1rrx6B:r0nakmtLNCW5ganWGK22p6Tcy6hzBTrJSsURJhIxYQI	2024-04-17 09:40:03.357562+00
j3675pgj3qbip7ju4mecyjnlt1l164gk	.eJyrVirPrEosSonPyU_PzIsvy0wtV7KqViouSS1QslJKLC3JUNIB8-JTEksSgVK1UG5aZk5qMYSfWlFSlIgkX5aYkwnkpabEo2isrQUAhp8oDA:1rxLDf:jixbg6cnl9XEC4bhVDM_ZCbLr27oFPb-Kn_wIHGRyW4	2024-05-02 06:26:03.121477+00
\.


--
-- Data for Name: otp_email_emaildevice; Type: TABLE DATA; Schema: public; Owner: tipnet
--

COPY public.otp_email_emaildevice (id, name, confirmed, user_id, token, valid_until, email, throttling_failure_count, throttling_failure_timestamp, last_generated_timestamp) FROM stdin;
15	default	t	29	\N	2023-12-05 10:19:17.476133+00	\N	0	\N	\N
11	default	t	25	\N	2023-12-05 10:21:51.165772+00	\N	0	\N	\N
5	default	t	19	\N	2023-12-04 14:50:18.569521+00	\N	0	\N	\N
18	default	t	32	\N	2023-12-05 10:19:27.193701+00	\N	0	\N	\N
14	default	t	28	141846	2023-12-05 10:24:40.93309+00	\N	0	\N	2023-12-05 10:19:40.933011+00
87	default	t	101	\N	2024-01-29 10:30:09.071824+00	\N	0	\N	\N
34	default	t	48	\N	2023-12-05 10:24:14.529762+00	\N	0	\N	\N
3	default	t	17	\N	2023-12-05 10:19:50.677268+00	\N	0	\N	\N
44	default	t	58	\N	2023-12-05 10:28:35.955412+00	\N	0	\N	\N
39	default	t	53	\N	2023-12-05 10:22:18.276401+00	\N	0	\N	\N
19	default	t	33	\N	2023-12-05 10:19:56.143822+00	\N	0	\N	\N
68	default	t	82	\N	2023-12-05 10:55:25.145237+00	\N	0	\N	\N
20	default	t	34	\N	2023-12-05 10:19:57.045622+00	\N	0	\N	\N
4	default	t	2	\N	2024-04-10 13:07:33.177404+00	\N	0	\N	\N
7	default	t	21	865829	2023-12-05 10:20:48.492461+00	\N	0	\N	2023-12-05 10:15:48.49238+00
48	default	t	62	\N	2023-12-05 12:48:44.47794+00	\N	0	\N	\N
8	default	t	22	\N	2024-01-05 16:05:16.767368+00	\N	0	\N	\N
6	default	t	20	\N	2023-12-05 10:16:09.040415+00	\N	0	\N	\N
10	default	t	24	\N	2023-12-05 10:16:26.068758+00	\N	0	\N	\N
12	default	t	26	\N	2023-12-05 12:26:06.193573+00	\N	0	\N	\N
24	default	t	38	245962	2023-12-05 10:25:19.423139+00	\N	0	\N	2023-12-05 10:20:19.423062+00
42	default	t	56	\N	2023-12-05 10:22:29.504491+00	\N	0	\N	\N
33	default	t	47	\N	2023-12-05 10:20:27.061673+00	\N	0	\N	\N
35	default	t	49	\N	2023-12-05 13:08:41.957808+00	\N	0	\N	\N
30	default	t	44	\N	2023-12-05 13:02:22.052613+00	\N	0	\N	\N
21	default	t	35	\N	2023-12-05 10:20:40.44373+00	\N	0	\N	\N
28	default	t	42	\N	2023-12-05 10:22:41.149529+00	\N	0	\N	\N
52	default	t	66	\N	2023-12-05 10:24:52.167999+00	\N	0	\N	\N
9	default	t	23	\N	2023-12-05 10:18:38.04136+00	\N	0	\N	\N
32	default	t	46	\N	2023-12-05 10:22:43.463381+00	\N	0	\N	\N
13	default	t	27	\N	2023-12-05 12:37:41.529557+00	\N	0	\N	\N
60	default	t	74	\N	2023-12-05 12:32:14.062131+00	\N	0	\N	\N
22	default	t	36	\N	2023-12-05 10:19:07.065788+00	\N	0	\N	\N
36	default	t	50	\N	2023-12-05 10:20:56.296844+00	\N	0	\N	\N
37	default	t	51	\N	2023-12-05 10:20:56.85463+00	\N	0	\N	\N
50	default	t	64	\N	2023-12-05 10:25:05.6177+00	\N	0	\N	\N
53	default	t	67	\N	2023-12-05 10:25:06.344986+00	\N	0	\N	\N
26	default	t	40	\N	2023-12-05 10:20:57.765204+00	\N	0	\N	\N
41	default	t	55	\N	2023-12-05 10:22:53.680974+00	\N	0	\N	\N
38	default	t	52	\N	2023-12-05 10:56:41.949032+00	\N	0	\N	\N
29	default	t	43	\N	2023-12-05 10:21:18.949445+00	\N	0	\N	\N
62	default	t	76	408627	2023-12-05 12:43:12.096273+00	\N	0	\N	2023-12-05 12:38:12.096201+00
80	default	t	94	\N	2023-12-05 12:49:03.918005+00	\N	0	\N	\N
79	default	t	93	\N	2023-12-05 12:45:21.545251+00	\N	0	\N	\N
40	default	t	54	\N	2023-12-05 10:23:03.867253+00	\N	0	\N	\N
31	default	t	45	\N	2023-12-05 12:38:17.520311+00	\N	0	\N	\N
55	default	t	69	\N	2024-01-29 10:31:32.805899+00	\N	0	\N	\N
27	default	t	41	\N	2023-12-05 12:27:39.557104+00	\N	0	\N	\N
67	default	t	81	973031	2023-12-05 12:20:40.591144+00	\N	0	\N	2023-12-05 12:15:40.591069+00
47	default	t	61	\N	2023-12-05 15:00:40.387356+00	\N	0	\N	\N
64	default	t	78	\N	2023-12-05 10:41:15.337211+00	\N	0	\N	\N
49	default	t	63	\N	2023-12-05 10:25:26.612032+00	\N	0	\N	\N
61	default	t	75	\N	2023-12-05 10:33:20.154056+00	\N	0	\N	\N
65	default	t	79	\N	2023-12-05 10:45:03.470015+00	\N	0	\N	\N
46	default	t	60	\N	2023-12-05 14:13:32.422842+00	\N	0	\N	\N
25	default	t	39	423278	2023-12-05 10:31:15.644293+00	\N	2	2023-12-05 10:25:04.52917+00	2023-12-05 10:26:15.644219+00
43	default	t	57	\N	2023-12-05 12:49:17.512134+00	\N	0	\N	\N
70	default	t	84	\N	2023-12-05 10:59:15.766344+00	\N	0	\N	\N
56	default	t	70	\N	2023-12-05 10:35:11.122822+00	\N	0	\N	\N
76	default	t	90	\N	2023-12-05 12:33:16.022155+00	\N	0	\N	\N
69	default	t	83	\N	2023-12-05 10:54:18.793163+00	\N	0	\N	\N
45	default	t	59	\N	2023-12-05 12:15:51.835852+00	\N	0	\N	\N
77	default	t	91	\N	2023-12-05 12:28:10.573101+00	\N	0	\N	\N
72	default	t	86	\N	2023-12-05 12:19:54.471199+00	\N	0	\N	\N
73	default	t	87	\N	2023-12-05 11:11:34.488662+00	\N	0	\N	\N
81	default	t	95	\N	2023-12-05 12:48:19.90945+00	\N	0	\N	\N
58	default	t	72	\N	2023-12-05 12:16:09.098301+00	\N	0	\N	\N
84	default	t	98	\N	2023-12-05 13:04:20.31988+00	\N	0	\N	\N
51	default	t	65	\N	2023-12-05 12:26:03.079533+00	\N	0	\N	\N
23	default	t	37	\N	2023-12-05 12:20:13.948617+00	\N	0	\N	\N
63	default	t	77	\N	2023-12-05 12:53:46.501756+00	\N	0	\N	\N
16	default	t	30	\N	2023-12-05 12:47:35.146001+00	\N	0	\N	\N
86	default	t	100	\N	2023-12-06 07:29:27.952832+00	\N	0	\N	\N
83	default	t	97	\N	2023-12-05 12:57:38.436487+00	\N	0	\N	\N
82	default	t	96	\N	2023-12-05 13:12:22.453698+00	\N	0	\N	\N
85	default	t	99	\N	2023-12-05 13:24:59.821224+00	\N	0	\N	\N
17	default	t	31	\N	2023-12-05 14:18:12.841629+00	\N	0	\N	\N
75	default	t	89	\N	2023-12-05 13:56:21.477249+00	\N	0	\N	\N
\.


--
-- Data for Name: otp_static_staticdevice; Type: TABLE DATA; Schema: public; Owner: tipnet
--

COPY public.otp_static_staticdevice (id, name, confirmed, user_id, throttling_failure_count, throttling_failure_timestamp) FROM stdin;
\.


--
-- Data for Name: otp_static_statictoken; Type: TABLE DATA; Schema: public; Owner: tipnet
--

COPY public.otp_static_statictoken (id, token, device_id) FROM stdin;
\.


--
-- Data for Name: otp_totp_totpdevice; Type: TABLE DATA; Schema: public; Owner: tipnet
--

COPY public.otp_totp_totpdevice (id, name, confirmed, key, step, t0, digits, tolerance, drift, last_t, user_id, throttling_failure_count, throttling_failure_timestamp) FROM stdin;
\.


--
-- Name: auditlog_logentry_id_seq; Type: SEQUENCE SET; Schema: public; Owner: tipnet
--

SELECT pg_catalog.setval('public.auditlog_logentry_id_seq', 409, true);


--
-- Name: auth_group_id_seq; Type: SEQUENCE SET; Schema: public; Owner: tipnet
--

SELECT pg_catalog.setval('public.auth_group_id_seq', 1, true);


--
-- Name: auth_group_permissions_id_seq; Type: SEQUENCE SET; Schema: public; Owner: tipnet
--

SELECT pg_catalog.setval('public.auth_group_permissions_id_seq', 2, true);


--
-- Name: auth_permission_id_seq; Type: SEQUENCE SET; Schema: public; Owner: tipnet
--

SELECT pg_catalog.setval('public.auth_permission_id_seq', 328, true);


--
-- Name: auth_user_groups_id_seq; Type: SEQUENCE SET; Schema: public; Owner: tipnet
--

SELECT pg_catalog.setval('public.auth_user_groups_id_seq', 97, true);


--
-- Name: auth_user_id_seq; Type: SEQUENCE SET; Schema: public; Owner: tipnet
--

SELECT pg_catalog.setval('public.auth_user_id_seq', 102, true);


--
-- Name: auth_user_user_permissions_id_seq; Type: SEQUENCE SET; Schema: public; Owner: tipnet
--

SELECT pg_catalog.setval('public.auth_user_user_permissions_id_seq', 1, false);


--
-- Name: case_interview_app_accesspermission_id_seq; Type: SEQUENCE SET; Schema: public; Owner: tipnet
--

SELECT pg_catalog.setval('public.case_interview_app_accesspermission_id_seq', 1, false);


--
-- Name: case_interview_app_affirmoption_id_seq; Type: SEQUENCE SET; Schema: public; Owner: tipnet
--

SELECT pg_catalog.setval('public.case_interview_app_affirmoption_id_seq', 4, true);


--
-- Name: case_interview_app_approvalstatus_id_seq; Type: SEQUENCE SET; Schema: public; Owner: tipnet
--

SELECT pg_catalog.setval('public.case_interview_app_approvalstatus_id_seq', 4, true);


--
-- Name: case_interview_app_aquitalreason_id_seq; Type: SEQUENCE SET; Schema: public; Owner: tipnet
--

SELECT pg_catalog.setval('public.case_interview_app_aquitalreason_id_seq', 5, true);


--
-- Name: case_interview_app_arrestinvestigation_how_traffickers_o_id_seq; Type: SEQUENCE SET; Schema: public; Owner: tipnet
--

SELECT pg_catalog.setval('public.case_interview_app_arrestinvestigation_how_traffickers_o_id_seq', 38, true);


--
-- Name: case_interview_app_arrestinvestigation_id_seq; Type: SEQUENCE SET; Schema: public; Owner: tipnet
--

SELECT pg_catalog.setval('public.case_interview_app_arrestinvestigation_id_seq', 32, true);


--
-- Name: case_interview_app_assistance_education_assistance_provi_id_seq; Type: SEQUENCE SET; Schema: public; Owner: tipnet
--

SELECT pg_catalog.setval('public.case_interview_app_assistance_education_assistance_provi_id_seq', 11, true);


--
-- Name: case_interview_app_assistance_financial_assistance_provi_id_seq; Type: SEQUENCE SET; Schema: public; Owner: tipnet
--

SELECT pg_catalog.setval('public.case_interview_app_assistance_financial_assistance_provi_id_seq', 11, true);


--
-- Name: case_interview_app_assistance_halfway_house_providers_id_seq; Type: SEQUENCE SET; Schema: public; Owner: tipnet
--

SELECT pg_catalog.setval('public.case_interview_app_assistance_halfway_house_providers_id_seq', 1, false);


--
-- Name: case_interview_app_assistance_housing_allowance_provider_id_seq; Type: SEQUENCE SET; Schema: public; Owner: tipnet
--

SELECT pg_catalog.setval('public.case_interview_app_assistance_housing_allowance_provider_id_seq', 12, true);


--
-- Name: case_interview_app_assistance_id_seq; Type: SEQUENCE SET; Schema: public; Owner: tipnet
--

SELECT pg_catalog.setval('public.case_interview_app_assistance_id_seq', 22, true);


--
-- Name: case_interview_app_assistance_im_emmigration_assistance__id_seq; Type: SEQUENCE SET; Schema: public; Owner: tipnet
--

SELECT pg_catalog.setval('public.case_interview_app_assistance_im_emmigration_assistance__id_seq', 13, true);


--
-- Name: case_interview_app_assistance_legal_assistance_provider_id_seq; Type: SEQUENCE SET; Schema: public; Owner: tipnet
--

SELECT pg_catalog.setval('public.case_interview_app_assistance_legal_assistance_provider_id_seq', 16, true);


--
-- Name: case_interview_app_assistance_med_rehab_provider_id_seq; Type: SEQUENCE SET; Schema: public; Owner: tipnet
--

SELECT pg_catalog.setval('public.case_interview_app_assistance_med_rehab_provider_id_seq', 16, true);


--
-- Name: case_interview_app_assistance_medical_assistance_provide_id_seq; Type: SEQUENCE SET; Schema: public; Owner: tipnet
--

SELECT pg_catalog.setval('public.case_interview_app_assistance_medical_assistance_provide_id_seq', 13, true);


--
-- Name: case_interview_app_assistance_micro_ent_income_provider_id_seq; Type: SEQUENCE SET; Schema: public; Owner: tipnet
--

SELECT pg_catalog.setval('public.case_interview_app_assistance_micro_ent_income_provider_id_seq', 11, true);


--
-- Name: case_interview_app_assistance_other_community_assistance_id_seq; Type: SEQUENCE SET; Schema: public; Owner: tipnet
--

SELECT pg_catalog.setval('public.case_interview_app_assistance_other_community_assistance_id_seq', 14, true);


--
-- Name: case_interview_app_assistance_shelter_provider_id_seq; Type: SEQUENCE SET; Schema: public; Owner: tipnet
--

SELECT pg_catalog.setval('public.case_interview_app_assistance_shelter_provider_id_seq', 15, true);


--
-- Name: case_interview_app_assistance_social_assistance_provider_id_seq; Type: SEQUENCE SET; Schema: public; Owner: tipnet
--

SELECT pg_catalog.setval('public.case_interview_app_assistance_social_assistance_provider_id_seq', 20, true);


--
-- Name: case_interview_app_assistance_vocational_training_provid_id_seq; Type: SEQUENCE SET; Schema: public; Owner: tipnet
--

SELECT pg_catalog.setval('public.case_interview_app_assistance_vocational_training_provid_id_seq', 12, true);


--
-- Name: case_interview_app_assistanceaggregatedata_id_seq; Type: SEQUENCE SET; Schema: public; Owner: tipnet
--

SELECT pg_catalog.setval('public.case_interview_app_assistanceaggregatedata_id_seq', 21, true);


--
-- Name: case_interview_app_bodypart_id_seq; Type: SEQUENCE SET; Schema: public; Owner: tipnet
--

SELECT pg_catalog.setval('public.case_interview_app_bodypart_id_seq', 4, true);


--
-- Name: case_interview_app_brideprice_id_seq; Type: SEQUENCE SET; Schema: public; Owner: tipnet
--

SELECT pg_catalog.setval('public.case_interview_app_brideprice_id_seq', 4, true);


--
-- Name: case_interview_app_bridepricerecipient_id_seq; Type: SEQUENCE SET; Schema: public; Owner: tipnet
--

SELECT pg_catalog.setval('public.case_interview_app_bridepricerecipient_id_seq', 4, true);


--
-- Name: case_interview_app_casestatus_id_seq; Type: SEQUENCE SET; Schema: public; Owner: tipnet
--

SELECT pg_catalog.setval('public.case_interview_app_casestatus_id_seq', 9, true);


--
-- Name: case_interview_app_childmarriagereason_id_seq; Type: SEQUENCE SET; Schema: public; Owner: tipnet
--

SELECT pg_catalog.setval('public.case_interview_app_childmarriagereason_id_seq', 5, true);


--
-- Name: case_interview_app_communityassistancetype_id_seq; Type: SEQUENCE SET; Schema: public; Owner: tipnet
--

SELECT pg_catalog.setval('public.case_interview_app_communityassistancetype_id_seq', 7, true);


--
-- Name: case_interview_app_country_id_seq; Type: SEQUENCE SET; Schema: public; Owner: tipnet
--

SELECT pg_catalog.setval('public.case_interview_app_country_id_seq', 23, true);


--
-- Name: case_interview_app_criminalactivitytype_id_seq; Type: SEQUENCE SET; Schema: public; Owner: tipnet
--

SELECT pg_catalog.setval('public.case_interview_app_criminalactivitytype_id_seq', 7, true);


--
-- Name: case_interview_app_dataentrypurpose_id_seq; Type: SEQUENCE SET; Schema: public; Owner: tipnet
--

SELECT pg_catalog.setval('public.case_interview_app_dataentrypurpose_id_seq', 4, true);


--
-- Name: case_interview_app_datasupplier_id_seq; Type: SEQUENCE SET; Schema: public; Owner: tipnet
--

SELECT pg_catalog.setval('public.case_interview_app_datasupplier_id_seq', 4, true);


--
-- Name: case_interview_app_educationlevel_id_seq; Type: SEQUENCE SET; Schema: public; Owner: tipnet
--

SELECT pg_catalog.setval('public.case_interview_app_educationlevel_id_seq', 7, true);


--
-- Name: case_interview_app_exploitation_e_body_part_removed_id_seq; Type: SEQUENCE SET; Schema: public; Owner: tipnet
--

SELECT pg_catalog.setval('public.case_interview_app_exploitation_e_body_part_removed_id_seq', 10, true);


--
-- Name: case_interview_app_exploitation_e_brice_recipient_id_seq; Type: SEQUENCE SET; Schema: public; Owner: tipnet
--

SELECT pg_catalog.setval('public.case_interview_app_exploitation_e_brice_recipient_id_seq', 15, true);


--
-- Name: case_interview_app_exploitation_e_child_marriage_reason_id_seq; Type: SEQUENCE SET; Schema: public; Owner: tipnet
--

SELECT pg_catalog.setval('public.case_interview_app_exploitation_e_child_marriage_reason_id_seq', 21, true);


--
-- Name: case_interview_app_exploitation_e_criminal_activity_type_id_seq; Type: SEQUENCE SET; Schema: public; Owner: tipnet
--

SELECT pg_catalog.setval('public.case_interview_app_exploitation_e_criminal_activity_type_id_seq', 47, true);


--
-- Name: case_interview_app_exploitation_e_forced_labour_industry_id_seq; Type: SEQUENCE SET; Schema: public; Owner: tipnet
--

SELECT pg_catalog.setval('public.case_interview_app_exploitation_e_forced_labour_industry_id_seq', 53, true);


--
-- Name: case_interview_app_exploitation_e_marriage_violence_type_id_seq; Type: SEQUENCE SET; Schema: public; Owner: tipnet
--

SELECT pg_catalog.setval('public.case_interview_app_exploitation_e_marriage_violence_type_id_seq', 19, true);


--
-- Name: case_interview_app_exploitation_e_trafficking_means_id_seq; Type: SEQUENCE SET; Schema: public; Owner: tipnet
--

SELECT pg_catalog.setval('public.case_interview_app_exploitation_e_trafficking_means_id_seq', 94, true);


--
-- Name: case_interview_app_exploitation_e_victim_military_activi_id_seq; Type: SEQUENCE SET; Schema: public; Owner: tipnet
--

SELECT pg_catalog.setval('public.case_interview_app_exploitation_e_victim_military_activi_id_seq', 48, true);


--
-- Name: case_interview_app_exploitation_id_seq; Type: SEQUENCE SET; Schema: public; Owner: tipnet
--

SELECT pg_catalog.setval('public.case_interview_app_exploitation_id_seq', 126, true);


--
-- Name: case_interview_app_exploitationage_id_seq; Type: SEQUENCE SET; Schema: public; Owner: tipnet
--

SELECT pg_catalog.setval('public.case_interview_app_exploitationage_id_seq', 3, true);


--
-- Name: case_interview_app_familystructure_id_seq; Type: SEQUENCE SET; Schema: public; Owner: tipnet
--

SELECT pg_catalog.setval('public.case_interview_app_familystructure_id_seq', 6, true);


--
-- Name: case_interview_app_faq_id_seq; Type: SEQUENCE SET; Schema: public; Owner: tipnet
--

SELECT pg_catalog.setval('public.case_interview_app_faq_id_seq', 6, true);


--
-- Name: case_interview_app_forcedlabourindustry_id_seq; Type: SEQUENCE SET; Schema: public; Owner: tipnet
--

SELECT pg_catalog.setval('public.case_interview_app_forcedlabourindustry_id_seq', 15, true);


--
-- Name: case_interview_app_freedmethod_id_seq; Type: SEQUENCE SET; Schema: public; Owner: tipnet
--

SELECT pg_catalog.setval('public.case_interview_app_freedmethod_id_seq', 9, true);


--
-- Name: case_interview_app_gender_id_seq; Type: SEQUENCE SET; Schema: public; Owner: tipnet
--

SELECT pg_catalog.setval('public.case_interview_app_gender_id_seq', 2, true);


--
-- Name: case_interview_app_guiltyreason_id_seq; Type: SEQUENCE SET; Schema: public; Owner: tipnet
--

SELECT pg_catalog.setval('public.case_interview_app_guiltyreason_id_seq', 5, true);


--
-- Name: case_interview_app_idtype_id_seq; Type: SEQUENCE SET; Schema: public; Owner: tipnet
--

SELECT pg_catalog.setval('public.case_interview_app_idtype_id_seq', 5, true);


--
-- Name: case_interview_app_imemmigrationstatus_id_seq; Type: SEQUENCE SET; Schema: public; Owner: tipnet
--

SELECT pg_catalog.setval('public.case_interview_app_imemmigrationstatus_id_seq', 5, true);


--
-- Name: case_interview_app_incomeprojecttype_id_seq; Type: SEQUENCE SET; Schema: public; Owner: tipnet
--

SELECT pg_catalog.setval('public.case_interview_app_incomeprojecttype_id_seq', 7, true);


--
-- Name: case_interview_app_interviewer_id_seq; Type: SEQUENCE SET; Schema: public; Owner: tipnet
--

SELECT pg_catalog.setval('public.case_interview_app_interviewer_id_seq', 100, true);


--
-- Name: case_interview_app_interviewer_som_cases_id_seq; Type: SEQUENCE SET; Schema: public; Owner: tipnet
--

SELECT pg_catalog.setval('public.case_interview_app_interviewer_som_cases_id_seq', 5, true);


--
-- Name: case_interview_app_interviewer_som_victims_id_seq; Type: SEQUENCE SET; Schema: public; Owner: tipnet
--

SELECT pg_catalog.setval('public.case_interview_app_interviewer_som_victims_id_seq', 1, true);


--
-- Name: case_interview_app_interviewer_victims_id_seq; Type: SEQUENCE SET; Schema: public; Owner: tipnet
--

SELECT pg_catalog.setval('public.case_interview_app_interviewer_victims_id_seq', 157, true);


--
-- Name: case_interview_app_investigationstatus_id_seq; Type: SEQUENCE SET; Schema: public; Owner: tipnet
--

SELECT pg_catalog.setval('public.case_interview_app_investigationstatus_id_seq', 4, true);


--
-- Name: case_interview_app_language_id_seq; Type: SEQUENCE SET; Schema: public; Owner: tipnet
--

SELECT pg_catalog.setval('public.case_interview_app_language_id_seq', 6, true);


--
-- Name: case_interview_app_livingwith_id_seq; Type: SEQUENCE SET; Schema: public; Owner: tipnet
--

SELECT pg_catalog.setval('public.case_interview_app_livingwith_id_seq', 10, true);


--
-- Name: case_interview_app_marriageviolencetype_id_seq; Type: SEQUENCE SET; Schema: public; Owner: tipnet
--

SELECT pg_catalog.setval('public.case_interview_app_marriageviolencetype_id_seq', 6, true);


--
-- Name: case_interview_app_militaryactivity_id_seq; Type: SEQUENCE SET; Schema: public; Owner: tipnet
--

SELECT pg_catalog.setval('public.case_interview_app_militaryactivity_id_seq', 4, true);


--
-- Name: case_interview_app_militarytype_id_seq; Type: SEQUENCE SET; Schema: public; Owner: tipnet
--

SELECT pg_catalog.setval('public.case_interview_app_militarytype_id_seq', 2, true);


--
-- Name: case_interview_app_occupation_id_seq; Type: SEQUENCE SET; Schema: public; Owner: tipnet
--

SELECT pg_catalog.setval('public.case_interview_app_occupation_id_seq', 19, true);


--
-- Name: case_interview_app_operationlocation_id_seq; Type: SEQUENCE SET; Schema: public; Owner: tipnet
--

SELECT pg_catalog.setval('public.case_interview_app_operationlocation_id_seq', 4, true);


--
-- Name: case_interview_app_organpaidto_id_seq; Type: SEQUENCE SET; Schema: public; Owner: tipnet
--

SELECT pg_catalog.setval('public.case_interview_app_organpaidto_id_seq', 6, true);


--
-- Name: case_interview_app_prosecution_id_seq; Type: SEQUENCE SET; Schema: public; Owner: tipnet
--

SELECT pg_catalog.setval('public.case_interview_app_prosecution_id_seq', 34, true);


--
-- Name: case_interview_app_prosecutionoutcome_id_seq; Type: SEQUENCE SET; Schema: public; Owner: tipnet
--

SELECT pg_catalog.setval('public.case_interview_app_prosecutionoutcome_id_seq', 5, true);


--
-- Name: case_interview_app_provider_id_seq; Type: SEQUENCE SET; Schema: public; Owner: tipnet
--

SELECT pg_catalog.setval('public.case_interview_app_provider_id_seq', 3, true);


--
-- Name: case_interview_app_race_id_seq; Type: SEQUENCE SET; Schema: public; Owner: tipnet
--

SELECT pg_catalog.setval('public.case_interview_app_race_id_seq', 5, true);


--
-- Name: case_interview_app_recruiterrelationship_id_seq; Type: SEQUENCE SET; Schema: public; Owner: tipnet
--

SELECT pg_catalog.setval('public.case_interview_app_recruiterrelationship_id_seq', 12, true);


--
-- Name: case_interview_app_recruitmenttype_id_seq; Type: SEQUENCE SET; Schema: public; Owner: tipnet
--

SELECT pg_catalog.setval('public.case_interview_app_recruitmenttype_id_seq', 10, true);


--
-- Name: case_interview_app_roleintrafficking_id_seq; Type: SEQUENCE SET; Schema: public; Owner: tipnet
--

SELECT pg_catalog.setval('public.case_interview_app_roleintrafficking_id_seq', 7, true);


--
-- Name: case_interview_app_sanctionpenalty_id_seq; Type: SEQUENCE SET; Schema: public; Owner: tipnet
--

SELECT pg_catalog.setval('public.case_interview_app_sanctionpenalty_id_seq', 5, true);


--
-- Name: case_interview_app_search_id_seq; Type: SEQUENCE SET; Schema: public; Owner: tipnet
--

SELECT pg_catalog.setval('public.case_interview_app_search_id_seq', 6, true);


--
-- Name: case_interview_app_socioeconomic_id_seq; Type: SEQUENCE SET; Schema: public; Owner: tipnet
--

SELECT pg_catalog.setval('public.case_interview_app_socioeconomic_id_seq', 18, true);


--
-- Name: case_interview_app_socioeconomic_last_occupation_id_seq; Type: SEQUENCE SET; Schema: public; Owner: tipnet
--

SELECT pg_catalog.setval('public.case_interview_app_socioeconomic_last_occupation_id_seq', 23, true);


--
-- Name: case_interview_app_somarrestinvestigation_how_trafficker_id_seq; Type: SEQUENCE SET; Schema: public; Owner: tipnet
--

SELECT pg_catalog.setval('public.case_interview_app_somarrestinvestigation_how_trafficker_id_seq', 2, true);


--
-- Name: case_interview_app_somarrestinvestigation_id_seq; Type: SEQUENCE SET; Schema: public; Owner: tipnet
--

SELECT pg_catalog.setval('public.case_interview_app_somarrestinvestigation_id_seq', 6, true);


--
-- Name: case_interview_app_somassistance_education_assistance_pr_id_seq; Type: SEQUENCE SET; Schema: public; Owner: tipnet
--

SELECT pg_catalog.setval('public.case_interview_app_somassistance_education_assistance_pr_id_seq', 1, false);


--
-- Name: case_interview_app_somassistance_financial_assistance_pr_id_seq; Type: SEQUENCE SET; Schema: public; Owner: tipnet
--

SELECT pg_catalog.setval('public.case_interview_app_somassistance_financial_assistance_pr_id_seq', 1, false);


--
-- Name: case_interview_app_somassistance_halfway_house_providers_id_seq; Type: SEQUENCE SET; Schema: public; Owner: tipnet
--

SELECT pg_catalog.setval('public.case_interview_app_somassistance_halfway_house_providers_id_seq', 1, false);


--
-- Name: case_interview_app_somassistance_housing_allowance_provi_id_seq; Type: SEQUENCE SET; Schema: public; Owner: tipnet
--

SELECT pg_catalog.setval('public.case_interview_app_somassistance_housing_allowance_provi_id_seq', 1, false);


--
-- Name: case_interview_app_somassistance_id_seq; Type: SEQUENCE SET; Schema: public; Owner: tipnet
--

SELECT pg_catalog.setval('public.case_interview_app_somassistance_id_seq', 4, true);


--
-- Name: case_interview_app_somassistance_im_emmigration_assistan_id_seq; Type: SEQUENCE SET; Schema: public; Owner: tipnet
--

SELECT pg_catalog.setval('public.case_interview_app_somassistance_im_emmigration_assistan_id_seq', 1, false);


--
-- Name: case_interview_app_somassistance_legal_assistance_provid_id_seq; Type: SEQUENCE SET; Schema: public; Owner: tipnet
--

SELECT pg_catalog.setval('public.case_interview_app_somassistance_legal_assistance_provid_id_seq', 1, false);


--
-- Name: case_interview_app_somassistance_med_rehab_provider_id_seq; Type: SEQUENCE SET; Schema: public; Owner: tipnet
--

SELECT pg_catalog.setval('public.case_interview_app_somassistance_med_rehab_provider_id_seq', 1, false);


--
-- Name: case_interview_app_somassistance_medical_assistance_prov_id_seq; Type: SEQUENCE SET; Schema: public; Owner: tipnet
--

SELECT pg_catalog.setval('public.case_interview_app_somassistance_medical_assistance_prov_id_seq', 1, false);


--
-- Name: case_interview_app_somassistance_micro_ent_income_provid_id_seq; Type: SEQUENCE SET; Schema: public; Owner: tipnet
--

SELECT pg_catalog.setval('public.case_interview_app_somassistance_micro_ent_income_provid_id_seq', 1, false);


--
-- Name: case_interview_app_somassistance_other_community_assista_id_seq; Type: SEQUENCE SET; Schema: public; Owner: tipnet
--

SELECT pg_catalog.setval('public.case_interview_app_somassistance_other_community_assista_id_seq', 1, false);


--
-- Name: case_interview_app_somassistance_shelter_provider_id_seq; Type: SEQUENCE SET; Schema: public; Owner: tipnet
--

SELECT pg_catalog.setval('public.case_interview_app_somassistance_shelter_provider_id_seq', 1, false);


--
-- Name: case_interview_app_somassistance_social_assistance_provi_id_seq; Type: SEQUENCE SET; Schema: public; Owner: tipnet
--

SELECT pg_catalog.setval('public.case_interview_app_somassistance_social_assistance_provi_id_seq', 4, true);


--
-- Name: case_interview_app_somassistance_vocational_training_pro_id_seq; Type: SEQUENCE SET; Schema: public; Owner: tipnet
--

SELECT pg_catalog.setval('public.case_interview_app_somassistance_vocational_training_pro_id_seq', 1, false);


--
-- Name: case_interview_app_somcase_id_seq; Type: SEQUENCE SET; Schema: public; Owner: tipnet
--

SELECT pg_catalog.setval('public.case_interview_app_somcase_id_seq', 5, true);


--
-- Name: case_interview_app_sommultivictimprofile_countries_of_or_id_seq; Type: SEQUENCE SET; Schema: public; Owner: tipnet
--

SELECT pg_catalog.setval('public.case_interview_app_sommultivictimprofile_countries_of_or_id_seq', 1, false);


--
-- Name: case_interview_app_sommultivictimprofile_id_seq; Type: SEQUENCE SET; Schema: public; Owner: tipnet
--

SELECT pg_catalog.setval('public.case_interview_app_sommultivictimprofile_id_seq', 1, false);


--
-- Name: case_interview_app_somprosecution_id_seq; Type: SEQUENCE SET; Schema: public; Owner: tipnet
--

SELECT pg_catalog.setval('public.case_interview_app_somprosecution_id_seq', 1, true);


--
-- Name: case_interview_app_somsocioeconomic_id_seq; Type: SEQUENCE SET; Schema: public; Owner: tipnet
--

SELECT pg_catalog.setval('public.case_interview_app_somsocioeconomic_id_seq', 1, false);


--
-- Name: case_interview_app_somsocioeconomic_last_occupation_id_seq; Type: SEQUENCE SET; Schema: public; Owner: tipnet
--

SELECT pg_catalog.setval('public.case_interview_app_somsocioeconomic_last_occupation_id_seq', 1, false);


--
-- Name: case_interview_app_somsuspectedtrafficker_id_seq; Type: SEQUENCE SET; Schema: public; Owner: tipnet
--

SELECT pg_catalog.setval('public.case_interview_app_somsuspectedtrafficker_id_seq', 1, true);


--
-- Name: case_interview_app_somsuspectedtrafficker_languages_id_seq; Type: SEQUENCE SET; Schema: public; Owner: tipnet
--

SELECT pg_catalog.setval('public.case_interview_app_somsuspectedtrafficker_languages_id_seq', 2, true);


--
-- Name: case_interview_app_somsuspectedtrafficker_role_in_traffi_id_seq; Type: SEQUENCE SET; Schema: public; Owner: tipnet
--

SELECT pg_catalog.setval('public.case_interview_app_somsuspectedtrafficker_role_in_traffi_id_seq', 2, true);


--
-- Name: case_interview_app_somtransitroutedestination_countries__id_seq; Type: SEQUENCE SET; Schema: public; Owner: tipnet
--

SELECT pg_catalog.setval('public.case_interview_app_somtransitroutedestination_countries__id_seq', 5, true);


--
-- Name: case_interview_app_somtransitroutedestination_id_seq; Type: SEQUENCE SET; Schema: public; Owner: tipnet
--

SELECT pg_catalog.setval('public.case_interview_app_somtransitroutedestination_id_seq', 8, true);


--
-- Name: case_interview_app_somtransitroutedestination_transport__id_seq; Type: SEQUENCE SET; Schema: public; Owner: tipnet
--

SELECT pg_catalog.setval('public.case_interview_app_somtransitroutedestination_transport__id_seq', 12, true);


--
-- Name: case_interview_app_somvictimanswers_id_seq; Type: SEQUENCE SET; Schema: public; Owner: tipnet
--

SELECT pg_catalog.setval('public.case_interview_app_somvictimanswers_id_seq', 1, false);


--
-- Name: case_interview_app_somvictimprofile_id_seq; Type: SEQUENCE SET; Schema: public; Owner: tipnet
--

SELECT pg_catalog.setval('public.case_interview_app_somvictimprofile_id_seq', 4, true);


--
-- Name: case_interview_app_somvictimprofile_identification_type_id_seq; Type: SEQUENCE SET; Schema: public; Owner: tipnet
--

SELECT pg_catalog.setval('public.case_interview_app_somvictimprofile_identification_type_id_seq', 4, true);


--
-- Name: case_interview_app_somvictimprofile_languages_id_seq; Type: SEQUENCE SET; Schema: public; Owner: tipnet
--

SELECT pg_catalog.setval('public.case_interview_app_somvictimprofile_languages_id_seq', 4, true);


--
-- Name: case_interview_app_suspectedtrafficker_id_seq; Type: SEQUENCE SET; Schema: public; Owner: tipnet
--

SELECT pg_catalog.setval('public.case_interview_app_suspectedtrafficker_id_seq', 54, true);


--
-- Name: case_interview_app_suspectedtrafficker_languages_id_seq; Type: SEQUENCE SET; Schema: public; Owner: tipnet
--

SELECT pg_catalog.setval('public.case_interview_app_suspectedtrafficker_languages_id_seq', 55, true);


--
-- Name: case_interview_app_suspectedtrafficker_role_in_trafficki_id_seq; Type: SEQUENCE SET; Schema: public; Owner: tipnet
--

SELECT pg_catalog.setval('public.case_interview_app_suspectedtrafficker_role_in_trafficki_id_seq', 69, true);


--
-- Name: case_interview_app_tag_id_seq; Type: SEQUENCE SET; Schema: public; Owner: tipnet
--

SELECT pg_catalog.setval('public.case_interview_app_tag_id_seq', 3, true);


--
-- Name: case_interview_app_traffickerorg_id_seq; Type: SEQUENCE SET; Schema: public; Owner: tipnet
--

SELECT pg_catalog.setval('public.case_interview_app_traffickerorg_id_seq', 7, true);


--
-- Name: case_interview_app_traffickingmean_id_seq; Type: SEQUENCE SET; Schema: public; Owner: tipnet
--

SELECT pg_catalog.setval('public.case_interview_app_traffickingmean_id_seq', 13, true);


--
-- Name: case_interview_app_transitroutedestination_id_seq; Type: SEQUENCE SET; Schema: public; Owner: tipnet
--

SELECT pg_catalog.setval('public.case_interview_app_transitroutedestination_id_seq', 133, true);


--
-- Name: case_interview_app_transitroutedestination_transport_mea_id_seq; Type: SEQUENCE SET; Schema: public; Owner: tipnet
--

SELECT pg_catalog.setval('public.case_interview_app_transitroutedestination_transport_mea_id_seq', 118, true);


--
-- Name: case_interview_app_transportmean_id_seq; Type: SEQUENCE SET; Schema: public; Owner: tipnet
--

SELECT pg_catalog.setval('public.case_interview_app_transportmean_id_seq', 20, true);


--
-- Name: case_interview_app_trialcourt_id_seq; Type: SEQUENCE SET; Schema: public; Owner: tipnet
--

SELECT pg_catalog.setval('public.case_interview_app_trialcourt_id_seq', 5, true);


--
-- Name: case_interview_app_verdict_id_seq; Type: SEQUENCE SET; Schema: public; Owner: tipnet
--

SELECT pg_catalog.setval('public.case_interview_app_verdict_id_seq', 3, true);


--
-- Name: case_interview_app_victimpermissions_id_seq; Type: SEQUENCE SET; Schema: public; Owner: tipnet
--

SELECT pg_catalog.setval('public.case_interview_app_victimpermissions_id_seq', 1, false);


--
-- Name: case_interview_app_victimpermissions_permissions_granted_id_seq; Type: SEQUENCE SET; Schema: public; Owner: tipnet
--

SELECT pg_catalog.setval('public.case_interview_app_victimpermissions_permissions_granted_id_seq', 1, false);


--
-- Name: case_interview_app_victimpermissions_permissions_request_id_seq; Type: SEQUENCE SET; Schema: public; Owner: tipnet
--

SELECT pg_catalog.setval('public.case_interview_app_victimpermissions_permissions_request_id_seq', 1, false);


--
-- Name: case_interview_app_victimprofile_id_seq; Type: SEQUENCE SET; Schema: public; Owner: tipnet
--

SELECT pg_catalog.setval('public.case_interview_app_victimprofile_id_seq', 185, true);


--
-- Name: case_interview_app_victimprofile_identification_type_id_seq; Type: SEQUENCE SET; Schema: public; Owner: tipnet
--

SELECT pg_catalog.setval('public.case_interview_app_victimprofile_identification_type_id_seq', 172, true);


--
-- Name: case_interview_app_victimprofile_languages_id_seq; Type: SEQUENCE SET; Schema: public; Owner: tipnet
--

SELECT pg_catalog.setval('public.case_interview_app_victimprofile_languages_id_seq', 202, true);


--
-- Name: case_interview_app_victimquestions_id_seq; Type: SEQUENCE SET; Schema: public; Owner: tipnet
--

SELECT pg_catalog.setval('public.case_interview_app_victimquestions_id_seq', 1, false);


--
-- Name: django_admin_log_id_seq; Type: SEQUENCE SET; Schema: public; Owner: tipnet
--

SELECT pg_catalog.setval('public.django_admin_log_id_seq', 965, true);


--
-- Name: django_content_type_id_seq; Type: SEQUENCE SET; Schema: public; Owner: tipnet
--

SELECT pg_catalog.setval('public.django_content_type_id_seq', 82, true);


--
-- Name: django_migrations_id_seq; Type: SEQUENCE SET; Schema: public; Owner: tipnet
--

SELECT pg_catalog.setval('public.django_migrations_id_seq', 103, true);


--
-- Name: otp_email_emaildevice_id_seq; Type: SEQUENCE SET; Schema: public; Owner: tipnet
--

SELECT pg_catalog.setval('public.otp_email_emaildevice_id_seq', 87, true);


--
-- Name: otp_static_staticdevice_id_seq; Type: SEQUENCE SET; Schema: public; Owner: tipnet
--

SELECT pg_catalog.setval('public.otp_static_staticdevice_id_seq', 1, false);


--
-- Name: otp_static_statictoken_id_seq; Type: SEQUENCE SET; Schema: public; Owner: tipnet
--

SELECT pg_catalog.setval('public.otp_static_statictoken_id_seq', 1, false);


--
-- Name: otp_totp_totpdevice_id_seq; Type: SEQUENCE SET; Schema: public; Owner: tipnet
--

SELECT pg_catalog.setval('public.otp_totp_totpdevice_id_seq', 1, false);


--
-- Name: auditlog_logentry auditlog_logentry_pkey; Type: CONSTRAINT; Schema: public; Owner: tipnet
--

ALTER TABLE ONLY public.auditlog_logentry
    ADD CONSTRAINT auditlog_logentry_pkey PRIMARY KEY (id);


--
-- Name: auth_group auth_group_name_key; Type: CONSTRAINT; Schema: public; Owner: tipnet
--

ALTER TABLE ONLY public.auth_group
    ADD CONSTRAINT auth_group_name_key UNIQUE (name);


--
-- Name: auth_group_permissions auth_group_permissions_group_id_permission_id_0cd325b0_uniq; Type: CONSTRAINT; Schema: public; Owner: tipnet
--

ALTER TABLE ONLY public.auth_group_permissions
    ADD CONSTRAINT auth_group_permissions_group_id_permission_id_0cd325b0_uniq UNIQUE (group_id, permission_id);


--
-- Name: auth_group_permissions auth_group_permissions_pkey; Type: CONSTRAINT; Schema: public; Owner: tipnet
--

ALTER TABLE ONLY public.auth_group_permissions
    ADD CONSTRAINT auth_group_permissions_pkey PRIMARY KEY (id);


--
-- Name: auth_group auth_group_pkey; Type: CONSTRAINT; Schema: public; Owner: tipnet
--

ALTER TABLE ONLY public.auth_group
    ADD CONSTRAINT auth_group_pkey PRIMARY KEY (id);


--
-- Name: auth_permission auth_permission_content_type_id_codename_01ab375a_uniq; Type: CONSTRAINT; Schema: public; Owner: tipnet
--

ALTER TABLE ONLY public.auth_permission
    ADD CONSTRAINT auth_permission_content_type_id_codename_01ab375a_uniq UNIQUE (content_type_id, codename);


--
-- Name: auth_permission auth_permission_pkey; Type: CONSTRAINT; Schema: public; Owner: tipnet
--

ALTER TABLE ONLY public.auth_permission
    ADD CONSTRAINT auth_permission_pkey PRIMARY KEY (id);


--
-- Name: auth_user_groups auth_user_groups_pkey; Type: CONSTRAINT; Schema: public; Owner: tipnet
--

ALTER TABLE ONLY public.auth_user_groups
    ADD CONSTRAINT auth_user_groups_pkey PRIMARY KEY (id);


--
-- Name: auth_user_groups auth_user_groups_user_id_group_id_94350c0c_uniq; Type: CONSTRAINT; Schema: public; Owner: tipnet
--

ALTER TABLE ONLY public.auth_user_groups
    ADD CONSTRAINT auth_user_groups_user_id_group_id_94350c0c_uniq UNIQUE (user_id, group_id);


--
-- Name: auth_user auth_user_pkey; Type: CONSTRAINT; Schema: public; Owner: tipnet
--

ALTER TABLE ONLY public.auth_user
    ADD CONSTRAINT auth_user_pkey PRIMARY KEY (id);


--
-- Name: auth_user_user_permissions auth_user_user_permissions_pkey; Type: CONSTRAINT; Schema: public; Owner: tipnet
--

ALTER TABLE ONLY public.auth_user_user_permissions
    ADD CONSTRAINT auth_user_user_permissions_pkey PRIMARY KEY (id);


--
-- Name: auth_user_user_permissions auth_user_user_permissions_user_id_permission_id_14a6b632_uniq; Type: CONSTRAINT; Schema: public; Owner: tipnet
--

ALTER TABLE ONLY public.auth_user_user_permissions
    ADD CONSTRAINT auth_user_user_permissions_user_id_permission_id_14a6b632_uniq UNIQUE (user_id, permission_id);


--
-- Name: auth_user auth_user_username_key; Type: CONSTRAINT; Schema: public; Owner: tipnet
--

ALTER TABLE ONLY public.auth_user
    ADD CONSTRAINT auth_user_username_key UNIQUE (username);


--
-- Name: case_interview_app_accesspermission case_interview_app_accesspermission_pkey; Type: CONSTRAINT; Schema: public; Owner: tipnet
--

ALTER TABLE ONLY public.case_interview_app_accesspermission
    ADD CONSTRAINT case_interview_app_accesspermission_pkey PRIMARY KEY (id);


--
-- Name: case_interview_app_affirmoption case_interview_app_affirmoption_pkey; Type: CONSTRAINT; Schema: public; Owner: tipnet
--

ALTER TABLE ONLY public.case_interview_app_affirmoption
    ADD CONSTRAINT case_interview_app_affirmoption_pkey PRIMARY KEY (id);


--
-- Name: case_interview_app_approvalstatus case_interview_app_approvalstatus_pkey; Type: CONSTRAINT; Schema: public; Owner: tipnet
--

ALTER TABLE ONLY public.case_interview_app_approvalstatus
    ADD CONSTRAINT case_interview_app_approvalstatus_pkey PRIMARY KEY (id);


--
-- Name: case_interview_app_aquitalreason case_interview_app_aquitalreason_pkey; Type: CONSTRAINT; Schema: public; Owner: tipnet
--

ALTER TABLE ONLY public.case_interview_app_aquitalreason
    ADD CONSTRAINT case_interview_app_aquitalreason_pkey PRIMARY KEY (id);


--
-- Name: case_interview_app_arrestinvestigation_how_traffickers_org case_interview_app_arres_arrestinvestigation_id_t_7d3fbe6e_uniq; Type: CONSTRAINT; Schema: public; Owner: tipnet
--

ALTER TABLE ONLY public.case_interview_app_arrestinvestigation_how_traffickers_org
    ADD CONSTRAINT case_interview_app_arres_arrestinvestigation_id_t_7d3fbe6e_uniq UNIQUE (arrestinvestigation_id, traffickerorg_id);


--
-- Name: case_interview_app_arrestinvestigation_how_traffickers_org case_interview_app_arrestinvestigation_how_traffickers_org_pkey; Type: CONSTRAINT; Schema: public; Owner: tipnet
--

ALTER TABLE ONLY public.case_interview_app_arrestinvestigation_how_traffickers_org
    ADD CONSTRAINT case_interview_app_arrestinvestigation_how_traffickers_org_pkey PRIMARY KEY (id);


--
-- Name: case_interview_app_arrestinvestigation case_interview_app_arrestinvestigation_pkey; Type: CONSTRAINT; Schema: public; Owner: tipnet
--

ALTER TABLE ONLY public.case_interview_app_arrestinvestigation
    ADD CONSTRAINT case_interview_app_arrestinvestigation_pkey PRIMARY KEY (id);


--
-- Name: case_interview_app_assistance_vocational_training_provider case_interview_app_assis_assistance_id_provider_i_04a92b2b_uniq; Type: CONSTRAINT; Schema: public; Owner: tipnet
--

ALTER TABLE ONLY public.case_interview_app_assistance_vocational_training_provider
    ADD CONSTRAINT case_interview_app_assis_assistance_id_provider_i_04a92b2b_uniq UNIQUE (assistance_id, provider_id);


--
-- Name: case_interview_app_assistance_med_rehab_provider case_interview_app_assis_assistance_id_provider_i_0dc75cea_uniq; Type: CONSTRAINT; Schema: public; Owner: tipnet
--

ALTER TABLE ONLY public.case_interview_app_assistance_med_rehab_provider
    ADD CONSTRAINT case_interview_app_assis_assistance_id_provider_i_0dc75cea_uniq UNIQUE (assistance_id, provider_id);


--
-- Name: case_interview_app_assistance_social_assistance_provider case_interview_app_assis_assistance_id_provider_i_0fb9d37a_uniq; Type: CONSTRAINT; Schema: public; Owner: tipnet
--

ALTER TABLE ONLY public.case_interview_app_assistance_social_assistance_provider
    ADD CONSTRAINT case_interview_app_assis_assistance_id_provider_i_0fb9d37a_uniq UNIQUE (assistance_id, provider_id);


--
-- Name: case_interview_app_assistance_shelter_provider case_interview_app_assis_assistance_id_provider_i_2231d0df_uniq; Type: CONSTRAINT; Schema: public; Owner: tipnet
--

ALTER TABLE ONLY public.case_interview_app_assistance_shelter_provider
    ADD CONSTRAINT case_interview_app_assis_assistance_id_provider_i_2231d0df_uniq UNIQUE (assistance_id, provider_id);


--
-- Name: case_interview_app_assistance_im_emmigration_assistance_pro0797 case_interview_app_assis_assistance_id_provider_i_2536a944_uniq; Type: CONSTRAINT; Schema: public; Owner: tipnet
--

ALTER TABLE ONLY public.case_interview_app_assistance_im_emmigration_assistance_pro0797
    ADD CONSTRAINT case_interview_app_assis_assistance_id_provider_i_2536a944_uniq UNIQUE (assistance_id, provider_id);


--
-- Name: case_interview_app_assistance_halfway_house_providers case_interview_app_assis_assistance_id_provider_i_7ba1b657_uniq; Type: CONSTRAINT; Schema: public; Owner: tipnet
--

ALTER TABLE ONLY public.case_interview_app_assistance_halfway_house_providers
    ADD CONSTRAINT case_interview_app_assis_assistance_id_provider_i_7ba1b657_uniq UNIQUE (assistance_id, provider_id);


--
-- Name: case_interview_app_assistance_education_assistance_provider case_interview_app_assis_assistance_id_provider_i_ac0326cb_uniq; Type: CONSTRAINT; Schema: public; Owner: tipnet
--

ALTER TABLE ONLY public.case_interview_app_assistance_education_assistance_provider
    ADD CONSTRAINT case_interview_app_assis_assistance_id_provider_i_ac0326cb_uniq UNIQUE (assistance_id, provider_id);


--
-- Name: case_interview_app_assistance_micro_ent_income_provider case_interview_app_assis_assistance_id_provider_i_c68d0cd9_uniq; Type: CONSTRAINT; Schema: public; Owner: tipnet
--

ALTER TABLE ONLY public.case_interview_app_assistance_micro_ent_income_provider
    ADD CONSTRAINT case_interview_app_assis_assistance_id_provider_i_c68d0cd9_uniq UNIQUE (assistance_id, provider_id);


--
-- Name: case_interview_app_assistance_medical_assistance_provider case_interview_app_assis_assistance_id_provider_i_d04ae639_uniq; Type: CONSTRAINT; Schema: public; Owner: tipnet
--

ALTER TABLE ONLY public.case_interview_app_assistance_medical_assistance_provider
    ADD CONSTRAINT case_interview_app_assis_assistance_id_provider_i_d04ae639_uniq UNIQUE (assistance_id, provider_id);


--
-- Name: case_interview_app_assistance_financial_assistance_provider case_interview_app_assis_assistance_id_provider_i_f6d98ab6_uniq; Type: CONSTRAINT; Schema: public; Owner: tipnet
--

ALTER TABLE ONLY public.case_interview_app_assistance_financial_assistance_provider
    ADD CONSTRAINT case_interview_app_assis_assistance_id_provider_i_f6d98ab6_uniq UNIQUE (assistance_id, provider_id);


--
-- Name: case_interview_app_assistance_other_community_assistance_pr1378 case_interview_app_assis_assistance_id_provider_i_f717ede9_uniq; Type: CONSTRAINT; Schema: public; Owner: tipnet
--

ALTER TABLE ONLY public.case_interview_app_assistance_other_community_assistance_pr1378
    ADD CONSTRAINT case_interview_app_assis_assistance_id_provider_i_f717ede9_uniq UNIQUE (assistance_id, provider_id);


--
-- Name: case_interview_app_assistance_legal_assistance_provider case_interview_app_assis_assistance_id_provider_i_f82567a9_uniq; Type: CONSTRAINT; Schema: public; Owner: tipnet
--

ALTER TABLE ONLY public.case_interview_app_assistance_legal_assistance_provider
    ADD CONSTRAINT case_interview_app_assis_assistance_id_provider_i_f82567a9_uniq UNIQUE (assistance_id, provider_id);


--
-- Name: case_interview_app_assistance_housing_allowance_provider case_interview_app_assis_assistance_id_provider_i_f8da203c_uniq; Type: CONSTRAINT; Schema: public; Owner: tipnet
--

ALTER TABLE ONLY public.case_interview_app_assistance_housing_allowance_provider
    ADD CONSTRAINT case_interview_app_assis_assistance_id_provider_i_f8da203c_uniq UNIQUE (assistance_id, provider_id);


--
-- Name: case_interview_app_assistance_education_assistance_provider case_interview_app_assistance_education_assistance_provide_pkey; Type: CONSTRAINT; Schema: public; Owner: tipnet
--

ALTER TABLE ONLY public.case_interview_app_assistance_education_assistance_provider
    ADD CONSTRAINT case_interview_app_assistance_education_assistance_provide_pkey PRIMARY KEY (id);


--
-- Name: case_interview_app_assistance_financial_assistance_provider case_interview_app_assistance_financial_assistance_provide_pkey; Type: CONSTRAINT; Schema: public; Owner: tipnet
--

ALTER TABLE ONLY public.case_interview_app_assistance_financial_assistance_provider
    ADD CONSTRAINT case_interview_app_assistance_financial_assistance_provide_pkey PRIMARY KEY (id);


--
-- Name: case_interview_app_assistance_halfway_house_providers case_interview_app_assistance_halfway_house_providers_pkey; Type: CONSTRAINT; Schema: public; Owner: tipnet
--

ALTER TABLE ONLY public.case_interview_app_assistance_halfway_house_providers
    ADD CONSTRAINT case_interview_app_assistance_halfway_house_providers_pkey PRIMARY KEY (id);


--
-- Name: case_interview_app_assistance_housing_allowance_provider case_interview_app_assistance_housing_allowance_provider_pkey; Type: CONSTRAINT; Schema: public; Owner: tipnet
--

ALTER TABLE ONLY public.case_interview_app_assistance_housing_allowance_provider
    ADD CONSTRAINT case_interview_app_assistance_housing_allowance_provider_pkey PRIMARY KEY (id);


--
-- Name: case_interview_app_assistance_im_emmigration_assistance_pro0797 case_interview_app_assistance_im_emmigration_assistance_pr_pkey; Type: CONSTRAINT; Schema: public; Owner: tipnet
--

ALTER TABLE ONLY public.case_interview_app_assistance_im_emmigration_assistance_pro0797
    ADD CONSTRAINT case_interview_app_assistance_im_emmigration_assistance_pr_pkey PRIMARY KEY (id);


--
-- Name: case_interview_app_assistance_legal_assistance_provider case_interview_app_assistance_legal_assistance_provider_pkey; Type: CONSTRAINT; Schema: public; Owner: tipnet
--

ALTER TABLE ONLY public.case_interview_app_assistance_legal_assistance_provider
    ADD CONSTRAINT case_interview_app_assistance_legal_assistance_provider_pkey PRIMARY KEY (id);


--
-- Name: case_interview_app_assistance_med_rehab_provider case_interview_app_assistance_med_rehab_provider_pkey; Type: CONSTRAINT; Schema: public; Owner: tipnet
--

ALTER TABLE ONLY public.case_interview_app_assistance_med_rehab_provider
    ADD CONSTRAINT case_interview_app_assistance_med_rehab_provider_pkey PRIMARY KEY (id);


--
-- Name: case_interview_app_assistance_medical_assistance_provider case_interview_app_assistance_medical_assistance_provider_pkey; Type: CONSTRAINT; Schema: public; Owner: tipnet
--

ALTER TABLE ONLY public.case_interview_app_assistance_medical_assistance_provider
    ADD CONSTRAINT case_interview_app_assistance_medical_assistance_provider_pkey PRIMARY KEY (id);


--
-- Name: case_interview_app_assistance_micro_ent_income_provider case_interview_app_assistance_micro_ent_income_provider_pkey; Type: CONSTRAINT; Schema: public; Owner: tipnet
--

ALTER TABLE ONLY public.case_interview_app_assistance_micro_ent_income_provider
    ADD CONSTRAINT case_interview_app_assistance_micro_ent_income_provider_pkey PRIMARY KEY (id);


--
-- Name: case_interview_app_assistance_other_community_assistance_pr1378 case_interview_app_assistance_other_community_assistance_p_pkey; Type: CONSTRAINT; Schema: public; Owner: tipnet
--

ALTER TABLE ONLY public.case_interview_app_assistance_other_community_assistance_pr1378
    ADD CONSTRAINT case_interview_app_assistance_other_community_assistance_p_pkey PRIMARY KEY (id);


--
-- Name: case_interview_app_assistance case_interview_app_assistance_pkey; Type: CONSTRAINT; Schema: public; Owner: tipnet
--

ALTER TABLE ONLY public.case_interview_app_assistance
    ADD CONSTRAINT case_interview_app_assistance_pkey PRIMARY KEY (id);


--
-- Name: case_interview_app_assistance_shelter_provider case_interview_app_assistance_shelter_provider_pkey; Type: CONSTRAINT; Schema: public; Owner: tipnet
--

ALTER TABLE ONLY public.case_interview_app_assistance_shelter_provider
    ADD CONSTRAINT case_interview_app_assistance_shelter_provider_pkey PRIMARY KEY (id);


--
-- Name: case_interview_app_assistance_social_assistance_provider case_interview_app_assistance_social_assistance_provider_pkey; Type: CONSTRAINT; Schema: public; Owner: tipnet
--

ALTER TABLE ONLY public.case_interview_app_assistance_social_assistance_provider
    ADD CONSTRAINT case_interview_app_assistance_social_assistance_provider_pkey PRIMARY KEY (id);


--
-- Name: case_interview_app_assistance_vocational_training_provider case_interview_app_assistance_vocational_training_provider_pkey; Type: CONSTRAINT; Schema: public; Owner: tipnet
--

ALTER TABLE ONLY public.case_interview_app_assistance_vocational_training_provider
    ADD CONSTRAINT case_interview_app_assistance_vocational_training_provider_pkey PRIMARY KEY (id);


--
-- Name: case_interview_app_assistanceaggregatedata case_interview_app_assistanceaggregatedata_pkey; Type: CONSTRAINT; Schema: public; Owner: tipnet
--

ALTER TABLE ONLY public.case_interview_app_assistanceaggregatedata
    ADD CONSTRAINT case_interview_app_assistanceaggregatedata_pkey PRIMARY KEY (id);


--
-- Name: case_interview_app_bodypart case_interview_app_bodypart_pkey; Type: CONSTRAINT; Schema: public; Owner: tipnet
--

ALTER TABLE ONLY public.case_interview_app_bodypart
    ADD CONSTRAINT case_interview_app_bodypart_pkey PRIMARY KEY (id);


--
-- Name: case_interview_app_brideprice case_interview_app_brideprice_pkey; Type: CONSTRAINT; Schema: public; Owner: tipnet
--

ALTER TABLE ONLY public.case_interview_app_brideprice
    ADD CONSTRAINT case_interview_app_brideprice_pkey PRIMARY KEY (id);


--
-- Name: case_interview_app_bridepricerecipient case_interview_app_bridepricerecipient_pkey; Type: CONSTRAINT; Schema: public; Owner: tipnet
--

ALTER TABLE ONLY public.case_interview_app_bridepricerecipient
    ADD CONSTRAINT case_interview_app_bridepricerecipient_pkey PRIMARY KEY (id);


--
-- Name: case_interview_app_casestatus case_interview_app_casestatus_pkey; Type: CONSTRAINT; Schema: public; Owner: tipnet
--

ALTER TABLE ONLY public.case_interview_app_casestatus
    ADD CONSTRAINT case_interview_app_casestatus_pkey PRIMARY KEY (id);


--
-- Name: case_interview_app_childmarriagereason case_interview_app_childmarriagereason_pkey; Type: CONSTRAINT; Schema: public; Owner: tipnet
--

ALTER TABLE ONLY public.case_interview_app_childmarriagereason
    ADD CONSTRAINT case_interview_app_childmarriagereason_pkey PRIMARY KEY (id);


--
-- Name: case_interview_app_communityassistancetype case_interview_app_communityassistancetype_pkey; Type: CONSTRAINT; Schema: public; Owner: tipnet
--

ALTER TABLE ONLY public.case_interview_app_communityassistancetype
    ADD CONSTRAINT case_interview_app_communityassistancetype_pkey PRIMARY KEY (id);


--
-- Name: case_interview_app_country case_interview_app_country_pkey; Type: CONSTRAINT; Schema: public; Owner: tipnet
--

ALTER TABLE ONLY public.case_interview_app_country
    ADD CONSTRAINT case_interview_app_country_pkey PRIMARY KEY (id);


--
-- Name: case_interview_app_criminalactivitytype case_interview_app_criminalactivitytype_pkey; Type: CONSTRAINT; Schema: public; Owner: tipnet
--

ALTER TABLE ONLY public.case_interview_app_criminalactivitytype
    ADD CONSTRAINT case_interview_app_criminalactivitytype_pkey PRIMARY KEY (id);


--
-- Name: case_interview_app_dataentrypurpose case_interview_app_dataentrypurpose_pkey; Type: CONSTRAINT; Schema: public; Owner: tipnet
--

ALTER TABLE ONLY public.case_interview_app_dataentrypurpose
    ADD CONSTRAINT case_interview_app_dataentrypurpose_pkey PRIMARY KEY (id);


--
-- Name: case_interview_app_datasupplier case_interview_app_datasupplier_pkey; Type: CONSTRAINT; Schema: public; Owner: tipnet
--

ALTER TABLE ONLY public.case_interview_app_datasupplier
    ADD CONSTRAINT case_interview_app_datasupplier_pkey PRIMARY KEY (id);


--
-- Name: case_interview_app_educationlevel case_interview_app_educationlevel_pkey; Type: CONSTRAINT; Schema: public; Owner: tipnet
--

ALTER TABLE ONLY public.case_interview_app_educationlevel
    ADD CONSTRAINT case_interview_app_educationlevel_pkey PRIMARY KEY (id);


--
-- Name: case_interview_app_exploitation_e_body_part_removed case_interview_app_explo_exploitation_id_bodypart_6727eecb_uniq; Type: CONSTRAINT; Schema: public; Owner: tipnet
--

ALTER TABLE ONLY public.case_interview_app_exploitation_e_body_part_removed
    ADD CONSTRAINT case_interview_app_explo_exploitation_id_bodypart_6727eecb_uniq UNIQUE (exploitation_id, bodypart_id);


--
-- Name: case_interview_app_exploitation_e_brice_recipient case_interview_app_explo_exploitation_id_bridepri_b9dd2653_uniq; Type: CONSTRAINT; Schema: public; Owner: tipnet
--

ALTER TABLE ONLY public.case_interview_app_exploitation_e_brice_recipient
    ADD CONSTRAINT case_interview_app_explo_exploitation_id_bridepri_b9dd2653_uniq UNIQUE (exploitation_id, bridepricerecipient_id);


--
-- Name: case_interview_app_exploitation_e_child_marriage_reason case_interview_app_explo_exploitation_id_childmar_a6fba1f2_uniq; Type: CONSTRAINT; Schema: public; Owner: tipnet
--

ALTER TABLE ONLY public.case_interview_app_exploitation_e_child_marriage_reason
    ADD CONSTRAINT case_interview_app_explo_exploitation_id_childmar_a6fba1f2_uniq UNIQUE (exploitation_id, childmarriagereason_id);


--
-- Name: case_interview_app_exploitation_e_criminal_activity_type case_interview_app_explo_exploitation_id_criminal_c102abe1_uniq; Type: CONSTRAINT; Schema: public; Owner: tipnet
--

ALTER TABLE ONLY public.case_interview_app_exploitation_e_criminal_activity_type
    ADD CONSTRAINT case_interview_app_explo_exploitation_id_criminal_c102abe1_uniq UNIQUE (exploitation_id, criminalactivitytype_id);


--
-- Name: case_interview_app_exploitation_e_forced_labour_industry case_interview_app_explo_exploitation_id_forcedla_d40532ca_uniq; Type: CONSTRAINT; Schema: public; Owner: tipnet
--

ALTER TABLE ONLY public.case_interview_app_exploitation_e_forced_labour_industry
    ADD CONSTRAINT case_interview_app_explo_exploitation_id_forcedla_d40532ca_uniq UNIQUE (exploitation_id, forcedlabourindustry_id);


--
-- Name: case_interview_app_exploitation_e_marriage_violence_type case_interview_app_explo_exploitation_id_marriage_bdd30e0d_uniq; Type: CONSTRAINT; Schema: public; Owner: tipnet
--

ALTER TABLE ONLY public.case_interview_app_exploitation_e_marriage_violence_type
    ADD CONSTRAINT case_interview_app_explo_exploitation_id_marriage_bdd30e0d_uniq UNIQUE (exploitation_id, marriageviolencetype_id);


--
-- Name: case_interview_app_exploitation_e_victim_military_activities case_interview_app_explo_exploitation_id_military_e74c2bf2_uniq; Type: CONSTRAINT; Schema: public; Owner: tipnet
--

ALTER TABLE ONLY public.case_interview_app_exploitation_e_victim_military_activities
    ADD CONSTRAINT case_interview_app_explo_exploitation_id_military_e74c2bf2_uniq UNIQUE (exploitation_id, militaryactivity_id);


--
-- Name: case_interview_app_exploitation_e_trafficking_means case_interview_app_explo_exploitation_id_traffick_1bda1dde_uniq; Type: CONSTRAINT; Schema: public; Owner: tipnet
--

ALTER TABLE ONLY public.case_interview_app_exploitation_e_trafficking_means
    ADD CONSTRAINT case_interview_app_explo_exploitation_id_traffick_1bda1dde_uniq UNIQUE (exploitation_id, traffickingmean_id);


--
-- Name: case_interview_app_exploitation_e_body_part_removed case_interview_app_exploitation_e_body_part_removed_pkey; Type: CONSTRAINT; Schema: public; Owner: tipnet
--

ALTER TABLE ONLY public.case_interview_app_exploitation_e_body_part_removed
    ADD CONSTRAINT case_interview_app_exploitation_e_body_part_removed_pkey PRIMARY KEY (id);


--
-- Name: case_interview_app_exploitation_e_brice_recipient case_interview_app_exploitation_e_brice_recipient_pkey; Type: CONSTRAINT; Schema: public; Owner: tipnet
--

ALTER TABLE ONLY public.case_interview_app_exploitation_e_brice_recipient
    ADD CONSTRAINT case_interview_app_exploitation_e_brice_recipient_pkey PRIMARY KEY (id);


--
-- Name: case_interview_app_exploitation_e_child_marriage_reason case_interview_app_exploitation_e_child_marriage_reason_pkey; Type: CONSTRAINT; Schema: public; Owner: tipnet
--

ALTER TABLE ONLY public.case_interview_app_exploitation_e_child_marriage_reason
    ADD CONSTRAINT case_interview_app_exploitation_e_child_marriage_reason_pkey PRIMARY KEY (id);


--
-- Name: case_interview_app_exploitation_e_criminal_activity_type case_interview_app_exploitation_e_criminal_activity_type_pkey; Type: CONSTRAINT; Schema: public; Owner: tipnet
--

ALTER TABLE ONLY public.case_interview_app_exploitation_e_criminal_activity_type
    ADD CONSTRAINT case_interview_app_exploitation_e_criminal_activity_type_pkey PRIMARY KEY (id);


--
-- Name: case_interview_app_exploitation_e_forced_labour_industry case_interview_app_exploitation_e_forced_labour_industry_pkey; Type: CONSTRAINT; Schema: public; Owner: tipnet
--

ALTER TABLE ONLY public.case_interview_app_exploitation_e_forced_labour_industry
    ADD CONSTRAINT case_interview_app_exploitation_e_forced_labour_industry_pkey PRIMARY KEY (id);


--
-- Name: case_interview_app_exploitation_e_marriage_violence_type case_interview_app_exploitation_e_marriage_violence_type_pkey; Type: CONSTRAINT; Schema: public; Owner: tipnet
--

ALTER TABLE ONLY public.case_interview_app_exploitation_e_marriage_violence_type
    ADD CONSTRAINT case_interview_app_exploitation_e_marriage_violence_type_pkey PRIMARY KEY (id);


--
-- Name: case_interview_app_exploitation_e_trafficking_means case_interview_app_exploitation_e_trafficking_means_pkey; Type: CONSTRAINT; Schema: public; Owner: tipnet
--

ALTER TABLE ONLY public.case_interview_app_exploitation_e_trafficking_means
    ADD CONSTRAINT case_interview_app_exploitation_e_trafficking_means_pkey PRIMARY KEY (id);


--
-- Name: case_interview_app_exploitation_e_victim_military_activities case_interview_app_exploitation_e_victim_military_activiti_pkey; Type: CONSTRAINT; Schema: public; Owner: tipnet
--

ALTER TABLE ONLY public.case_interview_app_exploitation_e_victim_military_activities
    ADD CONSTRAINT case_interview_app_exploitation_e_victim_military_activiti_pkey PRIMARY KEY (id);


--
-- Name: case_interview_app_exploitation case_interview_app_exploitation_pkey; Type: CONSTRAINT; Schema: public; Owner: tipnet
--

ALTER TABLE ONLY public.case_interview_app_exploitation
    ADD CONSTRAINT case_interview_app_exploitation_pkey PRIMARY KEY (id);


--
-- Name: case_interview_app_exploitationage case_interview_app_exploitationage_pkey; Type: CONSTRAINT; Schema: public; Owner: tipnet
--

ALTER TABLE ONLY public.case_interview_app_exploitationage
    ADD CONSTRAINT case_interview_app_exploitationage_pkey PRIMARY KEY (id);


--
-- Name: case_interview_app_familystructure case_interview_app_familystructure_pkey; Type: CONSTRAINT; Schema: public; Owner: tipnet
--

ALTER TABLE ONLY public.case_interview_app_familystructure
    ADD CONSTRAINT case_interview_app_familystructure_pkey PRIMARY KEY (id);


--
-- Name: case_interview_app_faq case_interview_app_faq_pkey; Type: CONSTRAINT; Schema: public; Owner: tipnet
--

ALTER TABLE ONLY public.case_interview_app_faq
    ADD CONSTRAINT case_interview_app_faq_pkey PRIMARY KEY (id);


--
-- Name: case_interview_app_forcedlabourindustry case_interview_app_forcedlabourindustry_pkey; Type: CONSTRAINT; Schema: public; Owner: tipnet
--

ALTER TABLE ONLY public.case_interview_app_forcedlabourindustry
    ADD CONSTRAINT case_interview_app_forcedlabourindustry_pkey PRIMARY KEY (id);


--
-- Name: case_interview_app_freedmethod case_interview_app_freedmethod_pkey; Type: CONSTRAINT; Schema: public; Owner: tipnet
--

ALTER TABLE ONLY public.case_interview_app_freedmethod
    ADD CONSTRAINT case_interview_app_freedmethod_pkey PRIMARY KEY (id);


--
-- Name: case_interview_app_gender case_interview_app_gender_pkey; Type: CONSTRAINT; Schema: public; Owner: tipnet
--

ALTER TABLE ONLY public.case_interview_app_gender
    ADD CONSTRAINT case_interview_app_gender_pkey PRIMARY KEY (id);


--
-- Name: case_interview_app_guiltyreason case_interview_app_guiltyreason_pkey; Type: CONSTRAINT; Schema: public; Owner: tipnet
--

ALTER TABLE ONLY public.case_interview_app_guiltyreason
    ADD CONSTRAINT case_interview_app_guiltyreason_pkey PRIMARY KEY (id);


--
-- Name: case_interview_app_idtype case_interview_app_idtype_pkey; Type: CONSTRAINT; Schema: public; Owner: tipnet
--

ALTER TABLE ONLY public.case_interview_app_idtype
    ADD CONSTRAINT case_interview_app_idtype_pkey PRIMARY KEY (id);


--
-- Name: case_interview_app_imemmigrationstatus case_interview_app_imemmigrationstatus_pkey; Type: CONSTRAINT; Schema: public; Owner: tipnet
--

ALTER TABLE ONLY public.case_interview_app_imemmigrationstatus
    ADD CONSTRAINT case_interview_app_imemmigrationstatus_pkey PRIMARY KEY (id);


--
-- Name: case_interview_app_incomeprojecttype case_interview_app_incomeprojecttype_pkey; Type: CONSTRAINT; Schema: public; Owner: tipnet
--

ALTER TABLE ONLY public.case_interview_app_incomeprojecttype
    ADD CONSTRAINT case_interview_app_incomeprojecttype_pkey PRIMARY KEY (id);


--
-- Name: case_interview_app_interviewer_som_cases case_interview_app_inter_interviewer_id_somcase_i_580edcc5_uniq; Type: CONSTRAINT; Schema: public; Owner: tipnet
--

ALTER TABLE ONLY public.case_interview_app_interviewer_som_cases
    ADD CONSTRAINT case_interview_app_inter_interviewer_id_somcase_i_580edcc5_uniq UNIQUE (interviewer_id, somcase_id);


--
-- Name: case_interview_app_interviewer_som_victims case_interview_app_inter_interviewer_id_somvictim_91cfa010_uniq; Type: CONSTRAINT; Schema: public; Owner: tipnet
--

ALTER TABLE ONLY public.case_interview_app_interviewer_som_victims
    ADD CONSTRAINT case_interview_app_inter_interviewer_id_somvictim_91cfa010_uniq UNIQUE (interviewer_id, somvictimprofile_id);


--
-- Name: case_interview_app_interviewer_victims case_interview_app_inter_interviewer_id_victimpro_ea3e94f3_uniq; Type: CONSTRAINT; Schema: public; Owner: tipnet
--

ALTER TABLE ONLY public.case_interview_app_interviewer_victims
    ADD CONSTRAINT case_interview_app_inter_interviewer_id_victimpro_ea3e94f3_uniq UNIQUE (interviewer_id, victimprofile_id);


--
-- Name: case_interview_app_interviewer case_interview_app_interviewer_pkey; Type: CONSTRAINT; Schema: public; Owner: tipnet
--

ALTER TABLE ONLY public.case_interview_app_interviewer
    ADD CONSTRAINT case_interview_app_interviewer_pkey PRIMARY KEY (id);


--
-- Name: case_interview_app_interviewer_som_cases case_interview_app_interviewer_som_cases_pkey; Type: CONSTRAINT; Schema: public; Owner: tipnet
--

ALTER TABLE ONLY public.case_interview_app_interviewer_som_cases
    ADD CONSTRAINT case_interview_app_interviewer_som_cases_pkey PRIMARY KEY (id);


--
-- Name: case_interview_app_interviewer_som_victims case_interview_app_interviewer_som_victims_pkey; Type: CONSTRAINT; Schema: public; Owner: tipnet
--

ALTER TABLE ONLY public.case_interview_app_interviewer_som_victims
    ADD CONSTRAINT case_interview_app_interviewer_som_victims_pkey PRIMARY KEY (id);


--
-- Name: case_interview_app_interviewer_victims case_interview_app_interviewer_victims_pkey; Type: CONSTRAINT; Schema: public; Owner: tipnet
--

ALTER TABLE ONLY public.case_interview_app_interviewer_victims
    ADD CONSTRAINT case_interview_app_interviewer_victims_pkey PRIMARY KEY (id);


--
-- Name: case_interview_app_investigationstatus case_interview_app_investigationstatus_pkey; Type: CONSTRAINT; Schema: public; Owner: tipnet
--

ALTER TABLE ONLY public.case_interview_app_investigationstatus
    ADD CONSTRAINT case_interview_app_investigationstatus_pkey PRIMARY KEY (id);


--
-- Name: case_interview_app_language case_interview_app_language_pkey; Type: CONSTRAINT; Schema: public; Owner: tipnet
--

ALTER TABLE ONLY public.case_interview_app_language
    ADD CONSTRAINT case_interview_app_language_pkey PRIMARY KEY (id);


--
-- Name: case_interview_app_livingwith case_interview_app_livingwith_pkey; Type: CONSTRAINT; Schema: public; Owner: tipnet
--

ALTER TABLE ONLY public.case_interview_app_livingwith
    ADD CONSTRAINT case_interview_app_livingwith_pkey PRIMARY KEY (id);


--
-- Name: case_interview_app_marriageviolencetype case_interview_app_marriageviolencetype_pkey; Type: CONSTRAINT; Schema: public; Owner: tipnet
--

ALTER TABLE ONLY public.case_interview_app_marriageviolencetype
    ADD CONSTRAINT case_interview_app_marriageviolencetype_pkey PRIMARY KEY (id);


--
-- Name: case_interview_app_militaryactivity case_interview_app_militaryactivity_pkey; Type: CONSTRAINT; Schema: public; Owner: tipnet
--

ALTER TABLE ONLY public.case_interview_app_militaryactivity
    ADD CONSTRAINT case_interview_app_militaryactivity_pkey PRIMARY KEY (id);


--
-- Name: case_interview_app_militarytype case_interview_app_militarytype_pkey; Type: CONSTRAINT; Schema: public; Owner: tipnet
--

ALTER TABLE ONLY public.case_interview_app_militarytype
    ADD CONSTRAINT case_interview_app_militarytype_pkey PRIMARY KEY (id);


--
-- Name: case_interview_app_occupation case_interview_app_occupation_pkey; Type: CONSTRAINT; Schema: public; Owner: tipnet
--

ALTER TABLE ONLY public.case_interview_app_occupation
    ADD CONSTRAINT case_interview_app_occupation_pkey PRIMARY KEY (id);


--
-- Name: case_interview_app_operationlocation case_interview_app_operationlocation_pkey; Type: CONSTRAINT; Schema: public; Owner: tipnet
--

ALTER TABLE ONLY public.case_interview_app_operationlocation
    ADD CONSTRAINT case_interview_app_operationlocation_pkey PRIMARY KEY (id);


--
-- Name: case_interview_app_organpaidto case_interview_app_organpaidto_pkey; Type: CONSTRAINT; Schema: public; Owner: tipnet
--

ALTER TABLE ONLY public.case_interview_app_organpaidto
    ADD CONSTRAINT case_interview_app_organpaidto_pkey PRIMARY KEY (id);


--
-- Name: case_interview_app_prosecution case_interview_app_prosecution_pkey; Type: CONSTRAINT; Schema: public; Owner: tipnet
--

ALTER TABLE ONLY public.case_interview_app_prosecution
    ADD CONSTRAINT case_interview_app_prosecution_pkey PRIMARY KEY (id);


--
-- Name: case_interview_app_prosecutionoutcome case_interview_app_prosecutionoutcome_pkey; Type: CONSTRAINT; Schema: public; Owner: tipnet
--

ALTER TABLE ONLY public.case_interview_app_prosecutionoutcome
    ADD CONSTRAINT case_interview_app_prosecutionoutcome_pkey PRIMARY KEY (id);


--
-- Name: case_interview_app_provider case_interview_app_provider_pkey; Type: CONSTRAINT; Schema: public; Owner: tipnet
--

ALTER TABLE ONLY public.case_interview_app_provider
    ADD CONSTRAINT case_interview_app_provider_pkey PRIMARY KEY (id);


--
-- Name: case_interview_app_race case_interview_app_race_pkey; Type: CONSTRAINT; Schema: public; Owner: tipnet
--

ALTER TABLE ONLY public.case_interview_app_race
    ADD CONSTRAINT case_interview_app_race_pkey PRIMARY KEY (id);


--
-- Name: case_interview_app_recruiterrelationship case_interview_app_recruiterrelationship_pkey; Type: CONSTRAINT; Schema: public; Owner: tipnet
--

ALTER TABLE ONLY public.case_interview_app_recruiterrelationship
    ADD CONSTRAINT case_interview_app_recruiterrelationship_pkey PRIMARY KEY (id);


--
-- Name: case_interview_app_recruitmenttype case_interview_app_recruitmenttype_pkey; Type: CONSTRAINT; Schema: public; Owner: tipnet
--

ALTER TABLE ONLY public.case_interview_app_recruitmenttype
    ADD CONSTRAINT case_interview_app_recruitmenttype_pkey PRIMARY KEY (id);


--
-- Name: case_interview_app_roleintrafficking case_interview_app_roleintrafficking_pkey; Type: CONSTRAINT; Schema: public; Owner: tipnet
--

ALTER TABLE ONLY public.case_interview_app_roleintrafficking
    ADD CONSTRAINT case_interview_app_roleintrafficking_pkey PRIMARY KEY (id);


--
-- Name: case_interview_app_sanctionpenalty case_interview_app_sanctionpenalty_pkey; Type: CONSTRAINT; Schema: public; Owner: tipnet
--

ALTER TABLE ONLY public.case_interview_app_sanctionpenalty
    ADD CONSTRAINT case_interview_app_sanctionpenalty_pkey PRIMARY KEY (id);


--
-- Name: case_interview_app_search case_interview_app_search_pkey; Type: CONSTRAINT; Schema: public; Owner: tipnet
--

ALTER TABLE ONLY public.case_interview_app_search
    ADD CONSTRAINT case_interview_app_search_pkey PRIMARY KEY (id);


--
-- Name: case_interview_app_socioeconomic_last_occupation case_interview_app_socio_socioeconomic_id_occupat_baf07525_uniq; Type: CONSTRAINT; Schema: public; Owner: tipnet
--

ALTER TABLE ONLY public.case_interview_app_socioeconomic_last_occupation
    ADD CONSTRAINT case_interview_app_socio_socioeconomic_id_occupat_baf07525_uniq UNIQUE (socioeconomic_id, occupation_id);


--
-- Name: case_interview_app_socioeconomic_last_occupation case_interview_app_socioeconomic_last_occupation_pkey; Type: CONSTRAINT; Schema: public; Owner: tipnet
--

ALTER TABLE ONLY public.case_interview_app_socioeconomic_last_occupation
    ADD CONSTRAINT case_interview_app_socioeconomic_last_occupation_pkey PRIMARY KEY (id);


--
-- Name: case_interview_app_socioeconomic case_interview_app_socioeconomic_pkey; Type: CONSTRAINT; Schema: public; Owner: tipnet
--

ALTER TABLE ONLY public.case_interview_app_socioeconomic
    ADD CONSTRAINT case_interview_app_socioeconomic_pkey PRIMARY KEY (id);


--
-- Name: case_interview_app_somarrestinvestigation_how_traffickers_org case_interview_app_somar_somarrestinvestigation_i_6ec4a547_uniq; Type: CONSTRAINT; Schema: public; Owner: tipnet
--

ALTER TABLE ONLY public.case_interview_app_somarrestinvestigation_how_traffickers_org
    ADD CONSTRAINT case_interview_app_somar_somarrestinvestigation_i_6ec4a547_uniq UNIQUE (somarrestinvestigation_id, traffickerorg_id);


--
-- Name: case_interview_app_somarrestinvestigation_how_traffickers_org case_interview_app_somarrestinvestigation_how_traffickers__pkey; Type: CONSTRAINT; Schema: public; Owner: tipnet
--

ALTER TABLE ONLY public.case_interview_app_somarrestinvestigation_how_traffickers_org
    ADD CONSTRAINT case_interview_app_somarrestinvestigation_how_traffickers__pkey PRIMARY KEY (id);


--
-- Name: case_interview_app_somarrestinvestigation case_interview_app_somarrestinvestigation_pkey; Type: CONSTRAINT; Schema: public; Owner: tipnet
--

ALTER TABLE ONLY public.case_interview_app_somarrestinvestigation
    ADD CONSTRAINT case_interview_app_somarrestinvestigation_pkey PRIMARY KEY (id);


--
-- Name: case_interview_app_somassistance_micro_ent_income_provider case_interview_app_somas_somassistance_id_provide_11ed827f_uniq; Type: CONSTRAINT; Schema: public; Owner: tipnet
--

ALTER TABLE ONLY public.case_interview_app_somassistance_micro_ent_income_provider
    ADD CONSTRAINT case_interview_app_somas_somassistance_id_provide_11ed827f_uniq UNIQUE (somassistance_id, provider_id);


--
-- Name: case_interview_app_somassistance_social_assistance_provider case_interview_app_somas_somassistance_id_provide_202bb58c_uniq; Type: CONSTRAINT; Schema: public; Owner: tipnet
--

ALTER TABLE ONLY public.case_interview_app_somassistance_social_assistance_provider
    ADD CONSTRAINT case_interview_app_somas_somassistance_id_provide_202bb58c_uniq UNIQUE (somassistance_id, provider_id);


--
-- Name: case_interview_app_somassistance_housing_allowance_provider case_interview_app_somas_somassistance_id_provide_2133090e_uniq; Type: CONSTRAINT; Schema: public; Owner: tipnet
--

ALTER TABLE ONLY public.case_interview_app_somassistance_housing_allowance_provider
    ADD CONSTRAINT case_interview_app_somas_somassistance_id_provide_2133090e_uniq UNIQUE (somassistance_id, provider_id);


--
-- Name: case_interview_app_somassistance_medical_assistance_provider case_interview_app_somas_somassistance_id_provide_3887562e_uniq; Type: CONSTRAINT; Schema: public; Owner: tipnet
--

ALTER TABLE ONLY public.case_interview_app_somassistance_medical_assistance_provider
    ADD CONSTRAINT case_interview_app_somas_somassistance_id_provide_3887562e_uniq UNIQUE (somassistance_id, provider_id);


--
-- Name: case_interview_app_somassistance_halfway_house_providers case_interview_app_somas_somassistance_id_provide_3e835c8d_uniq; Type: CONSTRAINT; Schema: public; Owner: tipnet
--

ALTER TABLE ONLY public.case_interview_app_somassistance_halfway_house_providers
    ADD CONSTRAINT case_interview_app_somas_somassistance_id_provide_3e835c8d_uniq UNIQUE (somassistance_id, provider_id);


--
-- Name: case_interview_app_somassistance_financial_assistance_provider case_interview_app_somas_somassistance_id_provide_3ed20e57_uniq; Type: CONSTRAINT; Schema: public; Owner: tipnet
--

ALTER TABLE ONLY public.case_interview_app_somassistance_financial_assistance_provider
    ADD CONSTRAINT case_interview_app_somas_somassistance_id_provide_3ed20e57_uniq UNIQUE (somassistance_id, provider_id);


--
-- Name: case_interview_app_somassistance_im_emmigration_assistance_5235 case_interview_app_somas_somassistance_id_provide_458ae154_uniq; Type: CONSTRAINT; Schema: public; Owner: tipnet
--

ALTER TABLE ONLY public.case_interview_app_somassistance_im_emmigration_assistance_5235
    ADD CONSTRAINT case_interview_app_somas_somassistance_id_provide_458ae154_uniq UNIQUE (somassistance_id, provider_id);


--
-- Name: case_interview_app_somassistance_education_assistance_provider case_interview_app_somas_somassistance_id_provide_5586ae9f_uniq; Type: CONSTRAINT; Schema: public; Owner: tipnet
--

ALTER TABLE ONLY public.case_interview_app_somassistance_education_assistance_provider
    ADD CONSTRAINT case_interview_app_somas_somassistance_id_provide_5586ae9f_uniq UNIQUE (somassistance_id, provider_id);


--
-- Name: case_interview_app_somassistance_med_rehab_provider case_interview_app_somas_somassistance_id_provide_59ec4ddc_uniq; Type: CONSTRAINT; Schema: public; Owner: tipnet
--

ALTER TABLE ONLY public.case_interview_app_somassistance_med_rehab_provider
    ADD CONSTRAINT case_interview_app_somas_somassistance_id_provide_59ec4ddc_uniq UNIQUE (somassistance_id, provider_id);


--
-- Name: case_interview_app_somassistance_vocational_training_provider case_interview_app_somas_somassistance_id_provide_5fcbb84e_uniq; Type: CONSTRAINT; Schema: public; Owner: tipnet
--

ALTER TABLE ONLY public.case_interview_app_somassistance_vocational_training_provider
    ADD CONSTRAINT case_interview_app_somas_somassistance_id_provide_5fcbb84e_uniq UNIQUE (somassistance_id, provider_id);


--
-- Name: case_interview_app_somassistance_other_community_assistancef9fa case_interview_app_somas_somassistance_id_provide_681426ff_uniq; Type: CONSTRAINT; Schema: public; Owner: tipnet
--

ALTER TABLE ONLY public.case_interview_app_somassistance_other_community_assistancef9fa
    ADD CONSTRAINT case_interview_app_somas_somassistance_id_provide_681426ff_uniq UNIQUE (somassistance_id, provider_id);


--
-- Name: case_interview_app_somassistance_shelter_provider case_interview_app_somas_somassistance_id_provide_b7643a5b_uniq; Type: CONSTRAINT; Schema: public; Owner: tipnet
--

ALTER TABLE ONLY public.case_interview_app_somassistance_shelter_provider
    ADD CONSTRAINT case_interview_app_somas_somassistance_id_provide_b7643a5b_uniq UNIQUE (somassistance_id, provider_id);


--
-- Name: case_interview_app_somassistance_legal_assistance_provider case_interview_app_somas_somassistance_id_provide_d2f93bdd_uniq; Type: CONSTRAINT; Schema: public; Owner: tipnet
--

ALTER TABLE ONLY public.case_interview_app_somassistance_legal_assistance_provider
    ADD CONSTRAINT case_interview_app_somas_somassistance_id_provide_d2f93bdd_uniq UNIQUE (somassistance_id, provider_id);


--
-- Name: case_interview_app_somassistance_education_assistance_provider case_interview_app_somassistance_education_assistance_prov_pkey; Type: CONSTRAINT; Schema: public; Owner: tipnet
--

ALTER TABLE ONLY public.case_interview_app_somassistance_education_assistance_provider
    ADD CONSTRAINT case_interview_app_somassistance_education_assistance_prov_pkey PRIMARY KEY (id);


--
-- Name: case_interview_app_somassistance_financial_assistance_provider case_interview_app_somassistance_financial_assistance_prov_pkey; Type: CONSTRAINT; Schema: public; Owner: tipnet
--

ALTER TABLE ONLY public.case_interview_app_somassistance_financial_assistance_provider
    ADD CONSTRAINT case_interview_app_somassistance_financial_assistance_prov_pkey PRIMARY KEY (id);


--
-- Name: case_interview_app_somassistance_halfway_house_providers case_interview_app_somassistance_halfway_house_providers_pkey; Type: CONSTRAINT; Schema: public; Owner: tipnet
--

ALTER TABLE ONLY public.case_interview_app_somassistance_halfway_house_providers
    ADD CONSTRAINT case_interview_app_somassistance_halfway_house_providers_pkey PRIMARY KEY (id);


--
-- Name: case_interview_app_somassistance_housing_allowance_provider case_interview_app_somassistance_housing_allowance_provide_pkey; Type: CONSTRAINT; Schema: public; Owner: tipnet
--

ALTER TABLE ONLY public.case_interview_app_somassistance_housing_allowance_provider
    ADD CONSTRAINT case_interview_app_somassistance_housing_allowance_provide_pkey PRIMARY KEY (id);


--
-- Name: case_interview_app_somassistance_im_emmigration_assistance_5235 case_interview_app_somassistance_im_emmigration_assistance_pkey; Type: CONSTRAINT; Schema: public; Owner: tipnet
--

ALTER TABLE ONLY public.case_interview_app_somassistance_im_emmigration_assistance_5235
    ADD CONSTRAINT case_interview_app_somassistance_im_emmigration_assistance_pkey PRIMARY KEY (id);


--
-- Name: case_interview_app_somassistance_legal_assistance_provider case_interview_app_somassistance_legal_assistance_provider_pkey; Type: CONSTRAINT; Schema: public; Owner: tipnet
--

ALTER TABLE ONLY public.case_interview_app_somassistance_legal_assistance_provider
    ADD CONSTRAINT case_interview_app_somassistance_legal_assistance_provider_pkey PRIMARY KEY (id);


--
-- Name: case_interview_app_somassistance_med_rehab_provider case_interview_app_somassistance_med_rehab_provider_pkey; Type: CONSTRAINT; Schema: public; Owner: tipnet
--

ALTER TABLE ONLY public.case_interview_app_somassistance_med_rehab_provider
    ADD CONSTRAINT case_interview_app_somassistance_med_rehab_provider_pkey PRIMARY KEY (id);


--
-- Name: case_interview_app_somassistance_medical_assistance_provider case_interview_app_somassistance_medical_assistance_provid_pkey; Type: CONSTRAINT; Schema: public; Owner: tipnet
--

ALTER TABLE ONLY public.case_interview_app_somassistance_medical_assistance_provider
    ADD CONSTRAINT case_interview_app_somassistance_medical_assistance_provid_pkey PRIMARY KEY (id);


--
-- Name: case_interview_app_somassistance_micro_ent_income_provider case_interview_app_somassistance_micro_ent_income_provider_pkey; Type: CONSTRAINT; Schema: public; Owner: tipnet
--

ALTER TABLE ONLY public.case_interview_app_somassistance_micro_ent_income_provider
    ADD CONSTRAINT case_interview_app_somassistance_micro_ent_income_provider_pkey PRIMARY KEY (id);


--
-- Name: case_interview_app_somassistance_other_community_assistancef9fa case_interview_app_somassistance_other_community_assistanc_pkey; Type: CONSTRAINT; Schema: public; Owner: tipnet
--

ALTER TABLE ONLY public.case_interview_app_somassistance_other_community_assistancef9fa
    ADD CONSTRAINT case_interview_app_somassistance_other_community_assistanc_pkey PRIMARY KEY (id);


--
-- Name: case_interview_app_somassistance case_interview_app_somassistance_pkey; Type: CONSTRAINT; Schema: public; Owner: tipnet
--

ALTER TABLE ONLY public.case_interview_app_somassistance
    ADD CONSTRAINT case_interview_app_somassistance_pkey PRIMARY KEY (id);


--
-- Name: case_interview_app_somassistance_shelter_provider case_interview_app_somassistance_shelter_provider_pkey; Type: CONSTRAINT; Schema: public; Owner: tipnet
--

ALTER TABLE ONLY public.case_interview_app_somassistance_shelter_provider
    ADD CONSTRAINT case_interview_app_somassistance_shelter_provider_pkey PRIMARY KEY (id);


--
-- Name: case_interview_app_somassistance_social_assistance_provider case_interview_app_somassistance_social_assistance_provide_pkey; Type: CONSTRAINT; Schema: public; Owner: tipnet
--

ALTER TABLE ONLY public.case_interview_app_somassistance_social_assistance_provider
    ADD CONSTRAINT case_interview_app_somassistance_social_assistance_provide_pkey PRIMARY KEY (id);


--
-- Name: case_interview_app_somassistance_vocational_training_provider case_interview_app_somassistance_vocational_training_provi_pkey; Type: CONSTRAINT; Schema: public; Owner: tipnet
--

ALTER TABLE ONLY public.case_interview_app_somassistance_vocational_training_provider
    ADD CONSTRAINT case_interview_app_somassistance_vocational_training_provi_pkey PRIMARY KEY (id);


--
-- Name: case_interview_app_somcase case_interview_app_somcase_pkey; Type: CONSTRAINT; Schema: public; Owner: tipnet
--

ALTER TABLE ONLY public.case_interview_app_somcase
    ADD CONSTRAINT case_interview_app_somcase_pkey PRIMARY KEY (id);


--
-- Name: case_interview_app_sommultivictimprofile_countries_of_origin case_interview_app_sommu_sommultivictimprofile_id_1594c3a2_uniq; Type: CONSTRAINT; Schema: public; Owner: tipnet
--

ALTER TABLE ONLY public.case_interview_app_sommultivictimprofile_countries_of_origin
    ADD CONSTRAINT case_interview_app_sommu_sommultivictimprofile_id_1594c3a2_uniq UNIQUE (sommultivictimprofile_id, country_id);


--
-- Name: case_interview_app_sommultivictimprofile_countries_of_origin case_interview_app_sommultivictimprofile_countries_of_orig_pkey; Type: CONSTRAINT; Schema: public; Owner: tipnet
--

ALTER TABLE ONLY public.case_interview_app_sommultivictimprofile_countries_of_origin
    ADD CONSTRAINT case_interview_app_sommultivictimprofile_countries_of_orig_pkey PRIMARY KEY (id);


--
-- Name: case_interview_app_sommultivictimprofile case_interview_app_sommultivictimprofile_pkey; Type: CONSTRAINT; Schema: public; Owner: tipnet
--

ALTER TABLE ONLY public.case_interview_app_sommultivictimprofile
    ADD CONSTRAINT case_interview_app_sommultivictimprofile_pkey PRIMARY KEY (id);


--
-- Name: case_interview_app_somprosecution case_interview_app_somprosecution_pkey; Type: CONSTRAINT; Schema: public; Owner: tipnet
--

ALTER TABLE ONLY public.case_interview_app_somprosecution
    ADD CONSTRAINT case_interview_app_somprosecution_pkey PRIMARY KEY (id);


--
-- Name: case_interview_app_somsocioeconomic_last_occupation case_interview_app_somso_somsocioeconomic_id_occu_8dc054f8_uniq; Type: CONSTRAINT; Schema: public; Owner: tipnet
--

ALTER TABLE ONLY public.case_interview_app_somsocioeconomic_last_occupation
    ADD CONSTRAINT case_interview_app_somso_somsocioeconomic_id_occu_8dc054f8_uniq UNIQUE (somsocioeconomic_id, occupation_id);


--
-- Name: case_interview_app_somsocioeconomic_last_occupation case_interview_app_somsocioeconomic_last_occupation_pkey; Type: CONSTRAINT; Schema: public; Owner: tipnet
--

ALTER TABLE ONLY public.case_interview_app_somsocioeconomic_last_occupation
    ADD CONSTRAINT case_interview_app_somsocioeconomic_last_occupation_pkey PRIMARY KEY (id);


--
-- Name: case_interview_app_somsocioeconomic case_interview_app_somsocioeconomic_pkey; Type: CONSTRAINT; Schema: public; Owner: tipnet
--

ALTER TABLE ONLY public.case_interview_app_somsocioeconomic
    ADD CONSTRAINT case_interview_app_somsocioeconomic_pkey PRIMARY KEY (id);


--
-- Name: case_interview_app_somsuspectedtrafficker_languages case_interview_app_somsu_somsuspectedtrafficker_i_b7874930_uniq; Type: CONSTRAINT; Schema: public; Owner: tipnet
--

ALTER TABLE ONLY public.case_interview_app_somsuspectedtrafficker_languages
    ADD CONSTRAINT case_interview_app_somsu_somsuspectedtrafficker_i_b7874930_uniq UNIQUE (somsuspectedtrafficker_id, language_id);


--
-- Name: case_interview_app_somsuspectedtrafficker_role_in_trafficking case_interview_app_somsu_somsuspectedtrafficker_i_b9aeaac8_uniq; Type: CONSTRAINT; Schema: public; Owner: tipnet
--

ALTER TABLE ONLY public.case_interview_app_somsuspectedtrafficker_role_in_trafficking
    ADD CONSTRAINT case_interview_app_somsu_somsuspectedtrafficker_i_b9aeaac8_uniq UNIQUE (somsuspectedtrafficker_id, roleintrafficking_id);


--
-- Name: case_interview_app_somsuspectedtrafficker_languages case_interview_app_somsuspectedtrafficker_languages_pkey; Type: CONSTRAINT; Schema: public; Owner: tipnet
--

ALTER TABLE ONLY public.case_interview_app_somsuspectedtrafficker_languages
    ADD CONSTRAINT case_interview_app_somsuspectedtrafficker_languages_pkey PRIMARY KEY (id);


--
-- Name: case_interview_app_somsuspectedtrafficker case_interview_app_somsuspectedtrafficker_pkey; Type: CONSTRAINT; Schema: public; Owner: tipnet
--

ALTER TABLE ONLY public.case_interview_app_somsuspectedtrafficker
    ADD CONSTRAINT case_interview_app_somsuspectedtrafficker_pkey PRIMARY KEY (id);


--
-- Name: case_interview_app_somsuspectedtrafficker_role_in_trafficking case_interview_app_somsuspectedtrafficker_role_in_traffick_pkey; Type: CONSTRAINT; Schema: public; Owner: tipnet
--

ALTER TABLE ONLY public.case_interview_app_somsuspectedtrafficker_role_in_trafficking
    ADD CONSTRAINT case_interview_app_somsuspectedtrafficker_role_in_traffick_pkey PRIMARY KEY (id);


--
-- Name: case_interview_app_somtransitroutedestination_countries_of_1b85 case_interview_app_somtr_somtransitroutedestinati_32c440bf_uniq; Type: CONSTRAINT; Schema: public; Owner: tipnet
--

ALTER TABLE ONLY public.case_interview_app_somtransitroutedestination_countries_of_1b85
    ADD CONSTRAINT case_interview_app_somtr_somtransitroutedestinati_32c440bf_uniq UNIQUE (somtransitroutedestination_id, country_id);


--
-- Name: case_interview_app_somtransitroutedestination_transport_means case_interview_app_somtr_somtransitroutedestinati_80d019b3_uniq; Type: CONSTRAINT; Schema: public; Owner: tipnet
--

ALTER TABLE ONLY public.case_interview_app_somtransitroutedestination_transport_means
    ADD CONSTRAINT case_interview_app_somtr_somtransitroutedestinati_80d019b3_uniq UNIQUE (somtransitroutedestination_id, transportmean_id);


--
-- Name: case_interview_app_somtransitroutedestination_countries_of_1b85 case_interview_app_somtransitroutedestination_countries_of_pkey; Type: CONSTRAINT; Schema: public; Owner: tipnet
--

ALTER TABLE ONLY public.case_interview_app_somtransitroutedestination_countries_of_1b85
    ADD CONSTRAINT case_interview_app_somtransitroutedestination_countries_of_pkey PRIMARY KEY (id);


--
-- Name: case_interview_app_somtransitroutedestination case_interview_app_somtransitroutedestination_pkey; Type: CONSTRAINT; Schema: public; Owner: tipnet
--

ALTER TABLE ONLY public.case_interview_app_somtransitroutedestination
    ADD CONSTRAINT case_interview_app_somtransitroutedestination_pkey PRIMARY KEY (id);


--
-- Name: case_interview_app_somtransitroutedestination_transport_means case_interview_app_somtransitroutedestination_transport_me_pkey; Type: CONSTRAINT; Schema: public; Owner: tipnet
--

ALTER TABLE ONLY public.case_interview_app_somtransitroutedestination_transport_means
    ADD CONSTRAINT case_interview_app_somtransitroutedestination_transport_me_pkey PRIMARY KEY (id);


--
-- Name: case_interview_app_somvictimprofile_identification_type case_interview_app_somvi_somvictimprofile_id_idty_e6300e95_uniq; Type: CONSTRAINT; Schema: public; Owner: tipnet
--

ALTER TABLE ONLY public.case_interview_app_somvictimprofile_identification_type
    ADD CONSTRAINT case_interview_app_somvi_somvictimprofile_id_idty_e6300e95_uniq UNIQUE (somvictimprofile_id, idtype_id);


--
-- Name: case_interview_app_somvictimprofile_languages case_interview_app_somvi_somvictimprofile_id_lang_882afb2a_uniq; Type: CONSTRAINT; Schema: public; Owner: tipnet
--

ALTER TABLE ONLY public.case_interview_app_somvictimprofile_languages
    ADD CONSTRAINT case_interview_app_somvi_somvictimprofile_id_lang_882afb2a_uniq UNIQUE (somvictimprofile_id, language_id);


--
-- Name: case_interview_app_somvictimanswers case_interview_app_somvictimanswers_pkey; Type: CONSTRAINT; Schema: public; Owner: tipnet
--

ALTER TABLE ONLY public.case_interview_app_somvictimanswers
    ADD CONSTRAINT case_interview_app_somvictimanswers_pkey PRIMARY KEY (id);


--
-- Name: case_interview_app_somvictimprofile_identification_type case_interview_app_somvictimprofile_identification_type_pkey; Type: CONSTRAINT; Schema: public; Owner: tipnet
--

ALTER TABLE ONLY public.case_interview_app_somvictimprofile_identification_type
    ADD CONSTRAINT case_interview_app_somvictimprofile_identification_type_pkey PRIMARY KEY (id);


--
-- Name: case_interview_app_somvictimprofile_languages case_interview_app_somvictimprofile_languages_pkey; Type: CONSTRAINT; Schema: public; Owner: tipnet
--

ALTER TABLE ONLY public.case_interview_app_somvictimprofile_languages
    ADD CONSTRAINT case_interview_app_somvictimprofile_languages_pkey PRIMARY KEY (id);


--
-- Name: case_interview_app_somvictimprofile case_interview_app_somvictimprofile_pkey; Type: CONSTRAINT; Schema: public; Owner: tipnet
--

ALTER TABLE ONLY public.case_interview_app_somvictimprofile
    ADD CONSTRAINT case_interview_app_somvictimprofile_pkey PRIMARY KEY (id);


--
-- Name: case_interview_app_suspectedtrafficker_languages case_interview_app_suspe_suspectedtrafficker_id_l_424d5feb_uniq; Type: CONSTRAINT; Schema: public; Owner: tipnet
--

ALTER TABLE ONLY public.case_interview_app_suspectedtrafficker_languages
    ADD CONSTRAINT case_interview_app_suspe_suspectedtrafficker_id_l_424d5feb_uniq UNIQUE (suspectedtrafficker_id, language_id);


--
-- Name: case_interview_app_suspectedtrafficker_role_in_trafficking case_interview_app_suspe_suspectedtrafficker_id_r_21657342_uniq; Type: CONSTRAINT; Schema: public; Owner: tipnet
--

ALTER TABLE ONLY public.case_interview_app_suspectedtrafficker_role_in_trafficking
    ADD CONSTRAINT case_interview_app_suspe_suspectedtrafficker_id_r_21657342_uniq UNIQUE (suspectedtrafficker_id, roleintrafficking_id);


--
-- Name: case_interview_app_suspectedtrafficker_languages case_interview_app_suspectedtrafficker_languages_pkey; Type: CONSTRAINT; Schema: public; Owner: tipnet
--

ALTER TABLE ONLY public.case_interview_app_suspectedtrafficker_languages
    ADD CONSTRAINT case_interview_app_suspectedtrafficker_languages_pkey PRIMARY KEY (id);


--
-- Name: case_interview_app_suspectedtrafficker case_interview_app_suspectedtrafficker_pkey; Type: CONSTRAINT; Schema: public; Owner: tipnet
--

ALTER TABLE ONLY public.case_interview_app_suspectedtrafficker
    ADD CONSTRAINT case_interview_app_suspectedtrafficker_pkey PRIMARY KEY (id);


--
-- Name: case_interview_app_suspectedtrafficker_role_in_trafficking case_interview_app_suspectedtrafficker_role_in_trafficking_pkey; Type: CONSTRAINT; Schema: public; Owner: tipnet
--

ALTER TABLE ONLY public.case_interview_app_suspectedtrafficker_role_in_trafficking
    ADD CONSTRAINT case_interview_app_suspectedtrafficker_role_in_trafficking_pkey PRIMARY KEY (id);


--
-- Name: case_interview_app_tag case_interview_app_tag_pkey; Type: CONSTRAINT; Schema: public; Owner: tipnet
--

ALTER TABLE ONLY public.case_interview_app_tag
    ADD CONSTRAINT case_interview_app_tag_pkey PRIMARY KEY (id);


--
-- Name: case_interview_app_traffickerorg case_interview_app_traffickerorg_pkey; Type: CONSTRAINT; Schema: public; Owner: tipnet
--

ALTER TABLE ONLY public.case_interview_app_traffickerorg
    ADD CONSTRAINT case_interview_app_traffickerorg_pkey PRIMARY KEY (id);


--
-- Name: case_interview_app_traffickingmean case_interview_app_traffickingmean_pkey; Type: CONSTRAINT; Schema: public; Owner: tipnet
--

ALTER TABLE ONLY public.case_interview_app_traffickingmean
    ADD CONSTRAINT case_interview_app_traffickingmean_pkey PRIMARY KEY (id);


--
-- Name: case_interview_app_transitroutedestination_transport_means case_interview_app_trans_transitroutedestination__c8f1d018_uniq; Type: CONSTRAINT; Schema: public; Owner: tipnet
--

ALTER TABLE ONLY public.case_interview_app_transitroutedestination_transport_means
    ADD CONSTRAINT case_interview_app_trans_transitroutedestination__c8f1d018_uniq UNIQUE (transitroutedestination_id, transportmean_id);


--
-- Name: case_interview_app_transitroutedestination case_interview_app_transitroutedestination_pkey; Type: CONSTRAINT; Schema: public; Owner: tipnet
--

ALTER TABLE ONLY public.case_interview_app_transitroutedestination
    ADD CONSTRAINT case_interview_app_transitroutedestination_pkey PRIMARY KEY (id);


--
-- Name: case_interview_app_transitroutedestination_transport_means case_interview_app_transitroutedestination_transport_means_pkey; Type: CONSTRAINT; Schema: public; Owner: tipnet
--

ALTER TABLE ONLY public.case_interview_app_transitroutedestination_transport_means
    ADD CONSTRAINT case_interview_app_transitroutedestination_transport_means_pkey PRIMARY KEY (id);


--
-- Name: case_interview_app_transportmean case_interview_app_transportmean_pkey; Type: CONSTRAINT; Schema: public; Owner: tipnet
--

ALTER TABLE ONLY public.case_interview_app_transportmean
    ADD CONSTRAINT case_interview_app_transportmean_pkey PRIMARY KEY (id);


--
-- Name: case_interview_app_trialcourt case_interview_app_trialcourt_pkey; Type: CONSTRAINT; Schema: public; Owner: tipnet
--

ALTER TABLE ONLY public.case_interview_app_trialcourt
    ADD CONSTRAINT case_interview_app_trialcourt_pkey PRIMARY KEY (id);


--
-- Name: case_interview_app_verdict case_interview_app_verdict_pkey; Type: CONSTRAINT; Schema: public; Owner: tipnet
--

ALTER TABLE ONLY public.case_interview_app_verdict
    ADD CONSTRAINT case_interview_app_verdict_pkey PRIMARY KEY (id);


--
-- Name: case_interview_app_victimpermissions_permissions_requested case_interview_app_victi_victimpermissions_id_acc_5220be7d_uniq; Type: CONSTRAINT; Schema: public; Owner: tipnet
--

ALTER TABLE ONLY public.case_interview_app_victimpermissions_permissions_requested
    ADD CONSTRAINT case_interview_app_victi_victimpermissions_id_acc_5220be7d_uniq UNIQUE (victimpermissions_id, accesspermission_id);


--
-- Name: case_interview_app_victimpermissions_permissions_granted case_interview_app_victi_victimpermissions_id_acc_b0725354_uniq; Type: CONSTRAINT; Schema: public; Owner: tipnet
--

ALTER TABLE ONLY public.case_interview_app_victimpermissions_permissions_granted
    ADD CONSTRAINT case_interview_app_victi_victimpermissions_id_acc_b0725354_uniq UNIQUE (victimpermissions_id, accesspermission_id);


--
-- Name: case_interview_app_victimprofile_languages case_interview_app_victi_victimprofile_id_country_cc98b600_uniq; Type: CONSTRAINT; Schema: public; Owner: tipnet
--

ALTER TABLE ONLY public.case_interview_app_victimprofile_languages
    ADD CONSTRAINT case_interview_app_victi_victimprofile_id_country_cc98b600_uniq UNIQUE (victimprofile_id, language_id);


--
-- Name: case_interview_app_victimprofile_identification_type case_interview_app_victi_victimprofile_id_idtype__2e65c669_uniq; Type: CONSTRAINT; Schema: public; Owner: tipnet
--

ALTER TABLE ONLY public.case_interview_app_victimprofile_identification_type
    ADD CONSTRAINT case_interview_app_victi_victimprofile_id_idtype__2e65c669_uniq UNIQUE (victimprofile_id, idtype_id);


--
-- Name: case_interview_app_victimpermissions_permissions_granted case_interview_app_victimpermissions_permissions_granted_pkey; Type: CONSTRAINT; Schema: public; Owner: tipnet
--

ALTER TABLE ONLY public.case_interview_app_victimpermissions_permissions_granted
    ADD CONSTRAINT case_interview_app_victimpermissions_permissions_granted_pkey PRIMARY KEY (id);


--
-- Name: case_interview_app_victimpermissions_permissions_requested case_interview_app_victimpermissions_permissions_requested_pkey; Type: CONSTRAINT; Schema: public; Owner: tipnet
--

ALTER TABLE ONLY public.case_interview_app_victimpermissions_permissions_requested
    ADD CONSTRAINT case_interview_app_victimpermissions_permissions_requested_pkey PRIMARY KEY (id);


--
-- Name: case_interview_app_victimpermissions case_interview_app_victimpermissions_pkey; Type: CONSTRAINT; Schema: public; Owner: tipnet
--

ALTER TABLE ONLY public.case_interview_app_victimpermissions
    ADD CONSTRAINT case_interview_app_victimpermissions_pkey PRIMARY KEY (id);


--
-- Name: case_interview_app_victimprofile_identification_type case_interview_app_victimprofile_identification_type_pkey; Type: CONSTRAINT; Schema: public; Owner: tipnet
--

ALTER TABLE ONLY public.case_interview_app_victimprofile_identification_type
    ADD CONSTRAINT case_interview_app_victimprofile_identification_type_pkey PRIMARY KEY (id);


--
-- Name: case_interview_app_victimprofile_languages case_interview_app_victimprofile_languages_pkey; Type: CONSTRAINT; Schema: public; Owner: tipnet
--

ALTER TABLE ONLY public.case_interview_app_victimprofile_languages
    ADD CONSTRAINT case_interview_app_victimprofile_languages_pkey PRIMARY KEY (id);


--
-- Name: case_interview_app_victimprofile case_interview_app_victimprofile_pkey; Type: CONSTRAINT; Schema: public; Owner: tipnet
--

ALTER TABLE ONLY public.case_interview_app_victimprofile
    ADD CONSTRAINT case_interview_app_victimprofile_pkey PRIMARY KEY (id);


--
-- Name: case_interview_app_victimquestions case_interview_app_victimquestions_pkey; Type: CONSTRAINT; Schema: public; Owner: tipnet
--

ALTER TABLE ONLY public.case_interview_app_victimquestions
    ADD CONSTRAINT case_interview_app_victimquestions_pkey PRIMARY KEY (id);


--
-- Name: django_admin_log django_admin_log_pkey; Type: CONSTRAINT; Schema: public; Owner: tipnet
--

ALTER TABLE ONLY public.django_admin_log
    ADD CONSTRAINT django_admin_log_pkey PRIMARY KEY (id);


--
-- Name: django_content_type django_content_type_app_label_model_76bd3d3b_uniq; Type: CONSTRAINT; Schema: public; Owner: tipnet
--

ALTER TABLE ONLY public.django_content_type
    ADD CONSTRAINT django_content_type_app_label_model_76bd3d3b_uniq UNIQUE (app_label, model);


--
-- Name: django_content_type django_content_type_pkey; Type: CONSTRAINT; Schema: public; Owner: tipnet
--

ALTER TABLE ONLY public.django_content_type
    ADD CONSTRAINT django_content_type_pkey PRIMARY KEY (id);


--
-- Name: django_migrations django_migrations_pkey; Type: CONSTRAINT; Schema: public; Owner: tipnet
--

ALTER TABLE ONLY public.django_migrations
    ADD CONSTRAINT django_migrations_pkey PRIMARY KEY (id);


--
-- Name: django_session django_session_pkey; Type: CONSTRAINT; Schema: public; Owner: tipnet
--

ALTER TABLE ONLY public.django_session
    ADD CONSTRAINT django_session_pkey PRIMARY KEY (session_key);


--
-- Name: otp_email_emaildevice otp_email_emaildevice_pkey; Type: CONSTRAINT; Schema: public; Owner: tipnet
--

ALTER TABLE ONLY public.otp_email_emaildevice
    ADD CONSTRAINT otp_email_emaildevice_pkey PRIMARY KEY (id);


--
-- Name: otp_static_staticdevice otp_static_staticdevice_pkey; Type: CONSTRAINT; Schema: public; Owner: tipnet
--

ALTER TABLE ONLY public.otp_static_staticdevice
    ADD CONSTRAINT otp_static_staticdevice_pkey PRIMARY KEY (id);


--
-- Name: otp_static_statictoken otp_static_statictoken_pkey; Type: CONSTRAINT; Schema: public; Owner: tipnet
--

ALTER TABLE ONLY public.otp_static_statictoken
    ADD CONSTRAINT otp_static_statictoken_pkey PRIMARY KEY (id);


--
-- Name: otp_totp_totpdevice otp_totp_totpdevice_pkey; Type: CONSTRAINT; Schema: public; Owner: tipnet
--

ALTER TABLE ONLY public.otp_totp_totpdevice
    ADD CONSTRAINT otp_totp_totpdevice_pkey PRIMARY KEY (id);


--
-- Name: auditlog_logentry_action_229afe39; Type: INDEX; Schema: public; Owner: tipnet
--

CREATE INDEX auditlog_logentry_action_229afe39 ON public.auditlog_logentry USING btree (action);


--
-- Name: auditlog_logentry_actor_id_959271d2; Type: INDEX; Schema: public; Owner: tipnet
--

CREATE INDEX auditlog_logentry_actor_id_959271d2 ON public.auditlog_logentry USING btree (actor_id);


--
-- Name: auditlog_logentry_content_type_id_75830218; Type: INDEX; Schema: public; Owner: tipnet
--

CREATE INDEX auditlog_logentry_content_type_id_75830218 ON public.auditlog_logentry USING btree (content_type_id);


--
-- Name: auditlog_logentry_object_id_09c2eee8; Type: INDEX; Schema: public; Owner: tipnet
--

CREATE INDEX auditlog_logentry_object_id_09c2eee8 ON public.auditlog_logentry USING btree (object_id);


--
-- Name: auditlog_logentry_object_pk_6e3219c0; Type: INDEX; Schema: public; Owner: tipnet
--

CREATE INDEX auditlog_logentry_object_pk_6e3219c0 ON public.auditlog_logentry USING btree (object_pk);


--
-- Name: auditlog_logentry_object_pk_6e3219c0_like; Type: INDEX; Schema: public; Owner: tipnet
--

CREATE INDEX auditlog_logentry_object_pk_6e3219c0_like ON public.auditlog_logentry USING btree (object_pk varchar_pattern_ops);


--
-- Name: auditlog_logentry_timestamp_37867bb0; Type: INDEX; Schema: public; Owner: tipnet
--

CREATE INDEX auditlog_logentry_timestamp_37867bb0 ON public.auditlog_logentry USING btree ("timestamp");


--
-- Name: auth_group_name_a6ea08ec_like; Type: INDEX; Schema: public; Owner: tipnet
--

CREATE INDEX auth_group_name_a6ea08ec_like ON public.auth_group USING btree (name varchar_pattern_ops);


--
-- Name: auth_group_permissions_group_id_b120cbf9; Type: INDEX; Schema: public; Owner: tipnet
--

CREATE INDEX auth_group_permissions_group_id_b120cbf9 ON public.auth_group_permissions USING btree (group_id);


--
-- Name: auth_group_permissions_permission_id_84c5c92e; Type: INDEX; Schema: public; Owner: tipnet
--

CREATE INDEX auth_group_permissions_permission_id_84c5c92e ON public.auth_group_permissions USING btree (permission_id);


--
-- Name: auth_permission_content_type_id_2f476e4b; Type: INDEX; Schema: public; Owner: tipnet
--

CREATE INDEX auth_permission_content_type_id_2f476e4b ON public.auth_permission USING btree (content_type_id);


--
-- Name: auth_user_groups_group_id_97559544; Type: INDEX; Schema: public; Owner: tipnet
--

CREATE INDEX auth_user_groups_group_id_97559544 ON public.auth_user_groups USING btree (group_id);


--
-- Name: auth_user_groups_user_id_6a12ed8b; Type: INDEX; Schema: public; Owner: tipnet
--

CREATE INDEX auth_user_groups_user_id_6a12ed8b ON public.auth_user_groups USING btree (user_id);


--
-- Name: auth_user_user_permissions_permission_id_1fbb5f2c; Type: INDEX; Schema: public; Owner: tipnet
--

CREATE INDEX auth_user_user_permissions_permission_id_1fbb5f2c ON public.auth_user_user_permissions USING btree (permission_id);


--
-- Name: auth_user_user_permissions_user_id_a95ead1b; Type: INDEX; Schema: public; Owner: tipnet
--

CREATE INDEX auth_user_user_permissions_user_id_a95ead1b ON public.auth_user_user_permissions USING btree (user_id);


--
-- Name: auth_user_username_6821ab7c_like; Type: INDEX; Schema: public; Owner: tipnet
--

CREATE INDEX auth_user_username_6821ab7c_like ON public.auth_user USING btree (username varchar_pattern_ops);


--
-- Name: case_interview_app_arresti_arrestinvestigation_id_c3a91354; Type: INDEX; Schema: public; Owner: tipnet
--

CREATE INDEX case_interview_app_arresti_arrestinvestigation_id_c3a91354 ON public.case_interview_app_arrestinvestigation_how_traffickers_org USING btree (arrestinvestigation_id);


--
-- Name: case_interview_app_arresti_investigation_status_id_6621cee4; Type: INDEX; Schema: public; Owner: tipnet
--

CREATE INDEX case_interview_app_arresti_investigation_status_id_6621cee4 ON public.case_interview_app_arrestinvestigation USING btree (investigation_status_id);


--
-- Name: case_interview_app_arresti_traffickerorg_id_ed4a1dad; Type: INDEX; Schema: public; Owner: tipnet
--

CREATE INDEX case_interview_app_arresti_traffickerorg_id_ed4a1dad ON public.case_interview_app_arrestinvestigation_how_traffickers_org USING btree (traffickerorg_id);


--
-- Name: case_interview_app_arrestinvestigation_approval_id_d56d77a3; Type: INDEX; Schema: public; Owner: tipnet
--

CREATE INDEX case_interview_app_arrestinvestigation_approval_id_d56d77a3 ON public.case_interview_app_arrestinvestigation USING btree (approval_id);


--
-- Name: case_interview_app_arrestinvestigation_interviewer_id_b38358e9; Type: INDEX; Schema: public; Owner: tipnet
--

CREATE INDEX case_interview_app_arrestinvestigation_interviewer_id_b38358e9 ON public.case_interview_app_arrestinvestigation USING btree (interviewer_id);


--
-- Name: case_interview_app_arrestinvestigation_victim_id_138154ee; Type: INDEX; Schema: public; Owner: tipnet
--

CREATE INDEX case_interview_app_arrestinvestigation_victim_id_138154ee ON public.case_interview_app_arrestinvestigation USING btree (victim_id);


--
-- Name: case_interview_app_assista_assistance_id_03caee23; Type: INDEX; Schema: public; Owner: tipnet
--

CREATE INDEX case_interview_app_assista_assistance_id_03caee23 ON public.case_interview_app_assistance_education_assistance_provider USING btree (assistance_id);


--
-- Name: case_interview_app_assista_assistance_id_0564e0ba; Type: INDEX; Schema: public; Owner: tipnet
--

CREATE INDEX case_interview_app_assista_assistance_id_0564e0ba ON public.case_interview_app_assistance_legal_assistance_provider USING btree (assistance_id);


--
-- Name: case_interview_app_assista_assistance_id_21801452; Type: INDEX; Schema: public; Owner: tipnet
--

CREATE INDEX case_interview_app_assista_assistance_id_21801452 ON public.case_interview_app_assistance_im_emmigration_assistance_pro0797 USING btree (assistance_id);


--
-- Name: case_interview_app_assista_assistance_id_289a7ea7; Type: INDEX; Schema: public; Owner: tipnet
--

CREATE INDEX case_interview_app_assista_assistance_id_289a7ea7 ON public.case_interview_app_assistance_housing_allowance_provider USING btree (assistance_id);


--
-- Name: case_interview_app_assista_assistance_id_3f60c2a2; Type: INDEX; Schema: public; Owner: tipnet
--

CREATE INDEX case_interview_app_assista_assistance_id_3f60c2a2 ON public.case_interview_app_assistance_vocational_training_provider USING btree (assistance_id);


--
-- Name: case_interview_app_assista_assistance_id_64499c9b; Type: INDEX; Schema: public; Owner: tipnet
--

CREATE INDEX case_interview_app_assista_assistance_id_64499c9b ON public.case_interview_app_assistance_med_rehab_provider USING btree (assistance_id);


--
-- Name: case_interview_app_assista_assistance_id_67e6288a; Type: INDEX; Schema: public; Owner: tipnet
--

CREATE INDEX case_interview_app_assista_assistance_id_67e6288a ON public.case_interview_app_assistance_social_assistance_provider USING btree (assistance_id);


--
-- Name: case_interview_app_assista_assistance_id_6ba0e0db; Type: INDEX; Schema: public; Owner: tipnet
--

CREATE INDEX case_interview_app_assista_assistance_id_6ba0e0db ON public.case_interview_app_assistance_other_community_assistance_pr1378 USING btree (assistance_id);


--
-- Name: case_interview_app_assista_assistance_id_93082084; Type: INDEX; Schema: public; Owner: tipnet
--

CREATE INDEX case_interview_app_assista_assistance_id_93082084 ON public.case_interview_app_assistance_micro_ent_income_provider USING btree (assistance_id);


--
-- Name: case_interview_app_assista_assistance_id_977888d7; Type: INDEX; Schema: public; Owner: tipnet
--

CREATE INDEX case_interview_app_assista_assistance_id_977888d7 ON public.case_interview_app_assistance_shelter_provider USING btree (assistance_id);


--
-- Name: case_interview_app_assista_assistance_id_cf8b1b9c; Type: INDEX; Schema: public; Owner: tipnet
--

CREATE INDEX case_interview_app_assista_assistance_id_cf8b1b9c ON public.case_interview_app_assistance_halfway_house_providers USING btree (assistance_id);


--
-- Name: case_interview_app_assista_assistance_id_f22a6984; Type: INDEX; Schema: public; Owner: tipnet
--

CREATE INDEX case_interview_app_assista_assistance_id_f22a6984 ON public.case_interview_app_assistance_financial_assistance_provider USING btree (assistance_id);


--
-- Name: case_interview_app_assista_assistance_id_f5928da0; Type: INDEX; Schema: public; Owner: tipnet
--

CREATE INDEX case_interview_app_assista_assistance_id_f5928da0 ON public.case_interview_app_assistance_medical_assistance_provider USING btree (assistance_id);


--
-- Name: case_interview_app_assista_data_supplier_id_deb0c751; Type: INDEX; Schema: public; Owner: tipnet
--

CREATE INDEX case_interview_app_assista_data_supplier_id_deb0c751 ON public.case_interview_app_assistanceaggregatedata USING btree (data_supplier_id);


--
-- Name: case_interview_app_assista_education_assistance_level_e0552d8a; Type: INDEX; Schema: public; Owner: tipnet
--

CREATE INDEX case_interview_app_assista_education_assistance_level_e0552d8a ON public.case_interview_app_assistance USING btree (education_assistance_level_id);


--
-- Name: case_interview_app_assista_im_emmigration_assistance__156f0adc; Type: INDEX; Schema: public; Owner: tipnet
--

CREATE INDEX case_interview_app_assista_im_emmigration_assistance__156f0adc ON public.case_interview_app_assistance USING btree (im_emmigration_assistance_status_id);


--
-- Name: case_interview_app_assista_interviewer_id_5066ded5; Type: INDEX; Schema: public; Owner: tipnet
--

CREATE INDEX case_interview_app_assista_interviewer_id_5066ded5 ON public.case_interview_app_assistanceaggregatedata USING btree (interviewer_id);


--
-- Name: case_interview_app_assista_micro_ent_income_project_i_4fb453ff; Type: INDEX; Schema: public; Owner: tipnet
--

CREATE INDEX case_interview_app_assista_micro_ent_income_project_i_4fb453ff ON public.case_interview_app_assistance USING btree (micro_ent_income_project_id);


--
-- Name: case_interview_app_assista_other_community_assistance_113ca87e; Type: INDEX; Schema: public; Owner: tipnet
--

CREATE INDEX case_interview_app_assista_other_community_assistance_113ca87e ON public.case_interview_app_assistance USING btree (other_community_assistance_type_id);


--
-- Name: case_interview_app_assista_provider_id_1336c24d; Type: INDEX; Schema: public; Owner: tipnet
--

CREATE INDEX case_interview_app_assista_provider_id_1336c24d ON public.case_interview_app_assistance_housing_allowance_provider USING btree (provider_id);


--
-- Name: case_interview_app_assista_provider_id_15c26763; Type: INDEX; Schema: public; Owner: tipnet
--

CREATE INDEX case_interview_app_assista_provider_id_15c26763 ON public.case_interview_app_assistance_im_emmigration_assistance_pro0797 USING btree (provider_id);


--
-- Name: case_interview_app_assista_provider_id_15c8278d; Type: INDEX; Schema: public; Owner: tipnet
--

CREATE INDEX case_interview_app_assista_provider_id_15c8278d ON public.case_interview_app_assistance_shelter_provider USING btree (provider_id);


--
-- Name: case_interview_app_assista_provider_id_1985789d; Type: INDEX; Schema: public; Owner: tipnet
--

CREATE INDEX case_interview_app_assista_provider_id_1985789d ON public.case_interview_app_assistance_legal_assistance_provider USING btree (provider_id);


--
-- Name: case_interview_app_assista_provider_id_19c74d9b; Type: INDEX; Schema: public; Owner: tipnet
--

CREATE INDEX case_interview_app_assista_provider_id_19c74d9b ON public.case_interview_app_assistance_social_assistance_provider USING btree (provider_id);


--
-- Name: case_interview_app_assista_provider_id_46c7215e; Type: INDEX; Schema: public; Owner: tipnet
--

CREATE INDEX case_interview_app_assista_provider_id_46c7215e ON public.case_interview_app_assistance_halfway_house_providers USING btree (provider_id);


--
-- Name: case_interview_app_assista_provider_id_6b180338; Type: INDEX; Schema: public; Owner: tipnet
--

CREATE INDEX case_interview_app_assista_provider_id_6b180338 ON public.case_interview_app_assistance_education_assistance_provider USING btree (provider_id);


--
-- Name: case_interview_app_assista_provider_id_963ecb6f; Type: INDEX; Schema: public; Owner: tipnet
--

CREATE INDEX case_interview_app_assista_provider_id_963ecb6f ON public.case_interview_app_assistance_med_rehab_provider USING btree (provider_id);


--
-- Name: case_interview_app_assista_provider_id_abe5e656; Type: INDEX; Schema: public; Owner: tipnet
--

CREATE INDEX case_interview_app_assista_provider_id_abe5e656 ON public.case_interview_app_assistance_financial_assistance_provider USING btree (provider_id);


--
-- Name: case_interview_app_assista_provider_id_ba8bc7a7; Type: INDEX; Schema: public; Owner: tipnet
--

CREATE INDEX case_interview_app_assista_provider_id_ba8bc7a7 ON public.case_interview_app_assistance_vocational_training_provider USING btree (provider_id);


--
-- Name: case_interview_app_assista_provider_id_c40d1856; Type: INDEX; Schema: public; Owner: tipnet
--

CREATE INDEX case_interview_app_assista_provider_id_c40d1856 ON public.case_interview_app_assistance_other_community_assistance_pr1378 USING btree (provider_id);


--
-- Name: case_interview_app_assista_provider_id_c67a1046; Type: INDEX; Schema: public; Owner: tipnet
--

CREATE INDEX case_interview_app_assista_provider_id_c67a1046 ON public.case_interview_app_assistance_micro_ent_income_provider USING btree (provider_id);


--
-- Name: case_interview_app_assista_provider_id_ebb8841a; Type: INDEX; Schema: public; Owner: tipnet
--

CREATE INDEX case_interview_app_assista_provider_id_ebb8841a ON public.case_interview_app_assistance_medical_assistance_provider USING btree (provider_id);


--
-- Name: case_interview_app_assistance_approval_id_e0ca4481; Type: INDEX; Schema: public; Owner: tipnet
--

CREATE INDEX case_interview_app_assistance_approval_id_e0ca4481 ON public.case_interview_app_assistance USING btree (approval_id);


--
-- Name: case_interview_app_assistance_interviewer_id_89f44028; Type: INDEX; Schema: public; Owner: tipnet
--

CREATE INDEX case_interview_app_assistance_interviewer_id_89f44028 ON public.case_interview_app_assistance USING btree (interviewer_id);


--
-- Name: case_interview_app_assistance_victim_id_12dd8a1a; Type: INDEX; Schema: public; Owner: tipnet
--

CREATE INDEX case_interview_app_assistance_victim_id_12dd8a1a ON public.case_interview_app_assistance USING btree (victim_id);


--
-- Name: case_interview_app_assistanceaggregatedata_approval_id_6b1f2840; Type: INDEX; Schema: public; Owner: tipnet
--

CREATE INDEX case_interview_app_assistanceaggregatedata_approval_id_6b1f2840 ON public.case_interview_app_assistanceaggregatedata USING btree (approval_id);


--
-- Name: case_interview_app_exploit_bodypart_id_98947498; Type: INDEX; Schema: public; Owner: tipnet
--

CREATE INDEX case_interview_app_exploit_bodypart_id_98947498 ON public.case_interview_app_exploitation_e_body_part_removed USING btree (bodypart_id);


--
-- Name: case_interview_app_exploit_bridepricerecipient_id_cbd86fcd; Type: INDEX; Schema: public; Owner: tipnet
--

CREATE INDEX case_interview_app_exploit_bridepricerecipient_id_cbd86fcd ON public.case_interview_app_exploitation_e_brice_recipient USING btree (bridepricerecipient_id);


--
-- Name: case_interview_app_exploit_childmarriagereason_id_563b746b; Type: INDEX; Schema: public; Owner: tipnet
--

CREATE INDEX case_interview_app_exploit_childmarriagereason_id_563b746b ON public.case_interview_app_exploitation_e_child_marriage_reason USING btree (childmarriagereason_id);


--
-- Name: case_interview_app_exploit_criminalactivitytype_id_f91fb652; Type: INDEX; Schema: public; Owner: tipnet
--

CREATE INDEX case_interview_app_exploit_criminalactivitytype_id_f91fb652 ON public.case_interview_app_exploitation_e_criminal_activity_type USING btree (criminalactivitytype_id);


--
-- Name: case_interview_app_exploit_e_forced_military_type_id_a8c33cfa; Type: INDEX; Schema: public; Owner: tipnet
--

CREATE INDEX case_interview_app_exploit_e_forced_military_type_id_a8c33cfa ON public.case_interview_app_exploitation USING btree (e_forced_military_type_id);


--
-- Name: case_interview_app_exploit_e_operation_location_id_118c7a17; Type: INDEX; Schema: public; Owner: tipnet
--

CREATE INDEX case_interview_app_exploit_e_operation_location_id_118c7a17 ON public.case_interview_app_exploitation USING btree (e_operation_location_id);


--
-- Name: case_interview_app_exploit_e_recruiter_relationship_i_b9867a02; Type: INDEX; Schema: public; Owner: tipnet
--

CREATE INDEX case_interview_app_exploit_e_recruiter_relationship_i_b9867a02 ON public.case_interview_app_exploitation USING btree (e_recruiter_relationship_id);


--
-- Name: case_interview_app_exploit_e_spouse_nationality_id_44b61d36; Type: INDEX; Schema: public; Owner: tipnet
--

CREATE INDEX case_interview_app_exploit_e_spouse_nationality_id_44b61d36 ON public.case_interview_app_exploitation USING btree (e_spouse_nationality_id);


--
-- Name: case_interview_app_exploit_exploitation_id_3a1f4279; Type: INDEX; Schema: public; Owner: tipnet
--

CREATE INDEX case_interview_app_exploit_exploitation_id_3a1f4279 ON public.case_interview_app_exploitation_e_body_part_removed USING btree (exploitation_id);


--
-- Name: case_interview_app_exploit_exploitation_id_44e156b9; Type: INDEX; Schema: public; Owner: tipnet
--

CREATE INDEX case_interview_app_exploit_exploitation_id_44e156b9 ON public.case_interview_app_exploitation_e_brice_recipient USING btree (exploitation_id);


--
-- Name: case_interview_app_exploit_exploitation_id_7c489a62; Type: INDEX; Schema: public; Owner: tipnet
--

CREATE INDEX case_interview_app_exploit_exploitation_id_7c489a62 ON public.case_interview_app_exploitation_e_child_marriage_reason USING btree (exploitation_id);


--
-- Name: case_interview_app_exploit_exploitation_id_83cc893f; Type: INDEX; Schema: public; Owner: tipnet
--

CREATE INDEX case_interview_app_exploit_exploitation_id_83cc893f ON public.case_interview_app_exploitation_e_marriage_violence_type USING btree (exploitation_id);


--
-- Name: case_interview_app_exploit_exploitation_id_86b660de; Type: INDEX; Schema: public; Owner: tipnet
--

CREATE INDEX case_interview_app_exploit_exploitation_id_86b660de ON public.case_interview_app_exploitation_e_forced_labour_industry USING btree (exploitation_id);


--
-- Name: case_interview_app_exploit_exploitation_id_9e978fbb; Type: INDEX; Schema: public; Owner: tipnet
--

CREATE INDEX case_interview_app_exploit_exploitation_id_9e978fbb ON public.case_interview_app_exploitation_e_criminal_activity_type USING btree (exploitation_id);


--
-- Name: case_interview_app_exploit_exploitation_id_b0284741; Type: INDEX; Schema: public; Owner: tipnet
--

CREATE INDEX case_interview_app_exploit_exploitation_id_b0284741 ON public.case_interview_app_exploitation_e_trafficking_means USING btree (exploitation_id);


--
-- Name: case_interview_app_exploit_exploitation_id_c9660638; Type: INDEX; Schema: public; Owner: tipnet
--

CREATE INDEX case_interview_app_exploit_exploitation_id_c9660638 ON public.case_interview_app_exploitation_e_victim_military_activities USING btree (exploitation_id);


--
-- Name: case_interview_app_exploit_forcedlabourindustry_id_a8c38fbb; Type: INDEX; Schema: public; Owner: tipnet
--

CREATE INDEX case_interview_app_exploit_forcedlabourindustry_id_a8c38fbb ON public.case_interview_app_exploitation_e_forced_labour_industry USING btree (forcedlabourindustry_id);


--
-- Name: case_interview_app_exploit_marriageviolencetype_id_dad0b351; Type: INDEX; Schema: public; Owner: tipnet
--

CREATE INDEX case_interview_app_exploit_marriageviolencetype_id_dad0b351 ON public.case_interview_app_exploitation_e_marriage_violence_type USING btree (marriageviolencetype_id);


--
-- Name: case_interview_app_exploit_militaryactivity_id_576cb60d; Type: INDEX; Schema: public; Owner: tipnet
--

CREATE INDEX case_interview_app_exploit_militaryactivity_id_576cb60d ON public.case_interview_app_exploitation_e_victim_military_activities USING btree (militaryactivity_id);


--
-- Name: case_interview_app_exploit_traffickingmean_id_622fffb6; Type: INDEX; Schema: public; Owner: tipnet
--

CREATE INDEX case_interview_app_exploit_traffickingmean_id_622fffb6 ON public.case_interview_app_exploitation_e_trafficking_means USING btree (traffickingmean_id);


--
-- Name: case_interview_app_exploitation_approval_id_d753fa57; Type: INDEX; Schema: public; Owner: tipnet
--

CREATE INDEX case_interview_app_exploitation_approval_id_d753fa57 ON public.case_interview_app_exploitation USING btree (approval_id);


--
-- Name: case_interview_app_exploitation_e_bprice_paid_id_0de57968; Type: INDEX; Schema: public; Owner: tipnet
--

CREATE INDEX case_interview_app_exploitation_e_bprice_paid_id_0de57968 ON public.case_interview_app_exploitation USING btree (e_bprice_paid_id);


--
-- Name: case_interview_app_exploitation_e_marriage_violence_id_411b9dc9; Type: INDEX; Schema: public; Owner: tipnet
--

CREATE INDEX case_interview_app_exploitation_e_marriage_violence_id_411b9dc9 ON public.case_interview_app_exploitation USING btree (e_marriage_violence_id);


--
-- Name: case_interview_app_exploitation_e_operation_country_id_5fdc6fd8; Type: INDEX; Schema: public; Owner: tipnet
--

CREATE INDEX case_interview_app_exploitation_e_operation_country_id_5fdc6fd8 ON public.case_interview_app_exploitation USING btree (e_operation_country_id);


--
-- Name: case_interview_app_exploitation_e_organ_paid_to_id_a7db9db6; Type: INDEX; Schema: public; Owner: tipnet
--

CREATE INDEX case_interview_app_exploitation_e_organ_paid_to_id_a7db9db6 ON public.case_interview_app_exploitation USING btree (e_organ_paid_to_id);


--
-- Name: case_interview_app_exploitation_e_recruitment_type_id_8cf7db36; Type: INDEX; Schema: public; Owner: tipnet
--

CREATE INDEX case_interview_app_exploitation_e_recruitment_type_id_8cf7db36 ON public.case_interview_app_exploitation USING btree (e_recruitment_type_id);


--
-- Name: case_interview_app_exploitation_exploitation_age_id_981347cf; Type: INDEX; Schema: public; Owner: tipnet
--

CREATE INDEX case_interview_app_exploitation_exploitation_age_id_981347cf ON public.case_interview_app_exploitation USING btree (exploitation_age_id);


--
-- Name: case_interview_app_exploitation_freed_method_id_fe49ddcb; Type: INDEX; Schema: public; Owner: tipnet
--

CREATE INDEX case_interview_app_exploitation_freed_method_id_fe49ddcb ON public.case_interview_app_exploitation USING btree (freed_method_id);


--
-- Name: case_interview_app_exploitation_interviewer_id_470d7c07; Type: INDEX; Schema: public; Owner: tipnet
--

CREATE INDEX case_interview_app_exploitation_interviewer_id_470d7c07 ON public.case_interview_app_exploitation USING btree (interviewer_id);


--
-- Name: case_interview_app_exploitation_victim_id_317bf6c4; Type: INDEX; Schema: public; Owner: tipnet
--

CREATE INDEX case_interview_app_exploitation_victim_id_317bf6c4 ON public.case_interview_app_exploitation USING btree (victim_id);


--
-- Name: case_interview_app_intervi_interviewer_id_8b58068f; Type: INDEX; Schema: public; Owner: tipnet
--

CREATE INDEX case_interview_app_intervi_interviewer_id_8b58068f ON public.case_interview_app_interviewer_som_victims USING btree (interviewer_id);


--
-- Name: case_interview_app_intervi_interviewer_id_d6458f5d; Type: INDEX; Schema: public; Owner: tipnet
--

CREATE INDEX case_interview_app_intervi_interviewer_id_d6458f5d ON public.case_interview_app_interviewer_som_cases USING btree (interviewer_id);


--
-- Name: case_interview_app_intervi_somvictimprofile_id_b6517cad; Type: INDEX; Schema: public; Owner: tipnet
--

CREATE INDEX case_interview_app_intervi_somvictimprofile_id_b6517cad ON public.case_interview_app_interviewer_som_victims USING btree (somvictimprofile_id);


--
-- Name: case_interview_app_intervi_victimprofile_id_6eea7bf3; Type: INDEX; Schema: public; Owner: tipnet
--

CREATE INDEX case_interview_app_intervi_victimprofile_id_6eea7bf3 ON public.case_interview_app_interviewer_victims USING btree (victimprofile_id);


--
-- Name: case_interview_app_interviewer_approval_id_5358832f; Type: INDEX; Schema: public; Owner: tipnet
--

CREATE INDEX case_interview_app_interviewer_approval_id_5358832f ON public.case_interview_app_interviewer USING btree (approval_id);


--
-- Name: case_interview_app_interviewer_country_id_9c780aac; Type: INDEX; Schema: public; Owner: tipnet
--

CREATE INDEX case_interview_app_interviewer_country_id_9c780aac ON public.case_interview_app_interviewer USING btree (country_id);


--
-- Name: case_interview_app_interviewer_data_entry_purpose_id_5af1c178; Type: INDEX; Schema: public; Owner: tipnet
--

CREATE INDEX case_interview_app_interviewer_data_entry_purpose_id_5af1c178 ON public.case_interview_app_interviewer USING btree (data_entry_purpose_id);


--
-- Name: case_interview_app_interviewer_som_cases_somcase_id_4a515bce; Type: INDEX; Schema: public; Owner: tipnet
--

CREATE INDEX case_interview_app_interviewer_som_cases_somcase_id_4a515bce ON public.case_interview_app_interviewer_som_cases USING btree (somcase_id);


--
-- Name: case_interview_app_interviewer_victims_interviewer_id_b441e770; Type: INDEX; Schema: public; Owner: tipnet
--

CREATE INDEX case_interview_app_interviewer_victims_interviewer_id_b441e770 ON public.case_interview_app_interviewer_victims USING btree (interviewer_id);


--
-- Name: case_interview_app_prosecu_guilty_verdict_reason_id_3b5aba97; Type: INDEX; Schema: public; Owner: tipnet
--

CREATE INDEX case_interview_app_prosecu_guilty_verdict_reason_id_3b5aba97 ON public.case_interview_app_prosecution USING btree (guilty_verdict_reason_id);


--
-- Name: case_interview_app_prosecution_approval_id_b18f3ab6; Type: INDEX; Schema: public; Owner: tipnet
--

CREATE INDEX case_interview_app_prosecution_approval_id_b18f3ab6 ON public.case_interview_app_prosecution USING btree (approval_id);


--
-- Name: case_interview_app_prosecution_aquital_reason_id_42459820; Type: INDEX; Schema: public; Owner: tipnet
--

CREATE INDEX case_interview_app_prosecution_aquital_reason_id_42459820 ON public.case_interview_app_prosecution USING btree (aquital_reason_id);


--
-- Name: case_interview_app_prosecution_interviewer_id_d2b770b3; Type: INDEX; Schema: public; Owner: tipnet
--

CREATE INDEX case_interview_app_prosecution_interviewer_id_d2b770b3 ON public.case_interview_app_prosecution USING btree (interviewer_id);


--
-- Name: case_interview_app_prosecution_prosecution_outcome_id_33050980; Type: INDEX; Schema: public; Owner: tipnet
--

CREATE INDEX case_interview_app_prosecution_prosecution_outcome_id_33050980 ON public.case_interview_app_prosecution USING btree (prosecution_outcome_id);


--
-- Name: case_interview_app_prosecution_sanction_penalty_id_b4e2556f; Type: INDEX; Schema: public; Owner: tipnet
--

CREATE INDEX case_interview_app_prosecution_sanction_penalty_id_b4e2556f ON public.case_interview_app_prosecution USING btree (sanction_penalty_id);


--
-- Name: case_interview_app_prosecution_status_of_case_id_025e4b1c; Type: INDEX; Schema: public; Owner: tipnet
--

CREATE INDEX case_interview_app_prosecution_status_of_case_id_025e4b1c ON public.case_interview_app_prosecution USING btree (status_of_case_id);


--
-- Name: case_interview_app_prosecution_trafficker_id_98e14c57; Type: INDEX; Schema: public; Owner: tipnet
--

CREATE INDEX case_interview_app_prosecution_trafficker_id_98e14c57 ON public.case_interview_app_prosecution USING btree (trafficker_id);


--
-- Name: case_interview_app_prosecution_trial_court_country_id_8566a73b; Type: INDEX; Schema: public; Owner: tipnet
--

CREATE INDEX case_interview_app_prosecution_trial_court_country_id_8566a73b ON public.case_interview_app_prosecution USING btree (trial_court_country_id);


--
-- Name: case_interview_app_prosecution_trial_court_id_a15201f7; Type: INDEX; Schema: public; Owner: tipnet
--

CREATE INDEX case_interview_app_prosecution_trial_court_id_a15201f7 ON public.case_interview_app_prosecution USING btree (trial_court_id);


--
-- Name: case_interview_app_prosecution_verdict_id_2f8a9926; Type: INDEX; Schema: public; Owner: tipnet
--

CREATE INDEX case_interview_app_prosecution_verdict_id_2f8a9926 ON public.case_interview_app_prosecution USING btree (verdict_id);


--
-- Name: case_interview_app_prosecution_victim_id_63da85de; Type: INDEX; Schema: public; Owner: tipnet
--

CREATE INDEX case_interview_app_prosecution_victim_id_63da85de ON public.case_interview_app_prosecution USING btree (victim_id);


--
-- Name: case_interview_app_search_data_entry_purpose_id_d6f1609c; Type: INDEX; Schema: public; Owner: tipnet
--

CREATE INDEX case_interview_app_search_data_entry_purpose_id_d6f1609c ON public.case_interview_app_search USING btree (data_entry_purpose_id);


--
-- Name: case_interview_app_search_search_tag_id_5ccee7e3; Type: INDEX; Schema: public; Owner: tipnet
--

CREATE INDEX case_interview_app_search_search_tag_id_5ccee7e3 ON public.case_interview_app_search USING btree (search_tag_id);


--
-- Name: case_interview_app_socioec_occupation_id_22bd5b72; Type: INDEX; Schema: public; Owner: tipnet
--

CREATE INDEX case_interview_app_socioec_occupation_id_22bd5b72 ON public.case_interview_app_socioeconomic_last_occupation USING btree (occupation_id);


--
-- Name: case_interview_app_socioec_socioeconomic_id_b9ae0b65; Type: INDEX; Schema: public; Owner: tipnet
--

CREATE INDEX case_interview_app_socioec_socioeconomic_id_b9ae0b65 ON public.case_interview_app_socioeconomic_last_occupation USING btree (socioeconomic_id);


--
-- Name: case_interview_app_socioeconomic_approval_id_34cd2574; Type: INDEX; Schema: public; Owner: tipnet
--

CREATE INDEX case_interview_app_socioeconomic_approval_id_34cd2574 ON public.case_interview_app_socioeconomic USING btree (approval_id);


--
-- Name: case_interview_app_socioeconomic_education_level_id_f3ec23f4; Type: INDEX; Schema: public; Owner: tipnet
--

CREATE INDEX case_interview_app_socioeconomic_education_level_id_f3ec23f4 ON public.case_interview_app_socioeconomic USING btree (education_level_id);


--
-- Name: case_interview_app_socioeconomic_family_structure_id_8b6f0cdf; Type: INDEX; Schema: public; Owner: tipnet
--

CREATE INDEX case_interview_app_socioeconomic_family_structure_id_8b6f0cdf ON public.case_interview_app_socioeconomic USING btree (family_structure_id);


--
-- Name: case_interview_app_socioeconomic_interviewer_id_4076b408; Type: INDEX; Schema: public; Owner: tipnet
--

CREATE INDEX case_interview_app_socioeconomic_interviewer_id_4076b408 ON public.case_interview_app_socioeconomic USING btree (interviewer_id);


--
-- Name: case_interview_app_socioeconomic_living_with_id_12ba0842; Type: INDEX; Schema: public; Owner: tipnet
--

CREATE INDEX case_interview_app_socioeconomic_living_with_id_12ba0842 ON public.case_interview_app_socioeconomic USING btree (living_with_id);


--
-- Name: case_interview_app_socioeconomic_victim_id_c0082c5a; Type: INDEX; Schema: public; Owner: tipnet
--

CREATE INDEX case_interview_app_socioeconomic_victim_id_c0082c5a ON public.case_interview_app_socioeconomic USING btree (victim_id);


--
-- Name: case_interview_app_somarre_interviewer_id_740ee25e; Type: INDEX; Schema: public; Owner: tipnet
--

CREATE INDEX case_interview_app_somarre_interviewer_id_740ee25e ON public.case_interview_app_somarrestinvestigation USING btree (interviewer_id);


--
-- Name: case_interview_app_somarre_investigation_status_id_ede1fec3; Type: INDEX; Schema: public; Owner: tipnet
--

CREATE INDEX case_interview_app_somarre_investigation_status_id_ede1fec3 ON public.case_interview_app_somarrestinvestigation USING btree (investigation_status_id);


--
-- Name: case_interview_app_somarre_somarrestinvestigation_id_bc142ab9; Type: INDEX; Schema: public; Owner: tipnet
--

CREATE INDEX case_interview_app_somarre_somarrestinvestigation_id_bc142ab9 ON public.case_interview_app_somarrestinvestigation_how_traffickers_org USING btree (somarrestinvestigation_id);


--
-- Name: case_interview_app_somarre_traffickerorg_id_e5d846a6; Type: INDEX; Schema: public; Owner: tipnet
--

CREATE INDEX case_interview_app_somarre_traffickerorg_id_e5d846a6 ON public.case_interview_app_somarrestinvestigation_how_traffickers_org USING btree (traffickerorg_id);


--
-- Name: case_interview_app_somarrestinvestigation_approval_id_98afba55; Type: INDEX; Schema: public; Owner: tipnet
--

CREATE INDEX case_interview_app_somarrestinvestigation_approval_id_98afba55 ON public.case_interview_app_somarrestinvestigation USING btree (approval_id);


--
-- Name: case_interview_app_somarrestinvestigation_case_id_ac7363ce; Type: INDEX; Schema: public; Owner: tipnet
--

CREATE INDEX case_interview_app_somarrestinvestigation_case_id_ac7363ce ON public.case_interview_app_somarrestinvestigation USING btree (case_id);


--
-- Name: case_interview_app_somassi_education_assistance_level_06983aa4; Type: INDEX; Schema: public; Owner: tipnet
--

CREATE INDEX case_interview_app_somassi_education_assistance_level_06983aa4 ON public.case_interview_app_somassistance USING btree (education_assistance_level_id);


--
-- Name: case_interview_app_somassi_im_emmigration_assistance__dbdaf5ef; Type: INDEX; Schema: public; Owner: tipnet
--

CREATE INDEX case_interview_app_somassi_im_emmigration_assistance__dbdaf5ef ON public.case_interview_app_somassistance USING btree (im_emmigration_assistance_status_id);


--
-- Name: case_interview_app_somassi_micro_ent_income_project_i_50b91de4; Type: INDEX; Schema: public; Owner: tipnet
--

CREATE INDEX case_interview_app_somassi_micro_ent_income_project_i_50b91de4 ON public.case_interview_app_somassistance USING btree (micro_ent_income_project_id);


--
-- Name: case_interview_app_somassi_other_community_assistance_bf10958c; Type: INDEX; Schema: public; Owner: tipnet
--

CREATE INDEX case_interview_app_somassi_other_community_assistance_bf10958c ON public.case_interview_app_somassistance USING btree (other_community_assistance_type_id);


--
-- Name: case_interview_app_somassi_provider_id_01b4c875; Type: INDEX; Schema: public; Owner: tipnet
--

CREATE INDEX case_interview_app_somassi_provider_id_01b4c875 ON public.case_interview_app_somassistance_vocational_training_provider USING btree (provider_id);


--
-- Name: case_interview_app_somassi_provider_id_18bcfd9f; Type: INDEX; Schema: public; Owner: tipnet
--

CREATE INDEX case_interview_app_somassi_provider_id_18bcfd9f ON public.case_interview_app_somassistance_financial_assistance_provider USING btree (provider_id);


--
-- Name: case_interview_app_somassi_provider_id_2d580e48; Type: INDEX; Schema: public; Owner: tipnet
--

CREATE INDEX case_interview_app_somassi_provider_id_2d580e48 ON public.case_interview_app_somassistance_medical_assistance_provider USING btree (provider_id);


--
-- Name: case_interview_app_somassi_provider_id_4e7c9704; Type: INDEX; Schema: public; Owner: tipnet
--

CREATE INDEX case_interview_app_somassi_provider_id_4e7c9704 ON public.case_interview_app_somassistance_education_assistance_provider USING btree (provider_id);


--
-- Name: case_interview_app_somassi_provider_id_69af95a9; Type: INDEX; Schema: public; Owner: tipnet
--

CREATE INDEX case_interview_app_somassi_provider_id_69af95a9 ON public.case_interview_app_somassistance_other_community_assistancef9fa USING btree (provider_id);


--
-- Name: case_interview_app_somassi_provider_id_87f38499; Type: INDEX; Schema: public; Owner: tipnet
--

CREATE INDEX case_interview_app_somassi_provider_id_87f38499 ON public.case_interview_app_somassistance_med_rehab_provider USING btree (provider_id);


--
-- Name: case_interview_app_somassi_provider_id_950db99b; Type: INDEX; Schema: public; Owner: tipnet
--

CREATE INDEX case_interview_app_somassi_provider_id_950db99b ON public.case_interview_app_somassistance_legal_assistance_provider USING btree (provider_id);


--
-- Name: case_interview_app_somassi_provider_id_a19ba931; Type: INDEX; Schema: public; Owner: tipnet
--

CREATE INDEX case_interview_app_somassi_provider_id_a19ba931 ON public.case_interview_app_somassistance_housing_allowance_provider USING btree (provider_id);


--
-- Name: case_interview_app_somassi_provider_id_adcf0f31; Type: INDEX; Schema: public; Owner: tipnet
--

CREATE INDEX case_interview_app_somassi_provider_id_adcf0f31 ON public.case_interview_app_somassistance_micro_ent_income_provider USING btree (provider_id);


--
-- Name: case_interview_app_somassi_provider_id_b9cbedf8; Type: INDEX; Schema: public; Owner: tipnet
--

CREATE INDEX case_interview_app_somassi_provider_id_b9cbedf8 ON public.case_interview_app_somassistance_halfway_house_providers USING btree (provider_id);


--
-- Name: case_interview_app_somassi_provider_id_d61c60a2; Type: INDEX; Schema: public; Owner: tipnet
--

CREATE INDEX case_interview_app_somassi_provider_id_d61c60a2 ON public.case_interview_app_somassistance_im_emmigration_assistance_5235 USING btree (provider_id);


--
-- Name: case_interview_app_somassi_provider_id_def9a5a2; Type: INDEX; Schema: public; Owner: tipnet
--

CREATE INDEX case_interview_app_somassi_provider_id_def9a5a2 ON public.case_interview_app_somassistance_social_assistance_provider USING btree (provider_id);


--
-- Name: case_interview_app_somassi_provider_id_f4b58a44; Type: INDEX; Schema: public; Owner: tipnet
--

CREATE INDEX case_interview_app_somassi_provider_id_f4b58a44 ON public.case_interview_app_somassistance_shelter_provider USING btree (provider_id);


--
-- Name: case_interview_app_somassi_somassistance_id_3c375687; Type: INDEX; Schema: public; Owner: tipnet
--

CREATE INDEX case_interview_app_somassi_somassistance_id_3c375687 ON public.case_interview_app_somassistance_medical_assistance_provider USING btree (somassistance_id);


--
-- Name: case_interview_app_somassi_somassistance_id_3edc1b77; Type: INDEX; Schema: public; Owner: tipnet
--

CREATE INDEX case_interview_app_somassi_somassistance_id_3edc1b77 ON public.case_interview_app_somassistance_vocational_training_provider USING btree (somassistance_id);


--
-- Name: case_interview_app_somassi_somassistance_id_4c5c88ee; Type: INDEX; Schema: public; Owner: tipnet
--

CREATE INDEX case_interview_app_somassi_somassistance_id_4c5c88ee ON public.case_interview_app_somassistance_other_community_assistancef9fa USING btree (somassistance_id);


--
-- Name: case_interview_app_somassi_somassistance_id_4ec492b4; Type: INDEX; Schema: public; Owner: tipnet
--

CREATE INDEX case_interview_app_somassi_somassistance_id_4ec492b4 ON public.case_interview_app_somassistance_education_assistance_provider USING btree (somassistance_id);


--
-- Name: case_interview_app_somassi_somassistance_id_52abd5cf; Type: INDEX; Schema: public; Owner: tipnet
--

CREATE INDEX case_interview_app_somassi_somassistance_id_52abd5cf ON public.case_interview_app_somassistance_micro_ent_income_provider USING btree (somassistance_id);


--
-- Name: case_interview_app_somassi_somassistance_id_66bf86fe; Type: INDEX; Schema: public; Owner: tipnet
--

CREATE INDEX case_interview_app_somassi_somassistance_id_66bf86fe ON public.case_interview_app_somassistance_med_rehab_provider USING btree (somassistance_id);


--
-- Name: case_interview_app_somassi_somassistance_id_94b4039c; Type: INDEX; Schema: public; Owner: tipnet
--

CREATE INDEX case_interview_app_somassi_somassistance_id_94b4039c ON public.case_interview_app_somassistance_legal_assistance_provider USING btree (somassistance_id);


--
-- Name: case_interview_app_somassi_somassistance_id_a7ee3ce3; Type: INDEX; Schema: public; Owner: tipnet
--

CREATE INDEX case_interview_app_somassi_somassistance_id_a7ee3ce3 ON public.case_interview_app_somassistance_im_emmigration_assistance_5235 USING btree (somassistance_id);


--
-- Name: case_interview_app_somassi_somassistance_id_a8fa4aed; Type: INDEX; Schema: public; Owner: tipnet
--

CREATE INDEX case_interview_app_somassi_somassistance_id_a8fa4aed ON public.case_interview_app_somassistance_financial_assistance_provider USING btree (somassistance_id);


--
-- Name: case_interview_app_somassi_somassistance_id_ca753563; Type: INDEX; Schema: public; Owner: tipnet
--

CREATE INDEX case_interview_app_somassi_somassistance_id_ca753563 ON public.case_interview_app_somassistance_halfway_house_providers USING btree (somassistance_id);


--
-- Name: case_interview_app_somassi_somassistance_id_e628187b; Type: INDEX; Schema: public; Owner: tipnet
--

CREATE INDEX case_interview_app_somassi_somassistance_id_e628187b ON public.case_interview_app_somassistance_housing_allowance_provider USING btree (somassistance_id);


--
-- Name: case_interview_app_somassi_somassistance_id_eee18583; Type: INDEX; Schema: public; Owner: tipnet
--

CREATE INDEX case_interview_app_somassi_somassistance_id_eee18583 ON public.case_interview_app_somassistance_shelter_provider USING btree (somassistance_id);


--
-- Name: case_interview_app_somassi_somassistance_id_f59690f1; Type: INDEX; Schema: public; Owner: tipnet
--

CREATE INDEX case_interview_app_somassi_somassistance_id_f59690f1 ON public.case_interview_app_somassistance_social_assistance_provider USING btree (somassistance_id);


--
-- Name: case_interview_app_somassistance_approval_id_e7e8f3b3; Type: INDEX; Schema: public; Owner: tipnet
--

CREATE INDEX case_interview_app_somassistance_approval_id_e7e8f3b3 ON public.case_interview_app_somassistance USING btree (approval_id);


--
-- Name: case_interview_app_somassistance_case_id_7e1be0eb; Type: INDEX; Schema: public; Owner: tipnet
--

CREATE INDEX case_interview_app_somassistance_case_id_7e1be0eb ON public.case_interview_app_somassistance USING btree (case_id);


--
-- Name: case_interview_app_somassistance_interviewer_id_8043e93c; Type: INDEX; Schema: public; Owner: tipnet
--

CREATE INDEX case_interview_app_somassistance_interviewer_id_8043e93c ON public.case_interview_app_somassistance USING btree (interviewer_id);


--
-- Name: case_interview_app_somcase_approval_id_568f04f5; Type: INDEX; Schema: public; Owner: tipnet
--

CREATE INDEX case_interview_app_somcase_approval_id_568f04f5 ON public.case_interview_app_somcase USING btree (approval_id);


--
-- Name: case_interview_app_somcase_traffick_from_country_id_de078381; Type: INDEX; Schema: public; Owner: tipnet
--

CREATE INDEX case_interview_app_somcase_traffick_from_country_id_de078381 ON public.case_interview_app_somcase USING btree (traffick_from_country_id);


--
-- Name: case_interview_app_somcase_traffick_to_country_id_a3ec4cf1; Type: INDEX; Schema: public; Owner: tipnet
--

CREATE INDEX case_interview_app_somcase_traffick_to_country_id_a3ec4cf1 ON public.case_interview_app_somcase USING btree (traffick_to_country_id);


--
-- Name: case_interview_app_sommult_country_id_abe27b1f; Type: INDEX; Schema: public; Owner: tipnet
--

CREATE INDEX case_interview_app_sommult_country_id_abe27b1f ON public.case_interview_app_sommultivictimprofile_countries_of_origin USING btree (country_id);


--
-- Name: case_interview_app_sommult_interview_country_id_e58dea9f; Type: INDEX; Schema: public; Owner: tipnet
--

CREATE INDEX case_interview_app_sommult_interview_country_id_e58dea9f ON public.case_interview_app_sommultivictimprofile USING btree (interview_country_id);


--
-- Name: case_interview_app_sommult_sommultivictimprofile_id_3d171d35; Type: INDEX; Schema: public; Owner: tipnet
--

CREATE INDEX case_interview_app_sommult_sommultivictimprofile_id_3d171d35 ON public.case_interview_app_sommultivictimprofile_countries_of_origin USING btree (sommultivictimprofile_id);


--
-- Name: case_interview_app_sommultivictimprofile_approval_id_7585d09c; Type: INDEX; Schema: public; Owner: tipnet
--

CREATE INDEX case_interview_app_sommultivictimprofile_approval_id_7585d09c ON public.case_interview_app_sommultivictimprofile USING btree (approval_id);


--
-- Name: case_interview_app_sommultivictimprofile_case_id_03e7216c; Type: INDEX; Schema: public; Owner: tipnet
--

CREATE INDEX case_interview_app_sommultivictimprofile_case_id_03e7216c ON public.case_interview_app_sommultivictimprofile USING btree (case_id);


--
-- Name: case_interview_app_sompros_guilty_verdict_reason_id_fb0c8b04; Type: INDEX; Schema: public; Owner: tipnet
--

CREATE INDEX case_interview_app_sompros_guilty_verdict_reason_id_fb0c8b04 ON public.case_interview_app_somprosecution USING btree (guilty_verdict_reason_id);


--
-- Name: case_interview_app_sompros_prosecution_outcome_id_063bd1c2; Type: INDEX; Schema: public; Owner: tipnet
--

CREATE INDEX case_interview_app_sompros_prosecution_outcome_id_063bd1c2 ON public.case_interview_app_somprosecution USING btree (prosecution_outcome_id);


--
-- Name: case_interview_app_sompros_trial_court_country_id_69a81a48; Type: INDEX; Schema: public; Owner: tipnet
--

CREATE INDEX case_interview_app_sompros_trial_court_country_id_69a81a48 ON public.case_interview_app_somprosecution USING btree (trial_court_country_id);


--
-- Name: case_interview_app_somprosecution_approval_id_352fe293; Type: INDEX; Schema: public; Owner: tipnet
--

CREATE INDEX case_interview_app_somprosecution_approval_id_352fe293 ON public.case_interview_app_somprosecution USING btree (approval_id);


--
-- Name: case_interview_app_somprosecution_aquital_reason_id_8992c2db; Type: INDEX; Schema: public; Owner: tipnet
--

CREATE INDEX case_interview_app_somprosecution_aquital_reason_id_8992c2db ON public.case_interview_app_somprosecution USING btree (aquital_reason_id);


--
-- Name: case_interview_app_somprosecution_case_id_c1d22769; Type: INDEX; Schema: public; Owner: tipnet
--

CREATE INDEX case_interview_app_somprosecution_case_id_c1d22769 ON public.case_interview_app_somprosecution USING btree (case_id);


--
-- Name: case_interview_app_somprosecution_interviewer_id_7cffd801; Type: INDEX; Schema: public; Owner: tipnet
--

CREATE INDEX case_interview_app_somprosecution_interviewer_id_7cffd801 ON public.case_interview_app_somprosecution USING btree (interviewer_id);


--
-- Name: case_interview_app_somprosecution_sanction_penalty_id_3717ddcc; Type: INDEX; Schema: public; Owner: tipnet
--

CREATE INDEX case_interview_app_somprosecution_sanction_penalty_id_3717ddcc ON public.case_interview_app_somprosecution USING btree (sanction_penalty_id);


--
-- Name: case_interview_app_somprosecution_status_of_case_id_a773f699; Type: INDEX; Schema: public; Owner: tipnet
--

CREATE INDEX case_interview_app_somprosecution_status_of_case_id_a773f699 ON public.case_interview_app_somprosecution USING btree (status_of_case_id);


--
-- Name: case_interview_app_somprosecution_trafficker_id_192de45d; Type: INDEX; Schema: public; Owner: tipnet
--

CREATE INDEX case_interview_app_somprosecution_trafficker_id_192de45d ON public.case_interview_app_somprosecution USING btree (trafficker_id);


--
-- Name: case_interview_app_somprosecution_trial_court_id_06eabcd2; Type: INDEX; Schema: public; Owner: tipnet
--

CREATE INDEX case_interview_app_somprosecution_trial_court_id_06eabcd2 ON public.case_interview_app_somprosecution USING btree (trial_court_id);


--
-- Name: case_interview_app_somprosecution_verdict_id_d68987e8; Type: INDEX; Schema: public; Owner: tipnet
--

CREATE INDEX case_interview_app_somprosecution_verdict_id_d68987e8 ON public.case_interview_app_somprosecution USING btree (verdict_id);


--
-- Name: case_interview_app_somsoci_family_structure_id_17756fc5; Type: INDEX; Schema: public; Owner: tipnet
--

CREATE INDEX case_interview_app_somsoci_family_structure_id_17756fc5 ON public.case_interview_app_somsocioeconomic USING btree (family_structure_id);


--
-- Name: case_interview_app_somsoci_occupation_id_54ffe291; Type: INDEX; Schema: public; Owner: tipnet
--

CREATE INDEX case_interview_app_somsoci_occupation_id_54ffe291 ON public.case_interview_app_somsocioeconomic_last_occupation USING btree (occupation_id);


--
-- Name: case_interview_app_somsoci_somsocioeconomic_id_7f201d1c; Type: INDEX; Schema: public; Owner: tipnet
--

CREATE INDEX case_interview_app_somsoci_somsocioeconomic_id_7f201d1c ON public.case_interview_app_somsocioeconomic_last_occupation USING btree (somsocioeconomic_id);


--
-- Name: case_interview_app_somsocioeconomic_approval_id_84d49c75; Type: INDEX; Schema: public; Owner: tipnet
--

CREATE INDEX case_interview_app_somsocioeconomic_approval_id_84d49c75 ON public.case_interview_app_somsocioeconomic USING btree (approval_id);


--
-- Name: case_interview_app_somsocioeconomic_case_id_bcf5a925; Type: INDEX; Schema: public; Owner: tipnet
--

CREATE INDEX case_interview_app_somsocioeconomic_case_id_bcf5a925 ON public.case_interview_app_somsocioeconomic USING btree (case_id);


--
-- Name: case_interview_app_somsocioeconomic_education_level_id_25ff90ff; Type: INDEX; Schema: public; Owner: tipnet
--

CREATE INDEX case_interview_app_somsocioeconomic_education_level_id_25ff90ff ON public.case_interview_app_somsocioeconomic USING btree (education_level_id);


--
-- Name: case_interview_app_somsocioeconomic_interviewer_id_9f7fd403; Type: INDEX; Schema: public; Owner: tipnet
--

CREATE INDEX case_interview_app_somsocioeconomic_interviewer_id_9f7fd403 ON public.case_interview_app_somsocioeconomic USING btree (interviewer_id);


--
-- Name: case_interview_app_somsocioeconomic_living_with_id_d8b43336; Type: INDEX; Schema: public; Owner: tipnet
--

CREATE INDEX case_interview_app_somsocioeconomic_living_with_id_d8b43336 ON public.case_interview_app_somsocioeconomic USING btree (living_with_id);


--
-- Name: case_interview_app_somsocioeconomic_victim_id_4a2b1388; Type: INDEX; Schema: public; Owner: tipnet
--

CREATE INDEX case_interview_app_somsocioeconomic_victim_id_4a2b1388 ON public.case_interview_app_somsocioeconomic USING btree (victim_id);


--
-- Name: case_interview_app_somsusp_citizenship_id_338545c4; Type: INDEX; Schema: public; Owner: tipnet
--

CREATE INDEX case_interview_app_somsusp_citizenship_id_338545c4 ON public.case_interview_app_somsuspectedtrafficker USING btree (citizenship_id);


--
-- Name: case_interview_app_somsusp_country_of_birth_id_37c9c986; Type: INDEX; Schema: public; Owner: tipnet
--

CREATE INDEX case_interview_app_somsusp_country_of_birth_id_37c9c986 ON public.case_interview_app_somsuspectedtrafficker USING btree (country_of_birth_id);


--
-- Name: case_interview_app_somsusp_interviewer_id_f0939f41; Type: INDEX; Schema: public; Owner: tipnet
--

CREATE INDEX case_interview_app_somsusp_interviewer_id_f0939f41 ON public.case_interview_app_somsuspectedtrafficker USING btree (interviewer_id);


--
-- Name: case_interview_app_somsusp_language_id_15bea453; Type: INDEX; Schema: public; Owner: tipnet
--

CREATE INDEX case_interview_app_somsusp_language_id_15bea453 ON public.case_interview_app_somsuspectedtrafficker_languages USING btree (language_id);


--
-- Name: case_interview_app_somsusp_nationality_id_aa8b48d7; Type: INDEX; Schema: public; Owner: tipnet
--

CREATE INDEX case_interview_app_somsusp_nationality_id_aa8b48d7 ON public.case_interview_app_somsuspectedtrafficker USING btree (nationality_id);


--
-- Name: case_interview_app_somsusp_roleintrafficking_id_41c1372f; Type: INDEX; Schema: public; Owner: tipnet
--

CREATE INDEX case_interview_app_somsusp_roleintrafficking_id_41c1372f ON public.case_interview_app_somsuspectedtrafficker_role_in_trafficking USING btree (roleintrafficking_id);


--
-- Name: case_interview_app_somsusp_somsuspectedtrafficker_id_87835913; Type: INDEX; Schema: public; Owner: tipnet
--

CREATE INDEX case_interview_app_somsusp_somsuspectedtrafficker_id_87835913 ON public.case_interview_app_somsuspectedtrafficker_role_in_trafficking USING btree (somsuspectedtrafficker_id);


--
-- Name: case_interview_app_somsusp_somsuspectedtrafficker_id_c43f0878; Type: INDEX; Schema: public; Owner: tipnet
--

CREATE INDEX case_interview_app_somsusp_somsuspectedtrafficker_id_c43f0878 ON public.case_interview_app_somsuspectedtrafficker_languages USING btree (somsuspectedtrafficker_id);


--
-- Name: case_interview_app_somsuspectedtrafficker_approval_id_6f6b09db; Type: INDEX; Schema: public; Owner: tipnet
--

CREATE INDEX case_interview_app_somsuspectedtrafficker_approval_id_6f6b09db ON public.case_interview_app_somsuspectedtrafficker USING btree (approval_id);


--
-- Name: case_interview_app_somsuspectedtrafficker_case_id_67efb9ab; Type: INDEX; Schema: public; Owner: tipnet
--

CREATE INDEX case_interview_app_somsuspectedtrafficker_case_id_67efb9ab ON public.case_interview_app_somsuspectedtrafficker USING btree (case_id);


--
-- Name: case_interview_app_somsuspectedtrafficker_gender_id_a5f637cf; Type: INDEX; Schema: public; Owner: tipnet
--

CREATE INDEX case_interview_app_somsuspectedtrafficker_gender_id_a5f637cf ON public.case_interview_app_somsuspectedtrafficker USING btree (gender_id);


--
-- Name: case_interview_app_somsuspectedtrafficker_id_type_id_b2544be1; Type: INDEX; Schema: public; Owner: tipnet
--

CREATE INDEX case_interview_app_somsuspectedtrafficker_id_type_id_b2544be1 ON public.case_interview_app_somsuspectedtrafficker USING btree (id_type_id);


--
-- Name: case_interview_app_somsuspectedtrafficker_race_id_bb7454f4; Type: INDEX; Schema: public; Owner: tipnet
--

CREATE INDEX case_interview_app_somsuspectedtrafficker_race_id_bb7454f4 ON public.case_interview_app_somsuspectedtrafficker USING btree (race_id);


--
-- Name: case_interview_app_somtran_approval_id_a3679bcf; Type: INDEX; Schema: public; Owner: tipnet
--

CREATE INDEX case_interview_app_somtran_approval_id_a3679bcf ON public.case_interview_app_somtransitroutedestination USING btree (approval_id);


--
-- Name: case_interview_app_somtran_country_id_2e7b1152; Type: INDEX; Schema: public; Owner: tipnet
--

CREATE INDEX case_interview_app_somtran_country_id_2e7b1152 ON public.case_interview_app_somtransitroutedestination_countries_of_1b85 USING btree (country_id);


--
-- Name: case_interview_app_somtran_country_of_dest_id_fcfc097e; Type: INDEX; Schema: public; Owner: tipnet
--

CREATE INDEX case_interview_app_somtran_country_of_dest_id_fcfc097e ON public.case_interview_app_somtransitroutedestination USING btree (country_of_dest_id);


--
-- Name: case_interview_app_somtran_country_of_interception_id_9b5d6668; Type: INDEX; Schema: public; Owner: tipnet
--

CREATE INDEX case_interview_app_somtran_country_of_interception_id_9b5d6668 ON public.case_interview_app_somtransitroutedestination USING btree (country_of_interception_id);


--
-- Name: case_interview_app_somtran_country_of_origin_id_fe0e0186; Type: INDEX; Schema: public; Owner: tipnet
--

CREATE INDEX case_interview_app_somtran_country_of_origin_id_fe0e0186 ON public.case_interview_app_somtransitroutedestination USING btree (country_of_origin_id);


--
-- Name: case_interview_app_somtran_interviewer_id_e1e7e7ec; Type: INDEX; Schema: public; Owner: tipnet
--

CREATE INDEX case_interview_app_somtran_interviewer_id_e1e7e7ec ON public.case_interview_app_somtransitroutedestination USING btree (interviewer_id);


--
-- Name: case_interview_app_somtran_somtransitroutedestination_1d2dc39b; Type: INDEX; Schema: public; Owner: tipnet
--

CREATE INDEX case_interview_app_somtran_somtransitroutedestination_1d2dc39b ON public.case_interview_app_somtransitroutedestination_countries_of_1b85 USING btree (somtransitroutedestination_id);


--
-- Name: case_interview_app_somtran_somtransitroutedestination_5a0eb8e9; Type: INDEX; Schema: public; Owner: tipnet
--

CREATE INDEX case_interview_app_somtran_somtransitroutedestination_5a0eb8e9 ON public.case_interview_app_somtransitroutedestination_transport_means USING btree (somtransitroutedestination_id);


--
-- Name: case_interview_app_somtran_transportmean_id_14599529; Type: INDEX; Schema: public; Owner: tipnet
--

CREATE INDEX case_interview_app_somtran_transportmean_id_14599529 ON public.case_interview_app_somtransitroutedestination_transport_means USING btree (transportmean_id);


--
-- Name: case_interview_app_somtransitroutedestination_case_id_784e386d; Type: INDEX; Schema: public; Owner: tipnet
--

CREATE INDEX case_interview_app_somtransitroutedestination_case_id_784e386d ON public.case_interview_app_somtransitroutedestination USING btree (case_id);


--
-- Name: case_interview_app_somvict_idtype_id_c1906a77; Type: INDEX; Schema: public; Owner: tipnet
--

CREATE INDEX case_interview_app_somvict_idtype_id_c1906a77 ON public.case_interview_app_somvictimprofile_identification_type USING btree (idtype_id);


--
-- Name: case_interview_app_somvict_interview_country_id_5384993f; Type: INDEX; Schema: public; Owner: tipnet
--

CREATE INDEX case_interview_app_somvict_interview_country_id_5384993f ON public.case_interview_app_somvictimprofile USING btree (interview_country_id);


--
-- Name: case_interview_app_somvict_language_id_15d84513; Type: INDEX; Schema: public; Owner: tipnet
--

CREATE INDEX case_interview_app_somvict_language_id_15d84513 ON public.case_interview_app_somvictimprofile_languages USING btree (language_id);


--
-- Name: case_interview_app_somvict_last_place_of_residence_id_cf261441; Type: INDEX; Schema: public; Owner: tipnet
--

CREATE INDEX case_interview_app_somvict_last_place_of_residence_id_cf261441 ON public.case_interview_app_somvictimprofile USING btree (last_place_of_residence_id);


--
-- Name: case_interview_app_somvict_somvictimprofile_id_9565a5b3; Type: INDEX; Schema: public; Owner: tipnet
--

CREATE INDEX case_interview_app_somvict_somvictimprofile_id_9565a5b3 ON public.case_interview_app_somvictimprofile_identification_type USING btree (somvictimprofile_id);


--
-- Name: case_interview_app_somvict_somvictimprofile_id_d66fa0a2; Type: INDEX; Schema: public; Owner: tipnet
--

CREATE INDEX case_interview_app_somvict_somvictimprofile_id_d66fa0a2 ON public.case_interview_app_somvictimprofile_languages USING btree (somvictimprofile_id);


--
-- Name: case_interview_app_somvictimanswers_question_id_c6873834; Type: INDEX; Schema: public; Owner: tipnet
--

CREATE INDEX case_interview_app_somvictimanswers_question_id_c6873834 ON public.case_interview_app_somvictimanswers USING btree (question_id);


--
-- Name: case_interview_app_somvictimanswers_victim_id_0e8ab905; Type: INDEX; Schema: public; Owner: tipnet
--

CREATE INDEX case_interview_app_somvictimanswers_victim_id_0e8ab905 ON public.case_interview_app_somvictimanswers USING btree (victim_id);


--
-- Name: case_interview_app_somvictimprofile_approval_id_c7cb04c5; Type: INDEX; Schema: public; Owner: tipnet
--

CREATE INDEX case_interview_app_somvictimprofile_approval_id_c7cb04c5 ON public.case_interview_app_somvictimprofile USING btree (approval_id);


--
-- Name: case_interview_app_somvictimprofile_case_id_9c6b49bf; Type: INDEX; Schema: public; Owner: tipnet
--

CREATE INDEX case_interview_app_somvictimprofile_case_id_9c6b49bf ON public.case_interview_app_somvictimprofile USING btree (case_id);


--
-- Name: case_interview_app_somvictimprofile_citizenship_id_7713a1ec; Type: INDEX; Schema: public; Owner: tipnet
--

CREATE INDEX case_interview_app_somvictimprofile_citizenship_id_7713a1ec ON public.case_interview_app_somvictimprofile USING btree (citizenship_id);


--
-- Name: case_interview_app_somvictimprofile_countryOfBirth_id_a491e07e; Type: INDEX; Schema: public; Owner: tipnet
--

CREATE INDEX "case_interview_app_somvictimprofile_countryOfBirth_id_a491e07e" ON public.case_interview_app_somvictimprofile USING btree ("countryOfBirth_id");


--
-- Name: case_interview_app_somvictimprofile_gender_id_0fa5ffcf; Type: INDEX; Schema: public; Owner: tipnet
--

CREATE INDEX case_interview_app_somvictimprofile_gender_id_0fa5ffcf ON public.case_interview_app_somvictimprofile USING btree (gender_id);


--
-- Name: case_interview_app_somvictimprofile_race_id_4eb8dc82; Type: INDEX; Schema: public; Owner: tipnet
--

CREATE INDEX case_interview_app_somvictimprofile_race_id_4eb8dc82 ON public.case_interview_app_somvictimprofile USING btree (race_id);


--
-- Name: case_interview_app_suspect_country_of_birth_id_55cebbc0; Type: INDEX; Schema: public; Owner: tipnet
--

CREATE INDEX case_interview_app_suspect_country_of_birth_id_55cebbc0 ON public.case_interview_app_suspectedtrafficker USING btree (country_of_birth_id);


--
-- Name: case_interview_app_suspect_language_id_59e2f6e2; Type: INDEX; Schema: public; Owner: tipnet
--

CREATE INDEX case_interview_app_suspect_language_id_59e2f6e2 ON public.case_interview_app_suspectedtrafficker_languages USING btree (language_id);


--
-- Name: case_interview_app_suspect_roleintrafficking_id_c24857de; Type: INDEX; Schema: public; Owner: tipnet
--

CREATE INDEX case_interview_app_suspect_roleintrafficking_id_c24857de ON public.case_interview_app_suspectedtrafficker_role_in_trafficking USING btree (roleintrafficking_id);


--
-- Name: case_interview_app_suspect_suspectedtrafficker_id_4c03cee1; Type: INDEX; Schema: public; Owner: tipnet
--

CREATE INDEX case_interview_app_suspect_suspectedtrafficker_id_4c03cee1 ON public.case_interview_app_suspectedtrafficker_role_in_trafficking USING btree (suspectedtrafficker_id);


--
-- Name: case_interview_app_suspect_suspectedtrafficker_id_d6fc3138; Type: INDEX; Schema: public; Owner: tipnet
--

CREATE INDEX case_interview_app_suspect_suspectedtrafficker_id_d6fc3138 ON public.case_interview_app_suspectedtrafficker_languages USING btree (suspectedtrafficker_id);


--
-- Name: case_interview_app_suspect_traffick_from_country_id_9a3cdf78; Type: INDEX; Schema: public; Owner: tipnet
--

CREATE INDEX case_interview_app_suspect_traffick_from_country_id_9a3cdf78 ON public.case_interview_app_suspectedtrafficker USING btree (traffick_from_country_id);


--
-- Name: case_interview_app_suspect_traffick_to_country_id_9936aa80; Type: INDEX; Schema: public; Owner: tipnet
--

CREATE INDEX case_interview_app_suspect_traffick_to_country_id_9936aa80 ON public.case_interview_app_suspectedtrafficker USING btree (traffick_to_country_id);


--
-- Name: case_interview_app_suspectedtrafficker_approval_id_8784d244; Type: INDEX; Schema: public; Owner: tipnet
--

CREATE INDEX case_interview_app_suspectedtrafficker_approval_id_8784d244 ON public.case_interview_app_suspectedtrafficker USING btree (approval_id);


--
-- Name: case_interview_app_suspectedtrafficker_citizenship_id_0de95d3c; Type: INDEX; Schema: public; Owner: tipnet
--

CREATE INDEX case_interview_app_suspectedtrafficker_citizenship_id_0de95d3c ON public.case_interview_app_suspectedtrafficker USING btree (citizenship_id);


--
-- Name: case_interview_app_suspectedtrafficker_gender_id_d7e650e2; Type: INDEX; Schema: public; Owner: tipnet
--

CREATE INDEX case_interview_app_suspectedtrafficker_gender_id_d7e650e2 ON public.case_interview_app_suspectedtrafficker USING btree (gender_id);


--
-- Name: case_interview_app_suspectedtrafficker_id_type_id_4bbefb90; Type: INDEX; Schema: public; Owner: tipnet
--

CREATE INDEX case_interview_app_suspectedtrafficker_id_type_id_4bbefb90 ON public.case_interview_app_suspectedtrafficker USING btree (id_type_id);


--
-- Name: case_interview_app_suspectedtrafficker_interviewer_id_8a84a03a; Type: INDEX; Schema: public; Owner: tipnet
--

CREATE INDEX case_interview_app_suspectedtrafficker_interviewer_id_8a84a03a ON public.case_interview_app_suspectedtrafficker USING btree (interviewer_id);


--
-- Name: case_interview_app_suspectedtrafficker_nationality_id_3f40b274; Type: INDEX; Schema: public; Owner: tipnet
--

CREATE INDEX case_interview_app_suspectedtrafficker_nationality_id_3f40b274 ON public.case_interview_app_suspectedtrafficker USING btree (nationality_id);


--
-- Name: case_interview_app_suspectedtrafficker_race_id_2e38f221; Type: INDEX; Schema: public; Owner: tipnet
--

CREATE INDEX case_interview_app_suspectedtrafficker_race_id_2e38f221 ON public.case_interview_app_suspectedtrafficker USING btree (race_id);


--
-- Name: case_interview_app_suspectedtrafficker_victim_id_49656161; Type: INDEX; Schema: public; Owner: tipnet
--

CREATE INDEX case_interview_app_suspectedtrafficker_victim_id_49656161 ON public.case_interview_app_suspectedtrafficker USING btree (victim_id);


--
-- Name: case_interview_app_transit_country_of_dest_id_2308d521; Type: INDEX; Schema: public; Owner: tipnet
--

CREATE INDEX case_interview_app_transit_country_of_dest_id_2308d521 ON public.case_interview_app_transitroutedestination USING btree (country_of_dest_id);


--
-- Name: case_interview_app_transit_country_of_origin_id_898cb9b0; Type: INDEX; Schema: public; Owner: tipnet
--

CREATE INDEX case_interview_app_transit_country_of_origin_id_898cb9b0 ON public.case_interview_app_transitroutedestination USING btree (country_of_origin_id);


--
-- Name: case_interview_app_transit_interviewer_id_5050c8fd; Type: INDEX; Schema: public; Owner: tipnet
--

CREATE INDEX case_interview_app_transit_interviewer_id_5050c8fd ON public.case_interview_app_transitroutedestination USING btree (interviewer_id);


--
-- Name: case_interview_app_transit_transitroutedestination_id_190b9776; Type: INDEX; Schema: public; Owner: tipnet
--

CREATE INDEX case_interview_app_transit_transitroutedestination_id_190b9776 ON public.case_interview_app_transitroutedestination_transport_means USING btree (transitroutedestination_id);


--
-- Name: case_interview_app_transit_transportmean_id_b642dbf5; Type: INDEX; Schema: public; Owner: tipnet
--

CREATE INDEX case_interview_app_transit_transportmean_id_b642dbf5 ON public.case_interview_app_transitroutedestination_transport_means USING btree (transportmean_id);


--
-- Name: case_interview_app_transitroutedestination_approval_id_92928568; Type: INDEX; Schema: public; Owner: tipnet
--

CREATE INDEX case_interview_app_transitroutedestination_approval_id_92928568 ON public.case_interview_app_transitroutedestination USING btree (approval_id);


--
-- Name: case_interview_app_transitroutedestination_victim_id_c469b979; Type: INDEX; Schema: public; Owner: tipnet
--

CREATE INDEX case_interview_app_transitroutedestination_victim_id_c469b979 ON public.case_interview_app_transitroutedestination USING btree (victim_id);


--
-- Name: case_interview_app_victimp_accesspermission_id_49c59cc8; Type: INDEX; Schema: public; Owner: tipnet
--

CREATE INDEX case_interview_app_victimp_accesspermission_id_49c59cc8 ON public.case_interview_app_victimpermissions_permissions_requested USING btree (accesspermission_id);


--
-- Name: case_interview_app_victimp_accesspermission_id_dbb97c67; Type: INDEX; Schema: public; Owner: tipnet
--

CREATE INDEX case_interview_app_victimp_accesspermission_id_dbb97c67 ON public.case_interview_app_victimpermissions_permissions_granted USING btree (accesspermission_id);


--
-- Name: case_interview_app_victimp_idtype_id_709e809a; Type: INDEX; Schema: public; Owner: tipnet
--

CREATE INDEX case_interview_app_victimp_idtype_id_709e809a ON public.case_interview_app_victimprofile_identification_type USING btree (idtype_id);


--
-- Name: case_interview_app_victimp_last_place_of_residence_id_7c831f6c; Type: INDEX; Schema: public; Owner: tipnet
--

CREATE INDEX case_interview_app_victimp_last_place_of_residence_id_7c831f6c ON public.case_interview_app_victimprofile USING btree (last_place_of_residence_id);


--
-- Name: case_interview_app_victimp_victimpermissions_id_b3187222; Type: INDEX; Schema: public; Owner: tipnet
--

CREATE INDEX case_interview_app_victimp_victimpermissions_id_b3187222 ON public.case_interview_app_victimpermissions_permissions_granted USING btree (victimpermissions_id);


--
-- Name: case_interview_app_victimp_victimpermissions_id_f4dc3aa3; Type: INDEX; Schema: public; Owner: tipnet
--

CREATE INDEX case_interview_app_victimp_victimpermissions_id_f4dc3aa3 ON public.case_interview_app_victimpermissions_permissions_requested USING btree (victimpermissions_id);


--
-- Name: case_interview_app_victimp_victimprofile_id_73101f2b; Type: INDEX; Schema: public; Owner: tipnet
--

CREATE INDEX case_interview_app_victimp_victimprofile_id_73101f2b ON public.case_interview_app_victimprofile_identification_type USING btree (victimprofile_id);


--
-- Name: case_interview_app_victimp_victimprofile_id_9b83bdfc; Type: INDEX; Schema: public; Owner: tipnet
--

CREATE INDEX case_interview_app_victimp_victimprofile_id_9b83bdfc ON public.case_interview_app_victimprofile_languages USING btree (victimprofile_id);


--
-- Name: case_interview_app_victimpermissions_interviewer_id_a568d8f4; Type: INDEX; Schema: public; Owner: tipnet
--

CREATE INDEX case_interview_app_victimpermissions_interviewer_id_a568d8f4 ON public.case_interview_app_victimpermissions USING btree (interviewer_id);


--
-- Name: case_interview_app_victimpermissions_victim_id_58bc3387; Type: INDEX; Schema: public; Owner: tipnet
--

CREATE INDEX case_interview_app_victimpermissions_victim_id_58bc3387 ON public.case_interview_app_victimpermissions USING btree (victim_id);


--
-- Name: case_interview_app_victimprofile_approval_id_0e496586; Type: INDEX; Schema: public; Owner: tipnet
--

CREATE INDEX case_interview_app_victimprofile_approval_id_0e496586 ON public.case_interview_app_victimprofile USING btree (approval_id);


--
-- Name: case_interview_app_victimprofile_citizenship_id_e9d81bf2; Type: INDEX; Schema: public; Owner: tipnet
--

CREATE INDEX case_interview_app_victimprofile_citizenship_id_e9d81bf2 ON public.case_interview_app_victimprofile USING btree (citizenship_id);


--
-- Name: case_interview_app_victimprofile_countryOfBirth_id_4f6ff601; Type: INDEX; Schema: public; Owner: tipnet
--

CREATE INDEX "case_interview_app_victimprofile_countryOfBirth_id_4f6ff601" ON public.case_interview_app_victimprofile USING btree ("countryOfBirth_id");


--
-- Name: case_interview_app_victimprofile_gender_id_6a356683; Type: INDEX; Schema: public; Owner: tipnet
--

CREATE INDEX case_interview_app_victimprofile_gender_id_6a356683 ON public.case_interview_app_victimprofile USING btree (gender_id);


--
-- Name: case_interview_app_victimprofile_interview_country_id_07e721ea; Type: INDEX; Schema: public; Owner: tipnet
--

CREATE INDEX case_interview_app_victimprofile_interview_country_id_07e721ea ON public.case_interview_app_victimprofile USING btree (interview_country_id);


--
-- Name: case_interview_app_victimprofile_languages_country_id_3bc4787c; Type: INDEX; Schema: public; Owner: tipnet
--

CREATE INDEX case_interview_app_victimprofile_languages_country_id_3bc4787c ON public.case_interview_app_victimprofile_languages USING btree (language_id);


--
-- Name: case_interview_app_victimprofile_race_id_62569da3; Type: INDEX; Schema: public; Owner: tipnet
--

CREATE INDEX case_interview_app_victimprofile_race_id_62569da3 ON public.case_interview_app_victimprofile USING btree (race_id);


--
-- Name: django_admin_log_content_type_id_c4bce8eb; Type: INDEX; Schema: public; Owner: tipnet
--

CREATE INDEX django_admin_log_content_type_id_c4bce8eb ON public.django_admin_log USING btree (content_type_id);


--
-- Name: django_admin_log_user_id_c564eba6; Type: INDEX; Schema: public; Owner: tipnet
--

CREATE INDEX django_admin_log_user_id_c564eba6 ON public.django_admin_log USING btree (user_id);


--
-- Name: django_session_expire_date_a5c62663; Type: INDEX; Schema: public; Owner: tipnet
--

CREATE INDEX django_session_expire_date_a5c62663 ON public.django_session USING btree (expire_date);


--
-- Name: django_session_session_key_c0390e0f_like; Type: INDEX; Schema: public; Owner: tipnet
--

CREATE INDEX django_session_session_key_c0390e0f_like ON public.django_session USING btree (session_key varchar_pattern_ops);


--
-- Name: otp_email_emaildevice_user_id_0215c274; Type: INDEX; Schema: public; Owner: tipnet
--

CREATE INDEX otp_email_emaildevice_user_id_0215c274 ON public.otp_email_emaildevice USING btree (user_id);


--
-- Name: otp_static_staticdevice_user_id_7f9cff2b; Type: INDEX; Schema: public; Owner: tipnet
--

CREATE INDEX otp_static_staticdevice_user_id_7f9cff2b ON public.otp_static_staticdevice USING btree (user_id);


--
-- Name: otp_static_statictoken_device_id_74b7c7d1; Type: INDEX; Schema: public; Owner: tipnet
--

CREATE INDEX otp_static_statictoken_device_id_74b7c7d1 ON public.otp_static_statictoken USING btree (device_id);


--
-- Name: otp_static_statictoken_token_d0a51866; Type: INDEX; Schema: public; Owner: tipnet
--

CREATE INDEX otp_static_statictoken_token_d0a51866 ON public.otp_static_statictoken USING btree (token);


--
-- Name: otp_static_statictoken_token_d0a51866_like; Type: INDEX; Schema: public; Owner: tipnet
--

CREATE INDEX otp_static_statictoken_token_d0a51866_like ON public.otp_static_statictoken USING btree (token varchar_pattern_ops);


--
-- Name: otp_totp_totpdevice_user_id_0fb18292; Type: INDEX; Schema: public; Owner: tipnet
--

CREATE INDEX otp_totp_totpdevice_user_id_0fb18292 ON public.otp_totp_totpdevice USING btree (user_id);


--
-- Name: auditlog_logentry auditlog_logentry_actor_id_959271d2_fk_auth_user_id; Type: FK CONSTRAINT; Schema: public; Owner: tipnet
--

ALTER TABLE ONLY public.auditlog_logentry
    ADD CONSTRAINT auditlog_logentry_actor_id_959271d2_fk_auth_user_id FOREIGN KEY (actor_id) REFERENCES public.auth_user(id) DEFERRABLE INITIALLY DEFERRED;


--
-- Name: auditlog_logentry auditlog_logentry_content_type_id_75830218_fk_django_co; Type: FK CONSTRAINT; Schema: public; Owner: tipnet
--

ALTER TABLE ONLY public.auditlog_logentry
    ADD CONSTRAINT auditlog_logentry_content_type_id_75830218_fk_django_co FOREIGN KEY (content_type_id) REFERENCES public.django_content_type(id) DEFERRABLE INITIALLY DEFERRED;


--
-- Name: auth_group_permissions auth_group_permissio_permission_id_84c5c92e_fk_auth_perm; Type: FK CONSTRAINT; Schema: public; Owner: tipnet
--

ALTER TABLE ONLY public.auth_group_permissions
    ADD CONSTRAINT auth_group_permissio_permission_id_84c5c92e_fk_auth_perm FOREIGN KEY (permission_id) REFERENCES public.auth_permission(id) DEFERRABLE INITIALLY DEFERRED;


--
-- Name: auth_group_permissions auth_group_permissions_group_id_b120cbf9_fk_auth_group_id; Type: FK CONSTRAINT; Schema: public; Owner: tipnet
--

ALTER TABLE ONLY public.auth_group_permissions
    ADD CONSTRAINT auth_group_permissions_group_id_b120cbf9_fk_auth_group_id FOREIGN KEY (group_id) REFERENCES public.auth_group(id) DEFERRABLE INITIALLY DEFERRED;


--
-- Name: auth_permission auth_permission_content_type_id_2f476e4b_fk_django_co; Type: FK CONSTRAINT; Schema: public; Owner: tipnet
--

ALTER TABLE ONLY public.auth_permission
    ADD CONSTRAINT auth_permission_content_type_id_2f476e4b_fk_django_co FOREIGN KEY (content_type_id) REFERENCES public.django_content_type(id) DEFERRABLE INITIALLY DEFERRED;


--
-- Name: auth_user_groups auth_user_groups_group_id_97559544_fk_auth_group_id; Type: FK CONSTRAINT; Schema: public; Owner: tipnet
--

ALTER TABLE ONLY public.auth_user_groups
    ADD CONSTRAINT auth_user_groups_group_id_97559544_fk_auth_group_id FOREIGN KEY (group_id) REFERENCES public.auth_group(id) DEFERRABLE INITIALLY DEFERRED;


--
-- Name: auth_user_groups auth_user_groups_user_id_6a12ed8b_fk_auth_user_id; Type: FK CONSTRAINT; Schema: public; Owner: tipnet
--

ALTER TABLE ONLY public.auth_user_groups
    ADD CONSTRAINT auth_user_groups_user_id_6a12ed8b_fk_auth_user_id FOREIGN KEY (user_id) REFERENCES public.auth_user(id) DEFERRABLE INITIALLY DEFERRED;


--
-- Name: auth_user_user_permissions auth_user_user_permi_permission_id_1fbb5f2c_fk_auth_perm; Type: FK CONSTRAINT; Schema: public; Owner: tipnet
--

ALTER TABLE ONLY public.auth_user_user_permissions
    ADD CONSTRAINT auth_user_user_permi_permission_id_1fbb5f2c_fk_auth_perm FOREIGN KEY (permission_id) REFERENCES public.auth_permission(id) DEFERRABLE INITIALLY DEFERRED;


--
-- Name: auth_user_user_permissions auth_user_user_permissions_user_id_a95ead1b_fk_auth_user_id; Type: FK CONSTRAINT; Schema: public; Owner: tipnet
--

ALTER TABLE ONLY public.auth_user_user_permissions
    ADD CONSTRAINT auth_user_user_permissions_user_id_a95ead1b_fk_auth_user_id FOREIGN KEY (user_id) REFERENCES public.auth_user(id) DEFERRABLE INITIALLY DEFERRED;


--
-- Name: case_interview_app_assistanceaggregatedata case_interview_app_a_approval_id_6b1f2840_fk_case_inte; Type: FK CONSTRAINT; Schema: public; Owner: tipnet
--

ALTER TABLE ONLY public.case_interview_app_assistanceaggregatedata
    ADD CONSTRAINT case_interview_app_a_approval_id_6b1f2840_fk_case_inte FOREIGN KEY (approval_id) REFERENCES public.case_interview_app_approvalstatus(id) DEFERRABLE INITIALLY DEFERRED;


--
-- Name: case_interview_app_arrestinvestigation case_interview_app_a_approval_id_d56d77a3_fk_case_inte; Type: FK CONSTRAINT; Schema: public; Owner: tipnet
--

ALTER TABLE ONLY public.case_interview_app_arrestinvestigation
    ADD CONSTRAINT case_interview_app_a_approval_id_d56d77a3_fk_case_inte FOREIGN KEY (approval_id) REFERENCES public.case_interview_app_approvalstatus(id) DEFERRABLE INITIALLY DEFERRED;


--
-- Name: case_interview_app_assistance case_interview_app_a_approval_id_e0ca4481_fk_case_inte; Type: FK CONSTRAINT; Schema: public; Owner: tipnet
--

ALTER TABLE ONLY public.case_interview_app_assistance
    ADD CONSTRAINT case_interview_app_a_approval_id_e0ca4481_fk_case_inte FOREIGN KEY (approval_id) REFERENCES public.case_interview_app_approvalstatus(id) DEFERRABLE INITIALLY DEFERRED;


--
-- Name: case_interview_app_arrestinvestigation_how_traffickers_org case_interview_app_a_arrestinvestigation__c3a91354_fk_case_inte; Type: FK CONSTRAINT; Schema: public; Owner: tipnet
--

ALTER TABLE ONLY public.case_interview_app_arrestinvestigation_how_traffickers_org
    ADD CONSTRAINT case_interview_app_a_arrestinvestigation__c3a91354_fk_case_inte FOREIGN KEY (arrestinvestigation_id) REFERENCES public.case_interview_app_arrestinvestigation(id) DEFERRABLE INITIALLY DEFERRED;


--
-- Name: case_interview_app_assistance_education_assistance_provider case_interview_app_a_assistance_id_03caee23_fk_case_inte; Type: FK CONSTRAINT; Schema: public; Owner: tipnet
--

ALTER TABLE ONLY public.case_interview_app_assistance_education_assistance_provider
    ADD CONSTRAINT case_interview_app_a_assistance_id_03caee23_fk_case_inte FOREIGN KEY (assistance_id) REFERENCES public.case_interview_app_assistance(id) DEFERRABLE INITIALLY DEFERRED;


--
-- Name: case_interview_app_assistance_legal_assistance_provider case_interview_app_a_assistance_id_0564e0ba_fk_case_inte; Type: FK CONSTRAINT; Schema: public; Owner: tipnet
--

ALTER TABLE ONLY public.case_interview_app_assistance_legal_assistance_provider
    ADD CONSTRAINT case_interview_app_a_assistance_id_0564e0ba_fk_case_inte FOREIGN KEY (assistance_id) REFERENCES public.case_interview_app_assistance(id) DEFERRABLE INITIALLY DEFERRED;


--
-- Name: case_interview_app_assistance_im_emmigration_assistance_pro0797 case_interview_app_a_assistance_id_21801452_fk_case_inte; Type: FK CONSTRAINT; Schema: public; Owner: tipnet
--

ALTER TABLE ONLY public.case_interview_app_assistance_im_emmigration_assistance_pro0797
    ADD CONSTRAINT case_interview_app_a_assistance_id_21801452_fk_case_inte FOREIGN KEY (assistance_id) REFERENCES public.case_interview_app_assistance(id) DEFERRABLE INITIALLY DEFERRED;


--
-- Name: case_interview_app_assistance_housing_allowance_provider case_interview_app_a_assistance_id_289a7ea7_fk_case_inte; Type: FK CONSTRAINT; Schema: public; Owner: tipnet
--

ALTER TABLE ONLY public.case_interview_app_assistance_housing_allowance_provider
    ADD CONSTRAINT case_interview_app_a_assistance_id_289a7ea7_fk_case_inte FOREIGN KEY (assistance_id) REFERENCES public.case_interview_app_assistance(id) DEFERRABLE INITIALLY DEFERRED;


--
-- Name: case_interview_app_assistance_vocational_training_provider case_interview_app_a_assistance_id_3f60c2a2_fk_case_inte; Type: FK CONSTRAINT; Schema: public; Owner: tipnet
--

ALTER TABLE ONLY public.case_interview_app_assistance_vocational_training_provider
    ADD CONSTRAINT case_interview_app_a_assistance_id_3f60c2a2_fk_case_inte FOREIGN KEY (assistance_id) REFERENCES public.case_interview_app_assistance(id) DEFERRABLE INITIALLY DEFERRED;


--
-- Name: case_interview_app_assistance_med_rehab_provider case_interview_app_a_assistance_id_64499c9b_fk_case_inte; Type: FK CONSTRAINT; Schema: public; Owner: tipnet
--

ALTER TABLE ONLY public.case_interview_app_assistance_med_rehab_provider
    ADD CONSTRAINT case_interview_app_a_assistance_id_64499c9b_fk_case_inte FOREIGN KEY (assistance_id) REFERENCES public.case_interview_app_assistance(id) DEFERRABLE INITIALLY DEFERRED;


--
-- Name: case_interview_app_assistance_social_assistance_provider case_interview_app_a_assistance_id_67e6288a_fk_case_inte; Type: FK CONSTRAINT; Schema: public; Owner: tipnet
--

ALTER TABLE ONLY public.case_interview_app_assistance_social_assistance_provider
    ADD CONSTRAINT case_interview_app_a_assistance_id_67e6288a_fk_case_inte FOREIGN KEY (assistance_id) REFERENCES public.case_interview_app_assistance(id) DEFERRABLE INITIALLY DEFERRED;


--
-- Name: case_interview_app_assistance_other_community_assistance_pr1378 case_interview_app_a_assistance_id_6ba0e0db_fk_case_inte; Type: FK CONSTRAINT; Schema: public; Owner: tipnet
--

ALTER TABLE ONLY public.case_interview_app_assistance_other_community_assistance_pr1378
    ADD CONSTRAINT case_interview_app_a_assistance_id_6ba0e0db_fk_case_inte FOREIGN KEY (assistance_id) REFERENCES public.case_interview_app_assistance(id) DEFERRABLE INITIALLY DEFERRED;


--
-- Name: case_interview_app_assistance_micro_ent_income_provider case_interview_app_a_assistance_id_93082084_fk_case_inte; Type: FK CONSTRAINT; Schema: public; Owner: tipnet
--

ALTER TABLE ONLY public.case_interview_app_assistance_micro_ent_income_provider
    ADD CONSTRAINT case_interview_app_a_assistance_id_93082084_fk_case_inte FOREIGN KEY (assistance_id) REFERENCES public.case_interview_app_assistance(id) DEFERRABLE INITIALLY DEFERRED;


--
-- Name: case_interview_app_assistance_shelter_provider case_interview_app_a_assistance_id_977888d7_fk_case_inte; Type: FK CONSTRAINT; Schema: public; Owner: tipnet
--

ALTER TABLE ONLY public.case_interview_app_assistance_shelter_provider
    ADD CONSTRAINT case_interview_app_a_assistance_id_977888d7_fk_case_inte FOREIGN KEY (assistance_id) REFERENCES public.case_interview_app_assistance(id) DEFERRABLE INITIALLY DEFERRED;


--
-- Name: case_interview_app_assistance_halfway_house_providers case_interview_app_a_assistance_id_cf8b1b9c_fk_case_inte; Type: FK CONSTRAINT; Schema: public; Owner: tipnet
--

ALTER TABLE ONLY public.case_interview_app_assistance_halfway_house_providers
    ADD CONSTRAINT case_interview_app_a_assistance_id_cf8b1b9c_fk_case_inte FOREIGN KEY (assistance_id) REFERENCES public.case_interview_app_assistance(id) DEFERRABLE INITIALLY DEFERRED;


--
-- Name: case_interview_app_assistance_financial_assistance_provider case_interview_app_a_assistance_id_f22a6984_fk_case_inte; Type: FK CONSTRAINT; Schema: public; Owner: tipnet
--

ALTER TABLE ONLY public.case_interview_app_assistance_financial_assistance_provider
    ADD CONSTRAINT case_interview_app_a_assistance_id_f22a6984_fk_case_inte FOREIGN KEY (assistance_id) REFERENCES public.case_interview_app_assistance(id) DEFERRABLE INITIALLY DEFERRED;


--
-- Name: case_interview_app_assistance_medical_assistance_provider case_interview_app_a_assistance_id_f5928da0_fk_case_inte; Type: FK CONSTRAINT; Schema: public; Owner: tipnet
--

ALTER TABLE ONLY public.case_interview_app_assistance_medical_assistance_provider
    ADD CONSTRAINT case_interview_app_a_assistance_id_f5928da0_fk_case_inte FOREIGN KEY (assistance_id) REFERENCES public.case_interview_app_assistance(id) DEFERRABLE INITIALLY DEFERRED;


--
-- Name: case_interview_app_assistanceaggregatedata case_interview_app_a_data_supplier_id_deb0c751_fk_case_inte; Type: FK CONSTRAINT; Schema: public; Owner: tipnet
--

ALTER TABLE ONLY public.case_interview_app_assistanceaggregatedata
    ADD CONSTRAINT case_interview_app_a_data_supplier_id_deb0c751_fk_case_inte FOREIGN KEY (data_supplier_id) REFERENCES public.case_interview_app_datasupplier(id) DEFERRABLE INITIALLY DEFERRED;


--
-- Name: case_interview_app_assistance case_interview_app_a_education_assistance_e0552d8a_fk_case_inte; Type: FK CONSTRAINT; Schema: public; Owner: tipnet
--

ALTER TABLE ONLY public.case_interview_app_assistance
    ADD CONSTRAINT case_interview_app_a_education_assistance_e0552d8a_fk_case_inte FOREIGN KEY (education_assistance_level_id) REFERENCES public.case_interview_app_educationlevel(id) DEFERRABLE INITIALLY DEFERRED;


--
-- Name: case_interview_app_assistance case_interview_app_a_im_emmigration_assis_156f0adc_fk_case_inte; Type: FK CONSTRAINT; Schema: public; Owner: tipnet
--

ALTER TABLE ONLY public.case_interview_app_assistance
    ADD CONSTRAINT case_interview_app_a_im_emmigration_assis_156f0adc_fk_case_inte FOREIGN KEY (im_emmigration_assistance_status_id) REFERENCES public.case_interview_app_imemmigrationstatus(id) DEFERRABLE INITIALLY DEFERRED;


--
-- Name: case_interview_app_assistanceaggregatedata case_interview_app_a_interviewer_id_5066ded5_fk_case_inte; Type: FK CONSTRAINT; Schema: public; Owner: tipnet
--

ALTER TABLE ONLY public.case_interview_app_assistanceaggregatedata
    ADD CONSTRAINT case_interview_app_a_interviewer_id_5066ded5_fk_case_inte FOREIGN KEY (interviewer_id) REFERENCES public.case_interview_app_interviewer(id) DEFERRABLE INITIALLY DEFERRED;


--
-- Name: case_interview_app_assistance case_interview_app_a_interviewer_id_89f44028_fk_case_inte; Type: FK CONSTRAINT; Schema: public; Owner: tipnet
--

ALTER TABLE ONLY public.case_interview_app_assistance
    ADD CONSTRAINT case_interview_app_a_interviewer_id_89f44028_fk_case_inte FOREIGN KEY (interviewer_id) REFERENCES public.case_interview_app_interviewer(id) DEFERRABLE INITIALLY DEFERRED;


--
-- Name: case_interview_app_arrestinvestigation case_interview_app_a_interviewer_id_b38358e9_fk_case_inte; Type: FK CONSTRAINT; Schema: public; Owner: tipnet
--

ALTER TABLE ONLY public.case_interview_app_arrestinvestigation
    ADD CONSTRAINT case_interview_app_a_interviewer_id_b38358e9_fk_case_inte FOREIGN KEY (interviewer_id) REFERENCES public.case_interview_app_interviewer(id) DEFERRABLE INITIALLY DEFERRED;


--
-- Name: case_interview_app_arrestinvestigation case_interview_app_a_investigation_status_6621cee4_fk_case_inte; Type: FK CONSTRAINT; Schema: public; Owner: tipnet
--

ALTER TABLE ONLY public.case_interview_app_arrestinvestigation
    ADD CONSTRAINT case_interview_app_a_investigation_status_6621cee4_fk_case_inte FOREIGN KEY (investigation_status_id) REFERENCES public.case_interview_app_investigationstatus(id) DEFERRABLE INITIALLY DEFERRED;


--
-- Name: case_interview_app_assistance case_interview_app_a_micro_ent_income_pro_4fb453ff_fk_case_inte; Type: FK CONSTRAINT; Schema: public; Owner: tipnet
--

ALTER TABLE ONLY public.case_interview_app_assistance
    ADD CONSTRAINT case_interview_app_a_micro_ent_income_pro_4fb453ff_fk_case_inte FOREIGN KEY (micro_ent_income_project_id) REFERENCES public.case_interview_app_incomeprojecttype(id) DEFERRABLE INITIALLY DEFERRED;


--
-- Name: case_interview_app_assistance case_interview_app_a_other_community_assi_113ca87e_fk_case_inte; Type: FK CONSTRAINT; Schema: public; Owner: tipnet
--

ALTER TABLE ONLY public.case_interview_app_assistance
    ADD CONSTRAINT case_interview_app_a_other_community_assi_113ca87e_fk_case_inte FOREIGN KEY (other_community_assistance_type_id) REFERENCES public.case_interview_app_communityassistancetype(id) DEFERRABLE INITIALLY DEFERRED;


--
-- Name: case_interview_app_assistance_housing_allowance_provider case_interview_app_a_provider_id_1336c24d_fk_case_inte; Type: FK CONSTRAINT; Schema: public; Owner: tipnet
--

ALTER TABLE ONLY public.case_interview_app_assistance_housing_allowance_provider
    ADD CONSTRAINT case_interview_app_a_provider_id_1336c24d_fk_case_inte FOREIGN KEY (provider_id) REFERENCES public.case_interview_app_provider(id) DEFERRABLE INITIALLY DEFERRED;


--
-- Name: case_interview_app_assistance_im_emmigration_assistance_pro0797 case_interview_app_a_provider_id_15c26763_fk_case_inte; Type: FK CONSTRAINT; Schema: public; Owner: tipnet
--

ALTER TABLE ONLY public.case_interview_app_assistance_im_emmigration_assistance_pro0797
    ADD CONSTRAINT case_interview_app_a_provider_id_15c26763_fk_case_inte FOREIGN KEY (provider_id) REFERENCES public.case_interview_app_provider(id) DEFERRABLE INITIALLY DEFERRED;


--
-- Name: case_interview_app_assistance_shelter_provider case_interview_app_a_provider_id_15c8278d_fk_case_inte; Type: FK CONSTRAINT; Schema: public; Owner: tipnet
--

ALTER TABLE ONLY public.case_interview_app_assistance_shelter_provider
    ADD CONSTRAINT case_interview_app_a_provider_id_15c8278d_fk_case_inte FOREIGN KEY (provider_id) REFERENCES public.case_interview_app_provider(id) DEFERRABLE INITIALLY DEFERRED;


--
-- Name: case_interview_app_assistance_legal_assistance_provider case_interview_app_a_provider_id_1985789d_fk_case_inte; Type: FK CONSTRAINT; Schema: public; Owner: tipnet
--

ALTER TABLE ONLY public.case_interview_app_assistance_legal_assistance_provider
    ADD CONSTRAINT case_interview_app_a_provider_id_1985789d_fk_case_inte FOREIGN KEY (provider_id) REFERENCES public.case_interview_app_provider(id) DEFERRABLE INITIALLY DEFERRED;


--
-- Name: case_interview_app_assistance_social_assistance_provider case_interview_app_a_provider_id_19c74d9b_fk_case_inte; Type: FK CONSTRAINT; Schema: public; Owner: tipnet
--

ALTER TABLE ONLY public.case_interview_app_assistance_social_assistance_provider
    ADD CONSTRAINT case_interview_app_a_provider_id_19c74d9b_fk_case_inte FOREIGN KEY (provider_id) REFERENCES public.case_interview_app_provider(id) DEFERRABLE INITIALLY DEFERRED;


--
-- Name: case_interview_app_assistance_halfway_house_providers case_interview_app_a_provider_id_46c7215e_fk_case_inte; Type: FK CONSTRAINT; Schema: public; Owner: tipnet
--

ALTER TABLE ONLY public.case_interview_app_assistance_halfway_house_providers
    ADD CONSTRAINT case_interview_app_a_provider_id_46c7215e_fk_case_inte FOREIGN KEY (provider_id) REFERENCES public.case_interview_app_provider(id) DEFERRABLE INITIALLY DEFERRED;


--
-- Name: case_interview_app_assistance_education_assistance_provider case_interview_app_a_provider_id_6b180338_fk_case_inte; Type: FK CONSTRAINT; Schema: public; Owner: tipnet
--

ALTER TABLE ONLY public.case_interview_app_assistance_education_assistance_provider
    ADD CONSTRAINT case_interview_app_a_provider_id_6b180338_fk_case_inte FOREIGN KEY (provider_id) REFERENCES public.case_interview_app_provider(id) DEFERRABLE INITIALLY DEFERRED;


--
-- Name: case_interview_app_assistance_med_rehab_provider case_interview_app_a_provider_id_963ecb6f_fk_case_inte; Type: FK CONSTRAINT; Schema: public; Owner: tipnet
--

ALTER TABLE ONLY public.case_interview_app_assistance_med_rehab_provider
    ADD CONSTRAINT case_interview_app_a_provider_id_963ecb6f_fk_case_inte FOREIGN KEY (provider_id) REFERENCES public.case_interview_app_provider(id) DEFERRABLE INITIALLY DEFERRED;


--
-- Name: case_interview_app_assistance_financial_assistance_provider case_interview_app_a_provider_id_abe5e656_fk_case_inte; Type: FK CONSTRAINT; Schema: public; Owner: tipnet
--

ALTER TABLE ONLY public.case_interview_app_assistance_financial_assistance_provider
    ADD CONSTRAINT case_interview_app_a_provider_id_abe5e656_fk_case_inte FOREIGN KEY (provider_id) REFERENCES public.case_interview_app_provider(id) DEFERRABLE INITIALLY DEFERRED;


--
-- Name: case_interview_app_assistance_vocational_training_provider case_interview_app_a_provider_id_ba8bc7a7_fk_case_inte; Type: FK CONSTRAINT; Schema: public; Owner: tipnet
--

ALTER TABLE ONLY public.case_interview_app_assistance_vocational_training_provider
    ADD CONSTRAINT case_interview_app_a_provider_id_ba8bc7a7_fk_case_inte FOREIGN KEY (provider_id) REFERENCES public.case_interview_app_provider(id) DEFERRABLE INITIALLY DEFERRED;


--
-- Name: case_interview_app_assistance_other_community_assistance_pr1378 case_interview_app_a_provider_id_c40d1856_fk_case_inte; Type: FK CONSTRAINT; Schema: public; Owner: tipnet
--

ALTER TABLE ONLY public.case_interview_app_assistance_other_community_assistance_pr1378
    ADD CONSTRAINT case_interview_app_a_provider_id_c40d1856_fk_case_inte FOREIGN KEY (provider_id) REFERENCES public.case_interview_app_provider(id) DEFERRABLE INITIALLY DEFERRED;


--
-- Name: case_interview_app_assistance_micro_ent_income_provider case_interview_app_a_provider_id_c67a1046_fk_case_inte; Type: FK CONSTRAINT; Schema: public; Owner: tipnet
--

ALTER TABLE ONLY public.case_interview_app_assistance_micro_ent_income_provider
    ADD CONSTRAINT case_interview_app_a_provider_id_c67a1046_fk_case_inte FOREIGN KEY (provider_id) REFERENCES public.case_interview_app_provider(id) DEFERRABLE INITIALLY DEFERRED;


--
-- Name: case_interview_app_assistance_medical_assistance_provider case_interview_app_a_provider_id_ebb8841a_fk_case_inte; Type: FK CONSTRAINT; Schema: public; Owner: tipnet
--

ALTER TABLE ONLY public.case_interview_app_assistance_medical_assistance_provider
    ADD CONSTRAINT case_interview_app_a_provider_id_ebb8841a_fk_case_inte FOREIGN KEY (provider_id) REFERENCES public.case_interview_app_provider(id) DEFERRABLE INITIALLY DEFERRED;


--
-- Name: case_interview_app_arrestinvestigation_how_traffickers_org case_interview_app_a_traffickerorg_id_ed4a1dad_fk_case_inte; Type: FK CONSTRAINT; Schema: public; Owner: tipnet
--

ALTER TABLE ONLY public.case_interview_app_arrestinvestigation_how_traffickers_org
    ADD CONSTRAINT case_interview_app_a_traffickerorg_id_ed4a1dad_fk_case_inte FOREIGN KEY (traffickerorg_id) REFERENCES public.case_interview_app_traffickerorg(id) DEFERRABLE INITIALLY DEFERRED;


--
-- Name: case_interview_app_assistance case_interview_app_a_victim_id_12dd8a1a_fk_case_inte; Type: FK CONSTRAINT; Schema: public; Owner: tipnet
--

ALTER TABLE ONLY public.case_interview_app_assistance
    ADD CONSTRAINT case_interview_app_a_victim_id_12dd8a1a_fk_case_inte FOREIGN KEY (victim_id) REFERENCES public.case_interview_app_victimprofile(id) DEFERRABLE INITIALLY DEFERRED;


--
-- Name: case_interview_app_arrestinvestigation case_interview_app_a_victim_id_138154ee_fk_case_inte; Type: FK CONSTRAINT; Schema: public; Owner: tipnet
--

ALTER TABLE ONLY public.case_interview_app_arrestinvestigation
    ADD CONSTRAINT case_interview_app_a_victim_id_138154ee_fk_case_inte FOREIGN KEY (victim_id) REFERENCES public.case_interview_app_victimprofile(id) DEFERRABLE INITIALLY DEFERRED;


--
-- Name: case_interview_app_exploitation case_interview_app_e_approval_id_d753fa57_fk_case_inte; Type: FK CONSTRAINT; Schema: public; Owner: tipnet
--

ALTER TABLE ONLY public.case_interview_app_exploitation
    ADD CONSTRAINT case_interview_app_e_approval_id_d753fa57_fk_case_inte FOREIGN KEY (approval_id) REFERENCES public.case_interview_app_approvalstatus(id) DEFERRABLE INITIALLY DEFERRED;


--
-- Name: case_interview_app_exploitation_e_body_part_removed case_interview_app_e_bodypart_id_98947498_fk_case_inte; Type: FK CONSTRAINT; Schema: public; Owner: tipnet
--

ALTER TABLE ONLY public.case_interview_app_exploitation_e_body_part_removed
    ADD CONSTRAINT case_interview_app_e_bodypart_id_98947498_fk_case_inte FOREIGN KEY (bodypart_id) REFERENCES public.case_interview_app_bodypart(id) DEFERRABLE INITIALLY DEFERRED;


--
-- Name: case_interview_app_exploitation_e_brice_recipient case_interview_app_e_bridepricerecipient__cbd86fcd_fk_case_inte; Type: FK CONSTRAINT; Schema: public; Owner: tipnet
--

ALTER TABLE ONLY public.case_interview_app_exploitation_e_brice_recipient
    ADD CONSTRAINT case_interview_app_e_bridepricerecipient__cbd86fcd_fk_case_inte FOREIGN KEY (bridepricerecipient_id) REFERENCES public.case_interview_app_bridepricerecipient(id) DEFERRABLE INITIALLY DEFERRED;


--
-- Name: case_interview_app_exploitation_e_child_marriage_reason case_interview_app_e_childmarriagereason__563b746b_fk_case_inte; Type: FK CONSTRAINT; Schema: public; Owner: tipnet
--

ALTER TABLE ONLY public.case_interview_app_exploitation_e_child_marriage_reason
    ADD CONSTRAINT case_interview_app_e_childmarriagereason__563b746b_fk_case_inte FOREIGN KEY (childmarriagereason_id) REFERENCES public.case_interview_app_childmarriagereason(id) DEFERRABLE INITIALLY DEFERRED;


--
-- Name: case_interview_app_exploitation_e_criminal_activity_type case_interview_app_e_criminalactivitytype_f91fb652_fk_case_inte; Type: FK CONSTRAINT; Schema: public; Owner: tipnet
--

ALTER TABLE ONLY public.case_interview_app_exploitation_e_criminal_activity_type
    ADD CONSTRAINT case_interview_app_e_criminalactivitytype_f91fb652_fk_case_inte FOREIGN KEY (criminalactivitytype_id) REFERENCES public.case_interview_app_criminalactivitytype(id) DEFERRABLE INITIALLY DEFERRED;


--
-- Name: case_interview_app_exploitation case_interview_app_e_e_bprice_paid_id_0de57968_fk_case_inte; Type: FK CONSTRAINT; Schema: public; Owner: tipnet
--

ALTER TABLE ONLY public.case_interview_app_exploitation
    ADD CONSTRAINT case_interview_app_e_e_bprice_paid_id_0de57968_fk_case_inte FOREIGN KEY (e_bprice_paid_id) REFERENCES public.case_interview_app_brideprice(id) DEFERRABLE INITIALLY DEFERRED;


--
-- Name: case_interview_app_exploitation case_interview_app_e_e_forced_military_ty_a8c33cfa_fk_case_inte; Type: FK CONSTRAINT; Schema: public; Owner: tipnet
--

ALTER TABLE ONLY public.case_interview_app_exploitation
    ADD CONSTRAINT case_interview_app_e_e_forced_military_ty_a8c33cfa_fk_case_inte FOREIGN KEY (e_forced_military_type_id) REFERENCES public.case_interview_app_militarytype(id) DEFERRABLE INITIALLY DEFERRED;


--
-- Name: case_interview_app_exploitation case_interview_app_e_e_marriage_violence__411b9dc9_fk_case_inte; Type: FK CONSTRAINT; Schema: public; Owner: tipnet
--

ALTER TABLE ONLY public.case_interview_app_exploitation
    ADD CONSTRAINT case_interview_app_e_e_marriage_violence__411b9dc9_fk_case_inte FOREIGN KEY (e_marriage_violence_id) REFERENCES public.case_interview_app_affirmoption(id) DEFERRABLE INITIALLY DEFERRED;


--
-- Name: case_interview_app_exploitation case_interview_app_e_e_operation_country__5fdc6fd8_fk_case_inte; Type: FK CONSTRAINT; Schema: public; Owner: tipnet
--

ALTER TABLE ONLY public.case_interview_app_exploitation
    ADD CONSTRAINT case_interview_app_e_e_operation_country__5fdc6fd8_fk_case_inte FOREIGN KEY (e_operation_country_id) REFERENCES public.case_interview_app_country(id) DEFERRABLE INITIALLY DEFERRED;


--
-- Name: case_interview_app_exploitation case_interview_app_e_e_operation_location_118c7a17_fk_case_inte; Type: FK CONSTRAINT; Schema: public; Owner: tipnet
--

ALTER TABLE ONLY public.case_interview_app_exploitation
    ADD CONSTRAINT case_interview_app_e_e_operation_location_118c7a17_fk_case_inte FOREIGN KEY (e_operation_location_id) REFERENCES public.case_interview_app_operationlocation(id) DEFERRABLE INITIALLY DEFERRED;


--
-- Name: case_interview_app_exploitation case_interview_app_e_e_organ_paid_to_id_a7db9db6_fk_case_inte; Type: FK CONSTRAINT; Schema: public; Owner: tipnet
--

ALTER TABLE ONLY public.case_interview_app_exploitation
    ADD CONSTRAINT case_interview_app_e_e_organ_paid_to_id_a7db9db6_fk_case_inte FOREIGN KEY (e_organ_paid_to_id) REFERENCES public.case_interview_app_organpaidto(id) DEFERRABLE INITIALLY DEFERRED;


--
-- Name: case_interview_app_exploitation case_interview_app_e_e_recruiter_relation_b9867a02_fk_case_inte; Type: FK CONSTRAINT; Schema: public; Owner: tipnet
--

ALTER TABLE ONLY public.case_interview_app_exploitation
    ADD CONSTRAINT case_interview_app_e_e_recruiter_relation_b9867a02_fk_case_inte FOREIGN KEY (e_recruiter_relationship_id) REFERENCES public.case_interview_app_recruiterrelationship(id) DEFERRABLE INITIALLY DEFERRED;


--
-- Name: case_interview_app_exploitation case_interview_app_e_e_recruitment_type_i_8cf7db36_fk_case_inte; Type: FK CONSTRAINT; Schema: public; Owner: tipnet
--

ALTER TABLE ONLY public.case_interview_app_exploitation
    ADD CONSTRAINT case_interview_app_e_e_recruitment_type_i_8cf7db36_fk_case_inte FOREIGN KEY (e_recruitment_type_id) REFERENCES public.case_interview_app_recruitmenttype(id) DEFERRABLE INITIALLY DEFERRED;


--
-- Name: case_interview_app_exploitation case_interview_app_e_e_spouse_nationality_44b61d36_fk_case_inte; Type: FK CONSTRAINT; Schema: public; Owner: tipnet
--

ALTER TABLE ONLY public.case_interview_app_exploitation
    ADD CONSTRAINT case_interview_app_e_e_spouse_nationality_44b61d36_fk_case_inte FOREIGN KEY (e_spouse_nationality_id) REFERENCES public.case_interview_app_country(id) DEFERRABLE INITIALLY DEFERRED;


--
-- Name: case_interview_app_exploitation case_interview_app_e_exploitation_age_id_981347cf_fk_case_inte; Type: FK CONSTRAINT; Schema: public; Owner: tipnet
--

ALTER TABLE ONLY public.case_interview_app_exploitation
    ADD CONSTRAINT case_interview_app_e_exploitation_age_id_981347cf_fk_case_inte FOREIGN KEY (exploitation_age_id) REFERENCES public.case_interview_app_exploitationage(id) DEFERRABLE INITIALLY DEFERRED;


--
-- Name: case_interview_app_exploitation_e_body_part_removed case_interview_app_e_exploitation_id_3a1f4279_fk_case_inte; Type: FK CONSTRAINT; Schema: public; Owner: tipnet
--

ALTER TABLE ONLY public.case_interview_app_exploitation_e_body_part_removed
    ADD CONSTRAINT case_interview_app_e_exploitation_id_3a1f4279_fk_case_inte FOREIGN KEY (exploitation_id) REFERENCES public.case_interview_app_exploitation(id) DEFERRABLE INITIALLY DEFERRED;


--
-- Name: case_interview_app_exploitation_e_brice_recipient case_interview_app_e_exploitation_id_44e156b9_fk_case_inte; Type: FK CONSTRAINT; Schema: public; Owner: tipnet
--

ALTER TABLE ONLY public.case_interview_app_exploitation_e_brice_recipient
    ADD CONSTRAINT case_interview_app_e_exploitation_id_44e156b9_fk_case_inte FOREIGN KEY (exploitation_id) REFERENCES public.case_interview_app_exploitation(id) DEFERRABLE INITIALLY DEFERRED;


--
-- Name: case_interview_app_exploitation_e_child_marriage_reason case_interview_app_e_exploitation_id_7c489a62_fk_case_inte; Type: FK CONSTRAINT; Schema: public; Owner: tipnet
--

ALTER TABLE ONLY public.case_interview_app_exploitation_e_child_marriage_reason
    ADD CONSTRAINT case_interview_app_e_exploitation_id_7c489a62_fk_case_inte FOREIGN KEY (exploitation_id) REFERENCES public.case_interview_app_exploitation(id) DEFERRABLE INITIALLY DEFERRED;


--
-- Name: case_interview_app_exploitation_e_marriage_violence_type case_interview_app_e_exploitation_id_83cc893f_fk_case_inte; Type: FK CONSTRAINT; Schema: public; Owner: tipnet
--

ALTER TABLE ONLY public.case_interview_app_exploitation_e_marriage_violence_type
    ADD CONSTRAINT case_interview_app_e_exploitation_id_83cc893f_fk_case_inte FOREIGN KEY (exploitation_id) REFERENCES public.case_interview_app_exploitation(id) DEFERRABLE INITIALLY DEFERRED;


--
-- Name: case_interview_app_exploitation_e_forced_labour_industry case_interview_app_e_exploitation_id_86b660de_fk_case_inte; Type: FK CONSTRAINT; Schema: public; Owner: tipnet
--

ALTER TABLE ONLY public.case_interview_app_exploitation_e_forced_labour_industry
    ADD CONSTRAINT case_interview_app_e_exploitation_id_86b660de_fk_case_inte FOREIGN KEY (exploitation_id) REFERENCES public.case_interview_app_exploitation(id) DEFERRABLE INITIALLY DEFERRED;


--
-- Name: case_interview_app_exploitation_e_criminal_activity_type case_interview_app_e_exploitation_id_9e978fbb_fk_case_inte; Type: FK CONSTRAINT; Schema: public; Owner: tipnet
--

ALTER TABLE ONLY public.case_interview_app_exploitation_e_criminal_activity_type
    ADD CONSTRAINT case_interview_app_e_exploitation_id_9e978fbb_fk_case_inte FOREIGN KEY (exploitation_id) REFERENCES public.case_interview_app_exploitation(id) DEFERRABLE INITIALLY DEFERRED;


--
-- Name: case_interview_app_exploitation_e_trafficking_means case_interview_app_e_exploitation_id_b0284741_fk_case_inte; Type: FK CONSTRAINT; Schema: public; Owner: tipnet
--

ALTER TABLE ONLY public.case_interview_app_exploitation_e_trafficking_means
    ADD CONSTRAINT case_interview_app_e_exploitation_id_b0284741_fk_case_inte FOREIGN KEY (exploitation_id) REFERENCES public.case_interview_app_exploitation(id) DEFERRABLE INITIALLY DEFERRED;


--
-- Name: case_interview_app_exploitation_e_victim_military_activities case_interview_app_e_exploitation_id_c9660638_fk_case_inte; Type: FK CONSTRAINT; Schema: public; Owner: tipnet
--

ALTER TABLE ONLY public.case_interview_app_exploitation_e_victim_military_activities
    ADD CONSTRAINT case_interview_app_e_exploitation_id_c9660638_fk_case_inte FOREIGN KEY (exploitation_id) REFERENCES public.case_interview_app_exploitation(id) DEFERRABLE INITIALLY DEFERRED;


--
-- Name: case_interview_app_exploitation_e_forced_labour_industry case_interview_app_e_forcedlabourindustry_a8c38fbb_fk_case_inte; Type: FK CONSTRAINT; Schema: public; Owner: tipnet
--

ALTER TABLE ONLY public.case_interview_app_exploitation_e_forced_labour_industry
    ADD CONSTRAINT case_interview_app_e_forcedlabourindustry_a8c38fbb_fk_case_inte FOREIGN KEY (forcedlabourindustry_id) REFERENCES public.case_interview_app_forcedlabourindustry(id) DEFERRABLE INITIALLY DEFERRED;


--
-- Name: case_interview_app_exploitation case_interview_app_e_freed_method_id_fe49ddcb_fk_case_inte; Type: FK CONSTRAINT; Schema: public; Owner: tipnet
--

ALTER TABLE ONLY public.case_interview_app_exploitation
    ADD CONSTRAINT case_interview_app_e_freed_method_id_fe49ddcb_fk_case_inte FOREIGN KEY (freed_method_id) REFERENCES public.case_interview_app_freedmethod(id) DEFERRABLE INITIALLY DEFERRED;


--
-- Name: case_interview_app_exploitation case_interview_app_e_interviewer_id_470d7c07_fk_case_inte; Type: FK CONSTRAINT; Schema: public; Owner: tipnet
--

ALTER TABLE ONLY public.case_interview_app_exploitation
    ADD CONSTRAINT case_interview_app_e_interviewer_id_470d7c07_fk_case_inte FOREIGN KEY (interviewer_id) REFERENCES public.case_interview_app_interviewer(id) DEFERRABLE INITIALLY DEFERRED;


--
-- Name: case_interview_app_exploitation_e_marriage_violence_type case_interview_app_e_marriageviolencetype_dad0b351_fk_case_inte; Type: FK CONSTRAINT; Schema: public; Owner: tipnet
--

ALTER TABLE ONLY public.case_interview_app_exploitation_e_marriage_violence_type
    ADD CONSTRAINT case_interview_app_e_marriageviolencetype_dad0b351_fk_case_inte FOREIGN KEY (marriageviolencetype_id) REFERENCES public.case_interview_app_marriageviolencetype(id) DEFERRABLE INITIALLY DEFERRED;


--
-- Name: case_interview_app_exploitation_e_victim_military_activities case_interview_app_e_militaryactivity_id_576cb60d_fk_case_inte; Type: FK CONSTRAINT; Schema: public; Owner: tipnet
--

ALTER TABLE ONLY public.case_interview_app_exploitation_e_victim_military_activities
    ADD CONSTRAINT case_interview_app_e_militaryactivity_id_576cb60d_fk_case_inte FOREIGN KEY (militaryactivity_id) REFERENCES public.case_interview_app_militaryactivity(id) DEFERRABLE INITIALLY DEFERRED;


--
-- Name: case_interview_app_exploitation_e_trafficking_means case_interview_app_e_traffickingmean_id_622fffb6_fk_case_inte; Type: FK CONSTRAINT; Schema: public; Owner: tipnet
--

ALTER TABLE ONLY public.case_interview_app_exploitation_e_trafficking_means
    ADD CONSTRAINT case_interview_app_e_traffickingmean_id_622fffb6_fk_case_inte FOREIGN KEY (traffickingmean_id) REFERENCES public.case_interview_app_traffickingmean(id) DEFERRABLE INITIALLY DEFERRED;


--
-- Name: case_interview_app_exploitation case_interview_app_e_victim_id_317bf6c4_fk_case_inte; Type: FK CONSTRAINT; Schema: public; Owner: tipnet
--

ALTER TABLE ONLY public.case_interview_app_exploitation
    ADD CONSTRAINT case_interview_app_e_victim_id_317bf6c4_fk_case_inte FOREIGN KEY (victim_id) REFERENCES public.case_interview_app_victimprofile(id) DEFERRABLE INITIALLY DEFERRED;


--
-- Name: case_interview_app_interviewer case_interview_app_i_approval_id_5358832f_fk_case_inte; Type: FK CONSTRAINT; Schema: public; Owner: tipnet
--

ALTER TABLE ONLY public.case_interview_app_interviewer
    ADD CONSTRAINT case_interview_app_i_approval_id_5358832f_fk_case_inte FOREIGN KEY (approval_id) REFERENCES public.case_interview_app_approvalstatus(id) DEFERRABLE INITIALLY DEFERRED;


--
-- Name: case_interview_app_interviewer case_interview_app_i_country_id_9c780aac_fk_case_inte; Type: FK CONSTRAINT; Schema: public; Owner: tipnet
--

ALTER TABLE ONLY public.case_interview_app_interviewer
    ADD CONSTRAINT case_interview_app_i_country_id_9c780aac_fk_case_inte FOREIGN KEY (country_id) REFERENCES public.case_interview_app_country(id) DEFERRABLE INITIALLY DEFERRED;


--
-- Name: case_interview_app_interviewer case_interview_app_i_data_entry_purpose_i_5af1c178_fk_case_inte; Type: FK CONSTRAINT; Schema: public; Owner: tipnet
--

ALTER TABLE ONLY public.case_interview_app_interviewer
    ADD CONSTRAINT case_interview_app_i_data_entry_purpose_i_5af1c178_fk_case_inte FOREIGN KEY (data_entry_purpose_id) REFERENCES public.case_interview_app_dataentrypurpose(id) DEFERRABLE INITIALLY DEFERRED;


--
-- Name: case_interview_app_interviewer_som_victims case_interview_app_i_interviewer_id_8b58068f_fk_case_inte; Type: FK CONSTRAINT; Schema: public; Owner: tipnet
--

ALTER TABLE ONLY public.case_interview_app_interviewer_som_victims
    ADD CONSTRAINT case_interview_app_i_interviewer_id_8b58068f_fk_case_inte FOREIGN KEY (interviewer_id) REFERENCES public.case_interview_app_interviewer(id) DEFERRABLE INITIALLY DEFERRED;


--
-- Name: case_interview_app_interviewer_victims case_interview_app_i_interviewer_id_b441e770_fk_case_inte; Type: FK CONSTRAINT; Schema: public; Owner: tipnet
--

ALTER TABLE ONLY public.case_interview_app_interviewer_victims
    ADD CONSTRAINT case_interview_app_i_interviewer_id_b441e770_fk_case_inte FOREIGN KEY (interviewer_id) REFERENCES public.case_interview_app_interviewer(id) DEFERRABLE INITIALLY DEFERRED;


--
-- Name: case_interview_app_interviewer_som_cases case_interview_app_i_interviewer_id_d6458f5d_fk_case_inte; Type: FK CONSTRAINT; Schema: public; Owner: tipnet
--

ALTER TABLE ONLY public.case_interview_app_interviewer_som_cases
    ADD CONSTRAINT case_interview_app_i_interviewer_id_d6458f5d_fk_case_inte FOREIGN KEY (interviewer_id) REFERENCES public.case_interview_app_interviewer(id) DEFERRABLE INITIALLY DEFERRED;


--
-- Name: case_interview_app_interviewer_som_cases case_interview_app_i_somcase_id_4a515bce_fk_case_inte; Type: FK CONSTRAINT; Schema: public; Owner: tipnet
--

ALTER TABLE ONLY public.case_interview_app_interviewer_som_cases
    ADD CONSTRAINT case_interview_app_i_somcase_id_4a515bce_fk_case_inte FOREIGN KEY (somcase_id) REFERENCES public.case_interview_app_somcase(id) DEFERRABLE INITIALLY DEFERRED;


--
-- Name: case_interview_app_interviewer_som_victims case_interview_app_i_somvictimprofile_id_b6517cad_fk_case_inte; Type: FK CONSTRAINT; Schema: public; Owner: tipnet
--

ALTER TABLE ONLY public.case_interview_app_interviewer_som_victims
    ADD CONSTRAINT case_interview_app_i_somvictimprofile_id_b6517cad_fk_case_inte FOREIGN KEY (somvictimprofile_id) REFERENCES public.case_interview_app_somvictimprofile(id) DEFERRABLE INITIALLY DEFERRED;


--
-- Name: case_interview_app_interviewer_victims case_interview_app_i_victimprofile_id_6eea7bf3_fk_case_inte; Type: FK CONSTRAINT; Schema: public; Owner: tipnet
--

ALTER TABLE ONLY public.case_interview_app_interviewer_victims
    ADD CONSTRAINT case_interview_app_i_victimprofile_id_6eea7bf3_fk_case_inte FOREIGN KEY (victimprofile_id) REFERENCES public.case_interview_app_victimprofile(id) DEFERRABLE INITIALLY DEFERRED;


--
-- Name: case_interview_app_prosecution case_interview_app_p_approval_id_b18f3ab6_fk_case_inte; Type: FK CONSTRAINT; Schema: public; Owner: tipnet
--

ALTER TABLE ONLY public.case_interview_app_prosecution
    ADD CONSTRAINT case_interview_app_p_approval_id_b18f3ab6_fk_case_inte FOREIGN KEY (approval_id) REFERENCES public.case_interview_app_approvalstatus(id) DEFERRABLE INITIALLY DEFERRED;


--
-- Name: case_interview_app_prosecution case_interview_app_p_aquital_reason_id_42459820_fk_case_inte; Type: FK CONSTRAINT; Schema: public; Owner: tipnet
--

ALTER TABLE ONLY public.case_interview_app_prosecution
    ADD CONSTRAINT case_interview_app_p_aquital_reason_id_42459820_fk_case_inte FOREIGN KEY (aquital_reason_id) REFERENCES public.case_interview_app_aquitalreason(id) DEFERRABLE INITIALLY DEFERRED;


--
-- Name: case_interview_app_prosecution case_interview_app_p_guilty_verdict_reaso_3b5aba97_fk_case_inte; Type: FK CONSTRAINT; Schema: public; Owner: tipnet
--

ALTER TABLE ONLY public.case_interview_app_prosecution
    ADD CONSTRAINT case_interview_app_p_guilty_verdict_reaso_3b5aba97_fk_case_inte FOREIGN KEY (guilty_verdict_reason_id) REFERENCES public.case_interview_app_guiltyreason(id) DEFERRABLE INITIALLY DEFERRED;


--
-- Name: case_interview_app_prosecution case_interview_app_p_interviewer_id_d2b770b3_fk_case_inte; Type: FK CONSTRAINT; Schema: public; Owner: tipnet
--

ALTER TABLE ONLY public.case_interview_app_prosecution
    ADD CONSTRAINT case_interview_app_p_interviewer_id_d2b770b3_fk_case_inte FOREIGN KEY (interviewer_id) REFERENCES public.case_interview_app_interviewer(id) DEFERRABLE INITIALLY DEFERRED;


--
-- Name: case_interview_app_prosecution case_interview_app_p_prosecution_outcome__33050980_fk_case_inte; Type: FK CONSTRAINT; Schema: public; Owner: tipnet
--

ALTER TABLE ONLY public.case_interview_app_prosecution
    ADD CONSTRAINT case_interview_app_p_prosecution_outcome__33050980_fk_case_inte FOREIGN KEY (prosecution_outcome_id) REFERENCES public.case_interview_app_prosecutionoutcome(id) DEFERRABLE INITIALLY DEFERRED;


--
-- Name: case_interview_app_prosecution case_interview_app_p_sanction_penalty_id_b4e2556f_fk_case_inte; Type: FK CONSTRAINT; Schema: public; Owner: tipnet
--

ALTER TABLE ONLY public.case_interview_app_prosecution
    ADD CONSTRAINT case_interview_app_p_sanction_penalty_id_b4e2556f_fk_case_inte FOREIGN KEY (sanction_penalty_id) REFERENCES public.case_interview_app_sanctionpenalty(id) DEFERRABLE INITIALLY DEFERRED;


--
-- Name: case_interview_app_prosecution case_interview_app_p_status_of_case_id_025e4b1c_fk_case_inte; Type: FK CONSTRAINT; Schema: public; Owner: tipnet
--

ALTER TABLE ONLY public.case_interview_app_prosecution
    ADD CONSTRAINT case_interview_app_p_status_of_case_id_025e4b1c_fk_case_inte FOREIGN KEY (status_of_case_id) REFERENCES public.case_interview_app_casestatus(id) DEFERRABLE INITIALLY DEFERRED;


--
-- Name: case_interview_app_prosecution case_interview_app_p_trafficker_id_98e14c57_fk_case_inte; Type: FK CONSTRAINT; Schema: public; Owner: tipnet
--

ALTER TABLE ONLY public.case_interview_app_prosecution
    ADD CONSTRAINT case_interview_app_p_trafficker_id_98e14c57_fk_case_inte FOREIGN KEY (trafficker_id) REFERENCES public.case_interview_app_suspectedtrafficker(id) DEFERRABLE INITIALLY DEFERRED;


--
-- Name: case_interview_app_prosecution case_interview_app_p_trial_court_country__8566a73b_fk_case_inte; Type: FK CONSTRAINT; Schema: public; Owner: tipnet
--

ALTER TABLE ONLY public.case_interview_app_prosecution
    ADD CONSTRAINT case_interview_app_p_trial_court_country__8566a73b_fk_case_inte FOREIGN KEY (trial_court_country_id) REFERENCES public.case_interview_app_country(id) DEFERRABLE INITIALLY DEFERRED;


--
-- Name: case_interview_app_prosecution case_interview_app_p_trial_court_id_a15201f7_fk_case_inte; Type: FK CONSTRAINT; Schema: public; Owner: tipnet
--

ALTER TABLE ONLY public.case_interview_app_prosecution
    ADD CONSTRAINT case_interview_app_p_trial_court_id_a15201f7_fk_case_inte FOREIGN KEY (trial_court_id) REFERENCES public.case_interview_app_trialcourt(id) DEFERRABLE INITIALLY DEFERRED;


--
-- Name: case_interview_app_prosecution case_interview_app_p_verdict_id_2f8a9926_fk_case_inte; Type: FK CONSTRAINT; Schema: public; Owner: tipnet
--

ALTER TABLE ONLY public.case_interview_app_prosecution
    ADD CONSTRAINT case_interview_app_p_verdict_id_2f8a9926_fk_case_inte FOREIGN KEY (verdict_id) REFERENCES public.case_interview_app_verdict(id) DEFERRABLE INITIALLY DEFERRED;


--
-- Name: case_interview_app_prosecution case_interview_app_p_victim_id_63da85de_fk_case_inte; Type: FK CONSTRAINT; Schema: public; Owner: tipnet
--

ALTER TABLE ONLY public.case_interview_app_prosecution
    ADD CONSTRAINT case_interview_app_p_victim_id_63da85de_fk_case_inte FOREIGN KEY (victim_id) REFERENCES public.case_interview_app_victimprofile(id) DEFERRABLE INITIALLY DEFERRED;


--
-- Name: case_interview_app_socioeconomic case_interview_app_s_approval_id_34cd2574_fk_case_inte; Type: FK CONSTRAINT; Schema: public; Owner: tipnet
--

ALTER TABLE ONLY public.case_interview_app_socioeconomic
    ADD CONSTRAINT case_interview_app_s_approval_id_34cd2574_fk_case_inte FOREIGN KEY (approval_id) REFERENCES public.case_interview_app_approvalstatus(id) DEFERRABLE INITIALLY DEFERRED;


--
-- Name: case_interview_app_somprosecution case_interview_app_s_approval_id_352fe293_fk_case_inte; Type: FK CONSTRAINT; Schema: public; Owner: tipnet
--

ALTER TABLE ONLY public.case_interview_app_somprosecution
    ADD CONSTRAINT case_interview_app_s_approval_id_352fe293_fk_case_inte FOREIGN KEY (approval_id) REFERENCES public.case_interview_app_approvalstatus(id) DEFERRABLE INITIALLY DEFERRED;


--
-- Name: case_interview_app_somcase case_interview_app_s_approval_id_568f04f5_fk_case_inte; Type: FK CONSTRAINT; Schema: public; Owner: tipnet
--

ALTER TABLE ONLY public.case_interview_app_somcase
    ADD CONSTRAINT case_interview_app_s_approval_id_568f04f5_fk_case_inte FOREIGN KEY (approval_id) REFERENCES public.case_interview_app_approvalstatus(id) DEFERRABLE INITIALLY DEFERRED;


--
-- Name: case_interview_app_somsuspectedtrafficker case_interview_app_s_approval_id_6f6b09db_fk_case_inte; Type: FK CONSTRAINT; Schema: public; Owner: tipnet
--

ALTER TABLE ONLY public.case_interview_app_somsuspectedtrafficker
    ADD CONSTRAINT case_interview_app_s_approval_id_6f6b09db_fk_case_inte FOREIGN KEY (approval_id) REFERENCES public.case_interview_app_approvalstatus(id) DEFERRABLE INITIALLY DEFERRED;


--
-- Name: case_interview_app_sommultivictimprofile case_interview_app_s_approval_id_7585d09c_fk_case_inte; Type: FK CONSTRAINT; Schema: public; Owner: tipnet
--

ALTER TABLE ONLY public.case_interview_app_sommultivictimprofile
    ADD CONSTRAINT case_interview_app_s_approval_id_7585d09c_fk_case_inte FOREIGN KEY (approval_id) REFERENCES public.case_interview_app_approvalstatus(id) DEFERRABLE INITIALLY DEFERRED;


--
-- Name: case_interview_app_somsocioeconomic case_interview_app_s_approval_id_84d49c75_fk_case_inte; Type: FK CONSTRAINT; Schema: public; Owner: tipnet
--

ALTER TABLE ONLY public.case_interview_app_somsocioeconomic
    ADD CONSTRAINT case_interview_app_s_approval_id_84d49c75_fk_case_inte FOREIGN KEY (approval_id) REFERENCES public.case_interview_app_approvalstatus(id) DEFERRABLE INITIALLY DEFERRED;


--
-- Name: case_interview_app_suspectedtrafficker case_interview_app_s_approval_id_8784d244_fk_case_inte; Type: FK CONSTRAINT; Schema: public; Owner: tipnet
--

ALTER TABLE ONLY public.case_interview_app_suspectedtrafficker
    ADD CONSTRAINT case_interview_app_s_approval_id_8784d244_fk_case_inte FOREIGN KEY (approval_id) REFERENCES public.case_interview_app_approvalstatus(id) DEFERRABLE INITIALLY DEFERRED;


--
-- Name: case_interview_app_somarrestinvestigation case_interview_app_s_approval_id_98afba55_fk_case_inte; Type: FK CONSTRAINT; Schema: public; Owner: tipnet
--

ALTER TABLE ONLY public.case_interview_app_somarrestinvestigation
    ADD CONSTRAINT case_interview_app_s_approval_id_98afba55_fk_case_inte FOREIGN KEY (approval_id) REFERENCES public.case_interview_app_approvalstatus(id) DEFERRABLE INITIALLY DEFERRED;


--
-- Name: case_interview_app_somtransitroutedestination case_interview_app_s_approval_id_a3679bcf_fk_case_inte; Type: FK CONSTRAINT; Schema: public; Owner: tipnet
--

ALTER TABLE ONLY public.case_interview_app_somtransitroutedestination
    ADD CONSTRAINT case_interview_app_s_approval_id_a3679bcf_fk_case_inte FOREIGN KEY (approval_id) REFERENCES public.case_interview_app_approvalstatus(id) DEFERRABLE INITIALLY DEFERRED;


--
-- Name: case_interview_app_somvictimprofile case_interview_app_s_approval_id_c7cb04c5_fk_case_inte; Type: FK CONSTRAINT; Schema: public; Owner: tipnet
--

ALTER TABLE ONLY public.case_interview_app_somvictimprofile
    ADD CONSTRAINT case_interview_app_s_approval_id_c7cb04c5_fk_case_inte FOREIGN KEY (approval_id) REFERENCES public.case_interview_app_approvalstatus(id) DEFERRABLE INITIALLY DEFERRED;


--
-- Name: case_interview_app_somassistance case_interview_app_s_approval_id_e7e8f3b3_fk_case_inte; Type: FK CONSTRAINT; Schema: public; Owner: tipnet
--

ALTER TABLE ONLY public.case_interview_app_somassistance
    ADD CONSTRAINT case_interview_app_s_approval_id_e7e8f3b3_fk_case_inte FOREIGN KEY (approval_id) REFERENCES public.case_interview_app_approvalstatus(id) DEFERRABLE INITIALLY DEFERRED;


--
-- Name: case_interview_app_somprosecution case_interview_app_s_aquital_reason_id_8992c2db_fk_case_inte; Type: FK CONSTRAINT; Schema: public; Owner: tipnet
--

ALTER TABLE ONLY public.case_interview_app_somprosecution
    ADD CONSTRAINT case_interview_app_s_aquital_reason_id_8992c2db_fk_case_inte FOREIGN KEY (aquital_reason_id) REFERENCES public.case_interview_app_aquitalreason(id) DEFERRABLE INITIALLY DEFERRED;


--
-- Name: case_interview_app_sommultivictimprofile case_interview_app_s_case_id_03e7216c_fk_case_inte; Type: FK CONSTRAINT; Schema: public; Owner: tipnet
--

ALTER TABLE ONLY public.case_interview_app_sommultivictimprofile
    ADD CONSTRAINT case_interview_app_s_case_id_03e7216c_fk_case_inte FOREIGN KEY (case_id) REFERENCES public.case_interview_app_somcase(id) DEFERRABLE INITIALLY DEFERRED;


--
-- Name: case_interview_app_somsuspectedtrafficker case_interview_app_s_case_id_67efb9ab_fk_case_inte; Type: FK CONSTRAINT; Schema: public; Owner: tipnet
--

ALTER TABLE ONLY public.case_interview_app_somsuspectedtrafficker
    ADD CONSTRAINT case_interview_app_s_case_id_67efb9ab_fk_case_inte FOREIGN KEY (case_id) REFERENCES public.case_interview_app_somcase(id) DEFERRABLE INITIALLY DEFERRED;


--
-- Name: case_interview_app_somtransitroutedestination case_interview_app_s_case_id_784e386d_fk_case_inte; Type: FK CONSTRAINT; Schema: public; Owner: tipnet
--

ALTER TABLE ONLY public.case_interview_app_somtransitroutedestination
    ADD CONSTRAINT case_interview_app_s_case_id_784e386d_fk_case_inte FOREIGN KEY (case_id) REFERENCES public.case_interview_app_somcase(id) DEFERRABLE INITIALLY DEFERRED;


--
-- Name: case_interview_app_somassistance case_interview_app_s_case_id_7e1be0eb_fk_case_inte; Type: FK CONSTRAINT; Schema: public; Owner: tipnet
--

ALTER TABLE ONLY public.case_interview_app_somassistance
    ADD CONSTRAINT case_interview_app_s_case_id_7e1be0eb_fk_case_inte FOREIGN KEY (case_id) REFERENCES public.case_interview_app_somcase(id) DEFERRABLE INITIALLY DEFERRED;


--
-- Name: case_interview_app_somvictimprofile case_interview_app_s_case_id_9c6b49bf_fk_case_inte; Type: FK CONSTRAINT; Schema: public; Owner: tipnet
--

ALTER TABLE ONLY public.case_interview_app_somvictimprofile
    ADD CONSTRAINT case_interview_app_s_case_id_9c6b49bf_fk_case_inte FOREIGN KEY (case_id) REFERENCES public.case_interview_app_somcase(id) DEFERRABLE INITIALLY DEFERRED;


--
-- Name: case_interview_app_somarrestinvestigation case_interview_app_s_case_id_ac7363ce_fk_case_inte; Type: FK CONSTRAINT; Schema: public; Owner: tipnet
--

ALTER TABLE ONLY public.case_interview_app_somarrestinvestigation
    ADD CONSTRAINT case_interview_app_s_case_id_ac7363ce_fk_case_inte FOREIGN KEY (case_id) REFERENCES public.case_interview_app_somcase(id) DEFERRABLE INITIALLY DEFERRED;


--
-- Name: case_interview_app_somsocioeconomic case_interview_app_s_case_id_bcf5a925_fk_case_inte; Type: FK CONSTRAINT; Schema: public; Owner: tipnet
--

ALTER TABLE ONLY public.case_interview_app_somsocioeconomic
    ADD CONSTRAINT case_interview_app_s_case_id_bcf5a925_fk_case_inte FOREIGN KEY (case_id) REFERENCES public.case_interview_app_somcase(id) DEFERRABLE INITIALLY DEFERRED;


--
-- Name: case_interview_app_somprosecution case_interview_app_s_case_id_c1d22769_fk_case_inte; Type: FK CONSTRAINT; Schema: public; Owner: tipnet
--

ALTER TABLE ONLY public.case_interview_app_somprosecution
    ADD CONSTRAINT case_interview_app_s_case_id_c1d22769_fk_case_inte FOREIGN KEY (case_id) REFERENCES public.case_interview_app_somcase(id) DEFERRABLE INITIALLY DEFERRED;


--
-- Name: case_interview_app_suspectedtrafficker case_interview_app_s_citizenship_id_0de95d3c_fk_case_inte; Type: FK CONSTRAINT; Schema: public; Owner: tipnet
--

ALTER TABLE ONLY public.case_interview_app_suspectedtrafficker
    ADD CONSTRAINT case_interview_app_s_citizenship_id_0de95d3c_fk_case_inte FOREIGN KEY (citizenship_id) REFERENCES public.case_interview_app_country(id) DEFERRABLE INITIALLY DEFERRED;


--
-- Name: case_interview_app_somsuspectedtrafficker case_interview_app_s_citizenship_id_338545c4_fk_case_inte; Type: FK CONSTRAINT; Schema: public; Owner: tipnet
--

ALTER TABLE ONLY public.case_interview_app_somsuspectedtrafficker
    ADD CONSTRAINT case_interview_app_s_citizenship_id_338545c4_fk_case_inte FOREIGN KEY (citizenship_id) REFERENCES public.case_interview_app_country(id) DEFERRABLE INITIALLY DEFERRED;


--
-- Name: case_interview_app_somvictimprofile case_interview_app_s_citizenship_id_7713a1ec_fk_case_inte; Type: FK CONSTRAINT; Schema: public; Owner: tipnet
--

ALTER TABLE ONLY public.case_interview_app_somvictimprofile
    ADD CONSTRAINT case_interview_app_s_citizenship_id_7713a1ec_fk_case_inte FOREIGN KEY (citizenship_id) REFERENCES public.case_interview_app_country(id) DEFERRABLE INITIALLY DEFERRED;


--
-- Name: case_interview_app_somvictimprofile case_interview_app_s_countryOfBirth_id_a491e07e_fk_case_inte; Type: FK CONSTRAINT; Schema: public; Owner: tipnet
--

ALTER TABLE ONLY public.case_interview_app_somvictimprofile
    ADD CONSTRAINT "case_interview_app_s_countryOfBirth_id_a491e07e_fk_case_inte" FOREIGN KEY ("countryOfBirth_id") REFERENCES public.case_interview_app_country(id) DEFERRABLE INITIALLY DEFERRED;


--
-- Name: case_interview_app_somtransitroutedestination_countries_of_1b85 case_interview_app_s_country_id_2e7b1152_fk_case_inte; Type: FK CONSTRAINT; Schema: public; Owner: tipnet
--

ALTER TABLE ONLY public.case_interview_app_somtransitroutedestination_countries_of_1b85
    ADD CONSTRAINT case_interview_app_s_country_id_2e7b1152_fk_case_inte FOREIGN KEY (country_id) REFERENCES public.case_interview_app_country(id) DEFERRABLE INITIALLY DEFERRED;


--
-- Name: case_interview_app_sommultivictimprofile_countries_of_origin case_interview_app_s_country_id_abe27b1f_fk_case_inte; Type: FK CONSTRAINT; Schema: public; Owner: tipnet
--

ALTER TABLE ONLY public.case_interview_app_sommultivictimprofile_countries_of_origin
    ADD CONSTRAINT case_interview_app_s_country_id_abe27b1f_fk_case_inte FOREIGN KEY (country_id) REFERENCES public.case_interview_app_country(id) DEFERRABLE INITIALLY DEFERRED;


--
-- Name: case_interview_app_somsuspectedtrafficker case_interview_app_s_country_of_birth_id_37c9c986_fk_case_inte; Type: FK CONSTRAINT; Schema: public; Owner: tipnet
--

ALTER TABLE ONLY public.case_interview_app_somsuspectedtrafficker
    ADD CONSTRAINT case_interview_app_s_country_of_birth_id_37c9c986_fk_case_inte FOREIGN KEY (country_of_birth_id) REFERENCES public.case_interview_app_country(id) DEFERRABLE INITIALLY DEFERRED;


--
-- Name: case_interview_app_suspectedtrafficker case_interview_app_s_country_of_birth_id_55cebbc0_fk_case_inte; Type: FK CONSTRAINT; Schema: public; Owner: tipnet
--

ALTER TABLE ONLY public.case_interview_app_suspectedtrafficker
    ADD CONSTRAINT case_interview_app_s_country_of_birth_id_55cebbc0_fk_case_inte FOREIGN KEY (country_of_birth_id) REFERENCES public.case_interview_app_country(id) DEFERRABLE INITIALLY DEFERRED;


--
-- Name: case_interview_app_somtransitroutedestination case_interview_app_s_country_of_dest_id_fcfc097e_fk_case_inte; Type: FK CONSTRAINT; Schema: public; Owner: tipnet
--

ALTER TABLE ONLY public.case_interview_app_somtransitroutedestination
    ADD CONSTRAINT case_interview_app_s_country_of_dest_id_fcfc097e_fk_case_inte FOREIGN KEY (country_of_dest_id) REFERENCES public.case_interview_app_country(id) DEFERRABLE INITIALLY DEFERRED;


--
-- Name: case_interview_app_somtransitroutedestination case_interview_app_s_country_of_intercept_9b5d6668_fk_case_inte; Type: FK CONSTRAINT; Schema: public; Owner: tipnet
--

ALTER TABLE ONLY public.case_interview_app_somtransitroutedestination
    ADD CONSTRAINT case_interview_app_s_country_of_intercept_9b5d6668_fk_case_inte FOREIGN KEY (country_of_interception_id) REFERENCES public.case_interview_app_country(id) DEFERRABLE INITIALLY DEFERRED;


--
-- Name: case_interview_app_somtransitroutedestination case_interview_app_s_country_of_origin_id_fe0e0186_fk_case_inte; Type: FK CONSTRAINT; Schema: public; Owner: tipnet
--

ALTER TABLE ONLY public.case_interview_app_somtransitroutedestination
    ADD CONSTRAINT case_interview_app_s_country_of_origin_id_fe0e0186_fk_case_inte FOREIGN KEY (country_of_origin_id) REFERENCES public.case_interview_app_country(id) DEFERRABLE INITIALLY DEFERRED;


--
-- Name: case_interview_app_search case_interview_app_s_data_entry_purpose_i_d6f1609c_fk_case_inte; Type: FK CONSTRAINT; Schema: public; Owner: tipnet
--

ALTER TABLE ONLY public.case_interview_app_search
    ADD CONSTRAINT case_interview_app_s_data_entry_purpose_i_d6f1609c_fk_case_inte FOREIGN KEY (data_entry_purpose_id) REFERENCES public.case_interview_app_dataentrypurpose(id) DEFERRABLE INITIALLY DEFERRED;


--
-- Name: case_interview_app_somassistance case_interview_app_s_education_assistance_06983aa4_fk_case_inte; Type: FK CONSTRAINT; Schema: public; Owner: tipnet
--

ALTER TABLE ONLY public.case_interview_app_somassistance
    ADD CONSTRAINT case_interview_app_s_education_assistance_06983aa4_fk_case_inte FOREIGN KEY (education_assistance_level_id) REFERENCES public.case_interview_app_educationlevel(id) DEFERRABLE INITIALLY DEFERRED;


--
-- Name: case_interview_app_somsocioeconomic case_interview_app_s_education_level_id_25ff90ff_fk_case_inte; Type: FK CONSTRAINT; Schema: public; Owner: tipnet
--

ALTER TABLE ONLY public.case_interview_app_somsocioeconomic
    ADD CONSTRAINT case_interview_app_s_education_level_id_25ff90ff_fk_case_inte FOREIGN KEY (education_level_id) REFERENCES public.case_interview_app_educationlevel(id) DEFERRABLE INITIALLY DEFERRED;


--
-- Name: case_interview_app_socioeconomic case_interview_app_s_education_level_id_f3ec23f4_fk_case_inte; Type: FK CONSTRAINT; Schema: public; Owner: tipnet
--

ALTER TABLE ONLY public.case_interview_app_socioeconomic
    ADD CONSTRAINT case_interview_app_s_education_level_id_f3ec23f4_fk_case_inte FOREIGN KEY (education_level_id) REFERENCES public.case_interview_app_educationlevel(id) DEFERRABLE INITIALLY DEFERRED;


--
-- Name: case_interview_app_somsocioeconomic case_interview_app_s_family_structure_id_17756fc5_fk_case_inte; Type: FK CONSTRAINT; Schema: public; Owner: tipnet
--

ALTER TABLE ONLY public.case_interview_app_somsocioeconomic
    ADD CONSTRAINT case_interview_app_s_family_structure_id_17756fc5_fk_case_inte FOREIGN KEY (family_structure_id) REFERENCES public.case_interview_app_familystructure(id) DEFERRABLE INITIALLY DEFERRED;


--
-- Name: case_interview_app_socioeconomic case_interview_app_s_family_structure_id_8b6f0cdf_fk_case_inte; Type: FK CONSTRAINT; Schema: public; Owner: tipnet
--

ALTER TABLE ONLY public.case_interview_app_socioeconomic
    ADD CONSTRAINT case_interview_app_s_family_structure_id_8b6f0cdf_fk_case_inte FOREIGN KEY (family_structure_id) REFERENCES public.case_interview_app_familystructure(id) DEFERRABLE INITIALLY DEFERRED;


--
-- Name: case_interview_app_somvictimprofile case_interview_app_s_gender_id_0fa5ffcf_fk_case_inte; Type: FK CONSTRAINT; Schema: public; Owner: tipnet
--

ALTER TABLE ONLY public.case_interview_app_somvictimprofile
    ADD CONSTRAINT case_interview_app_s_gender_id_0fa5ffcf_fk_case_inte FOREIGN KEY (gender_id) REFERENCES public.case_interview_app_gender(id) DEFERRABLE INITIALLY DEFERRED;


--
-- Name: case_interview_app_somsuspectedtrafficker case_interview_app_s_gender_id_a5f637cf_fk_case_inte; Type: FK CONSTRAINT; Schema: public; Owner: tipnet
--

ALTER TABLE ONLY public.case_interview_app_somsuspectedtrafficker
    ADD CONSTRAINT case_interview_app_s_gender_id_a5f637cf_fk_case_inte FOREIGN KEY (gender_id) REFERENCES public.case_interview_app_gender(id) DEFERRABLE INITIALLY DEFERRED;


--
-- Name: case_interview_app_suspectedtrafficker case_interview_app_s_gender_id_d7e650e2_fk_case_inte; Type: FK CONSTRAINT; Schema: public; Owner: tipnet
--

ALTER TABLE ONLY public.case_interview_app_suspectedtrafficker
    ADD CONSTRAINT case_interview_app_s_gender_id_d7e650e2_fk_case_inte FOREIGN KEY (gender_id) REFERENCES public.case_interview_app_gender(id) DEFERRABLE INITIALLY DEFERRED;


--
-- Name: case_interview_app_somprosecution case_interview_app_s_guilty_verdict_reaso_fb0c8b04_fk_case_inte; Type: FK CONSTRAINT; Schema: public; Owner: tipnet
--

ALTER TABLE ONLY public.case_interview_app_somprosecution
    ADD CONSTRAINT case_interview_app_s_guilty_verdict_reaso_fb0c8b04_fk_case_inte FOREIGN KEY (guilty_verdict_reason_id) REFERENCES public.case_interview_app_guiltyreason(id) DEFERRABLE INITIALLY DEFERRED;


--
-- Name: case_interview_app_suspectedtrafficker case_interview_app_s_id_type_id_4bbefb90_fk_case_inte; Type: FK CONSTRAINT; Schema: public; Owner: tipnet
--

ALTER TABLE ONLY public.case_interview_app_suspectedtrafficker
    ADD CONSTRAINT case_interview_app_s_id_type_id_4bbefb90_fk_case_inte FOREIGN KEY (id_type_id) REFERENCES public.case_interview_app_idtype(id) DEFERRABLE INITIALLY DEFERRED;


--
-- Name: case_interview_app_somsuspectedtrafficker case_interview_app_s_id_type_id_b2544be1_fk_case_inte; Type: FK CONSTRAINT; Schema: public; Owner: tipnet
--

ALTER TABLE ONLY public.case_interview_app_somsuspectedtrafficker
    ADD CONSTRAINT case_interview_app_s_id_type_id_b2544be1_fk_case_inte FOREIGN KEY (id_type_id) REFERENCES public.case_interview_app_idtype(id) DEFERRABLE INITIALLY DEFERRED;


--
-- Name: case_interview_app_somvictimprofile_identification_type case_interview_app_s_idtype_id_c1906a77_fk_case_inte; Type: FK CONSTRAINT; Schema: public; Owner: tipnet
--

ALTER TABLE ONLY public.case_interview_app_somvictimprofile_identification_type
    ADD CONSTRAINT case_interview_app_s_idtype_id_c1906a77_fk_case_inte FOREIGN KEY (idtype_id) REFERENCES public.case_interview_app_idtype(id) DEFERRABLE INITIALLY DEFERRED;


--
-- Name: case_interview_app_somassistance case_interview_app_s_im_emmigration_assis_dbdaf5ef_fk_case_inte; Type: FK CONSTRAINT; Schema: public; Owner: tipnet
--

ALTER TABLE ONLY public.case_interview_app_somassistance
    ADD CONSTRAINT case_interview_app_s_im_emmigration_assis_dbdaf5ef_fk_case_inte FOREIGN KEY (im_emmigration_assistance_status_id) REFERENCES public.case_interview_app_imemmigrationstatus(id) DEFERRABLE INITIALLY DEFERRED;


--
-- Name: case_interview_app_somvictimprofile case_interview_app_s_interview_country_id_5384993f_fk_case_inte; Type: FK CONSTRAINT; Schema: public; Owner: tipnet
--

ALTER TABLE ONLY public.case_interview_app_somvictimprofile
    ADD CONSTRAINT case_interview_app_s_interview_country_id_5384993f_fk_case_inte FOREIGN KEY (interview_country_id) REFERENCES public.case_interview_app_country(id) DEFERRABLE INITIALLY DEFERRED;


--
-- Name: case_interview_app_sommultivictimprofile case_interview_app_s_interview_country_id_e58dea9f_fk_case_inte; Type: FK CONSTRAINT; Schema: public; Owner: tipnet
--

ALTER TABLE ONLY public.case_interview_app_sommultivictimprofile
    ADD CONSTRAINT case_interview_app_s_interview_country_id_e58dea9f_fk_case_inte FOREIGN KEY (interview_country_id) REFERENCES public.case_interview_app_country(id) DEFERRABLE INITIALLY DEFERRED;


--
-- Name: case_interview_app_socioeconomic case_interview_app_s_interviewer_id_4076b408_fk_case_inte; Type: FK CONSTRAINT; Schema: public; Owner: tipnet
--

ALTER TABLE ONLY public.case_interview_app_socioeconomic
    ADD CONSTRAINT case_interview_app_s_interviewer_id_4076b408_fk_case_inte FOREIGN KEY (interviewer_id) REFERENCES public.case_interview_app_interviewer(id) DEFERRABLE INITIALLY DEFERRED;


--
-- Name: case_interview_app_somarrestinvestigation case_interview_app_s_interviewer_id_740ee25e_fk_case_inte; Type: FK CONSTRAINT; Schema: public; Owner: tipnet
--

ALTER TABLE ONLY public.case_interview_app_somarrestinvestigation
    ADD CONSTRAINT case_interview_app_s_interviewer_id_740ee25e_fk_case_inte FOREIGN KEY (interviewer_id) REFERENCES public.case_interview_app_interviewer(id) DEFERRABLE INITIALLY DEFERRED;


--
-- Name: case_interview_app_somprosecution case_interview_app_s_interviewer_id_7cffd801_fk_case_inte; Type: FK CONSTRAINT; Schema: public; Owner: tipnet
--

ALTER TABLE ONLY public.case_interview_app_somprosecution
    ADD CONSTRAINT case_interview_app_s_interviewer_id_7cffd801_fk_case_inte FOREIGN KEY (interviewer_id) REFERENCES public.case_interview_app_interviewer(id) DEFERRABLE INITIALLY DEFERRED;


--
-- Name: case_interview_app_somassistance case_interview_app_s_interviewer_id_8043e93c_fk_case_inte; Type: FK CONSTRAINT; Schema: public; Owner: tipnet
--

ALTER TABLE ONLY public.case_interview_app_somassistance
    ADD CONSTRAINT case_interview_app_s_interviewer_id_8043e93c_fk_case_inte FOREIGN KEY (interviewer_id) REFERENCES public.case_interview_app_interviewer(id) DEFERRABLE INITIALLY DEFERRED;


--
-- Name: case_interview_app_suspectedtrafficker case_interview_app_s_interviewer_id_8a84a03a_fk_case_inte; Type: FK CONSTRAINT; Schema: public; Owner: tipnet
--

ALTER TABLE ONLY public.case_interview_app_suspectedtrafficker
    ADD CONSTRAINT case_interview_app_s_interviewer_id_8a84a03a_fk_case_inte FOREIGN KEY (interviewer_id) REFERENCES public.case_interview_app_interviewer(id) DEFERRABLE INITIALLY DEFERRED;


--
-- Name: case_interview_app_somsocioeconomic case_interview_app_s_interviewer_id_9f7fd403_fk_case_inte; Type: FK CONSTRAINT; Schema: public; Owner: tipnet
--

ALTER TABLE ONLY public.case_interview_app_somsocioeconomic
    ADD CONSTRAINT case_interview_app_s_interviewer_id_9f7fd403_fk_case_inte FOREIGN KEY (interviewer_id) REFERENCES public.case_interview_app_interviewer(id) DEFERRABLE INITIALLY DEFERRED;


--
-- Name: case_interview_app_somtransitroutedestination case_interview_app_s_interviewer_id_e1e7e7ec_fk_case_inte; Type: FK CONSTRAINT; Schema: public; Owner: tipnet
--

ALTER TABLE ONLY public.case_interview_app_somtransitroutedestination
    ADD CONSTRAINT case_interview_app_s_interviewer_id_e1e7e7ec_fk_case_inte FOREIGN KEY (interviewer_id) REFERENCES public.case_interview_app_interviewer(id) DEFERRABLE INITIALLY DEFERRED;


--
-- Name: case_interview_app_somsuspectedtrafficker case_interview_app_s_interviewer_id_f0939f41_fk_case_inte; Type: FK CONSTRAINT; Schema: public; Owner: tipnet
--

ALTER TABLE ONLY public.case_interview_app_somsuspectedtrafficker
    ADD CONSTRAINT case_interview_app_s_interviewer_id_f0939f41_fk_case_inte FOREIGN KEY (interviewer_id) REFERENCES public.case_interview_app_interviewer(id) DEFERRABLE INITIALLY DEFERRED;


--
-- Name: case_interview_app_somarrestinvestigation case_interview_app_s_investigation_status_ede1fec3_fk_case_inte; Type: FK CONSTRAINT; Schema: public; Owner: tipnet
--

ALTER TABLE ONLY public.case_interview_app_somarrestinvestigation
    ADD CONSTRAINT case_interview_app_s_investigation_status_ede1fec3_fk_case_inte FOREIGN KEY (investigation_status_id) REFERENCES public.case_interview_app_investigationstatus(id) DEFERRABLE INITIALLY DEFERRED;


--
-- Name: case_interview_app_somsuspectedtrafficker_languages case_interview_app_s_language_id_15bea453_fk_case_inte; Type: FK CONSTRAINT; Schema: public; Owner: tipnet
--

ALTER TABLE ONLY public.case_interview_app_somsuspectedtrafficker_languages
    ADD CONSTRAINT case_interview_app_s_language_id_15bea453_fk_case_inte FOREIGN KEY (language_id) REFERENCES public.case_interview_app_language(id) DEFERRABLE INITIALLY DEFERRED;


--
-- Name: case_interview_app_somvictimprofile_languages case_interview_app_s_language_id_15d84513_fk_case_inte; Type: FK CONSTRAINT; Schema: public; Owner: tipnet
--

ALTER TABLE ONLY public.case_interview_app_somvictimprofile_languages
    ADD CONSTRAINT case_interview_app_s_language_id_15d84513_fk_case_inte FOREIGN KEY (language_id) REFERENCES public.case_interview_app_language(id) DEFERRABLE INITIALLY DEFERRED;


--
-- Name: case_interview_app_suspectedtrafficker_languages case_interview_app_s_language_id_59e2f6e2_fk_case_inte; Type: FK CONSTRAINT; Schema: public; Owner: tipnet
--

ALTER TABLE ONLY public.case_interview_app_suspectedtrafficker_languages
    ADD CONSTRAINT case_interview_app_s_language_id_59e2f6e2_fk_case_inte FOREIGN KEY (language_id) REFERENCES public.case_interview_app_language(id) DEFERRABLE INITIALLY DEFERRED;


--
-- Name: case_interview_app_somvictimprofile case_interview_app_s_last_place_of_reside_cf261441_fk_case_inte; Type: FK CONSTRAINT; Schema: public; Owner: tipnet
--

ALTER TABLE ONLY public.case_interview_app_somvictimprofile
    ADD CONSTRAINT case_interview_app_s_last_place_of_reside_cf261441_fk_case_inte FOREIGN KEY (last_place_of_residence_id) REFERENCES public.case_interview_app_country(id) DEFERRABLE INITIALLY DEFERRED;


--
-- Name: case_interview_app_socioeconomic case_interview_app_s_living_with_id_12ba0842_fk_case_inte; Type: FK CONSTRAINT; Schema: public; Owner: tipnet
--

ALTER TABLE ONLY public.case_interview_app_socioeconomic
    ADD CONSTRAINT case_interview_app_s_living_with_id_12ba0842_fk_case_inte FOREIGN KEY (living_with_id) REFERENCES public.case_interview_app_livingwith(id) DEFERRABLE INITIALLY DEFERRED;


--
-- Name: case_interview_app_somsocioeconomic case_interview_app_s_living_with_id_d8b43336_fk_case_inte; Type: FK CONSTRAINT; Schema: public; Owner: tipnet
--

ALTER TABLE ONLY public.case_interview_app_somsocioeconomic
    ADD CONSTRAINT case_interview_app_s_living_with_id_d8b43336_fk_case_inte FOREIGN KEY (living_with_id) REFERENCES public.case_interview_app_livingwith(id) DEFERRABLE INITIALLY DEFERRED;


--
-- Name: case_interview_app_somassistance case_interview_app_s_micro_ent_income_pro_50b91de4_fk_case_inte; Type: FK CONSTRAINT; Schema: public; Owner: tipnet
--

ALTER TABLE ONLY public.case_interview_app_somassistance
    ADD CONSTRAINT case_interview_app_s_micro_ent_income_pro_50b91de4_fk_case_inte FOREIGN KEY (micro_ent_income_project_id) REFERENCES public.case_interview_app_incomeprojecttype(id) DEFERRABLE INITIALLY DEFERRED;


--
-- Name: case_interview_app_suspectedtrafficker case_interview_app_s_nationality_id_3f40b274_fk_case_inte; Type: FK CONSTRAINT; Schema: public; Owner: tipnet
--

ALTER TABLE ONLY public.case_interview_app_suspectedtrafficker
    ADD CONSTRAINT case_interview_app_s_nationality_id_3f40b274_fk_case_inte FOREIGN KEY (nationality_id) REFERENCES public.case_interview_app_country(id) DEFERRABLE INITIALLY DEFERRED;


--
-- Name: case_interview_app_somsuspectedtrafficker case_interview_app_s_nationality_id_aa8b48d7_fk_case_inte; Type: FK CONSTRAINT; Schema: public; Owner: tipnet
--

ALTER TABLE ONLY public.case_interview_app_somsuspectedtrafficker
    ADD CONSTRAINT case_interview_app_s_nationality_id_aa8b48d7_fk_case_inte FOREIGN KEY (nationality_id) REFERENCES public.case_interview_app_country(id) DEFERRABLE INITIALLY DEFERRED;


--
-- Name: case_interview_app_socioeconomic_last_occupation case_interview_app_s_occupation_id_22bd5b72_fk_case_inte; Type: FK CONSTRAINT; Schema: public; Owner: tipnet
--

ALTER TABLE ONLY public.case_interview_app_socioeconomic_last_occupation
    ADD CONSTRAINT case_interview_app_s_occupation_id_22bd5b72_fk_case_inte FOREIGN KEY (occupation_id) REFERENCES public.case_interview_app_occupation(id) DEFERRABLE INITIALLY DEFERRED;


--
-- Name: case_interview_app_somsocioeconomic_last_occupation case_interview_app_s_occupation_id_54ffe291_fk_case_inte; Type: FK CONSTRAINT; Schema: public; Owner: tipnet
--

ALTER TABLE ONLY public.case_interview_app_somsocioeconomic_last_occupation
    ADD CONSTRAINT case_interview_app_s_occupation_id_54ffe291_fk_case_inte FOREIGN KEY (occupation_id) REFERENCES public.case_interview_app_occupation(id) DEFERRABLE INITIALLY DEFERRED;


--
-- Name: case_interview_app_somassistance case_interview_app_s_other_community_assi_bf10958c_fk_case_inte; Type: FK CONSTRAINT; Schema: public; Owner: tipnet
--

ALTER TABLE ONLY public.case_interview_app_somassistance
    ADD CONSTRAINT case_interview_app_s_other_community_assi_bf10958c_fk_case_inte FOREIGN KEY (other_community_assistance_type_id) REFERENCES public.case_interview_app_communityassistancetype(id) DEFERRABLE INITIALLY DEFERRED;


--
-- Name: case_interview_app_somprosecution case_interview_app_s_prosecution_outcome__063bd1c2_fk_case_inte; Type: FK CONSTRAINT; Schema: public; Owner: tipnet
--

ALTER TABLE ONLY public.case_interview_app_somprosecution
    ADD CONSTRAINT case_interview_app_s_prosecution_outcome__063bd1c2_fk_case_inte FOREIGN KEY (prosecution_outcome_id) REFERENCES public.case_interview_app_prosecutionoutcome(id) DEFERRABLE INITIALLY DEFERRED;


--
-- Name: case_interview_app_somassistance_vocational_training_provider case_interview_app_s_provider_id_01b4c875_fk_case_inte; Type: FK CONSTRAINT; Schema: public; Owner: tipnet
--

ALTER TABLE ONLY public.case_interview_app_somassistance_vocational_training_provider
    ADD CONSTRAINT case_interview_app_s_provider_id_01b4c875_fk_case_inte FOREIGN KEY (provider_id) REFERENCES public.case_interview_app_provider(id) DEFERRABLE INITIALLY DEFERRED;


--
-- Name: case_interview_app_somassistance_financial_assistance_provider case_interview_app_s_provider_id_18bcfd9f_fk_case_inte; Type: FK CONSTRAINT; Schema: public; Owner: tipnet
--

ALTER TABLE ONLY public.case_interview_app_somassistance_financial_assistance_provider
    ADD CONSTRAINT case_interview_app_s_provider_id_18bcfd9f_fk_case_inte FOREIGN KEY (provider_id) REFERENCES public.case_interview_app_provider(id) DEFERRABLE INITIALLY DEFERRED;


--
-- Name: case_interview_app_somassistance_medical_assistance_provider case_interview_app_s_provider_id_2d580e48_fk_case_inte; Type: FK CONSTRAINT; Schema: public; Owner: tipnet
--

ALTER TABLE ONLY public.case_interview_app_somassistance_medical_assistance_provider
    ADD CONSTRAINT case_interview_app_s_provider_id_2d580e48_fk_case_inte FOREIGN KEY (provider_id) REFERENCES public.case_interview_app_provider(id) DEFERRABLE INITIALLY DEFERRED;


--
-- Name: case_interview_app_somassistance_education_assistance_provider case_interview_app_s_provider_id_4e7c9704_fk_case_inte; Type: FK CONSTRAINT; Schema: public; Owner: tipnet
--

ALTER TABLE ONLY public.case_interview_app_somassistance_education_assistance_provider
    ADD CONSTRAINT case_interview_app_s_provider_id_4e7c9704_fk_case_inte FOREIGN KEY (provider_id) REFERENCES public.case_interview_app_provider(id) DEFERRABLE INITIALLY DEFERRED;


--
-- Name: case_interview_app_somassistance_other_community_assistancef9fa case_interview_app_s_provider_id_69af95a9_fk_case_inte; Type: FK CONSTRAINT; Schema: public; Owner: tipnet
--

ALTER TABLE ONLY public.case_interview_app_somassistance_other_community_assistancef9fa
    ADD CONSTRAINT case_interview_app_s_provider_id_69af95a9_fk_case_inte FOREIGN KEY (provider_id) REFERENCES public.case_interview_app_provider(id) DEFERRABLE INITIALLY DEFERRED;


--
-- Name: case_interview_app_somassistance_med_rehab_provider case_interview_app_s_provider_id_87f38499_fk_case_inte; Type: FK CONSTRAINT; Schema: public; Owner: tipnet
--

ALTER TABLE ONLY public.case_interview_app_somassistance_med_rehab_provider
    ADD CONSTRAINT case_interview_app_s_provider_id_87f38499_fk_case_inte FOREIGN KEY (provider_id) REFERENCES public.case_interview_app_provider(id) DEFERRABLE INITIALLY DEFERRED;


--
-- Name: case_interview_app_somassistance_legal_assistance_provider case_interview_app_s_provider_id_950db99b_fk_case_inte; Type: FK CONSTRAINT; Schema: public; Owner: tipnet
--

ALTER TABLE ONLY public.case_interview_app_somassistance_legal_assistance_provider
    ADD CONSTRAINT case_interview_app_s_provider_id_950db99b_fk_case_inte FOREIGN KEY (provider_id) REFERENCES public.case_interview_app_provider(id) DEFERRABLE INITIALLY DEFERRED;


--
-- Name: case_interview_app_somassistance_housing_allowance_provider case_interview_app_s_provider_id_a19ba931_fk_case_inte; Type: FK CONSTRAINT; Schema: public; Owner: tipnet
--

ALTER TABLE ONLY public.case_interview_app_somassistance_housing_allowance_provider
    ADD CONSTRAINT case_interview_app_s_provider_id_a19ba931_fk_case_inte FOREIGN KEY (provider_id) REFERENCES public.case_interview_app_provider(id) DEFERRABLE INITIALLY DEFERRED;


--
-- Name: case_interview_app_somassistance_micro_ent_income_provider case_interview_app_s_provider_id_adcf0f31_fk_case_inte; Type: FK CONSTRAINT; Schema: public; Owner: tipnet
--

ALTER TABLE ONLY public.case_interview_app_somassistance_micro_ent_income_provider
    ADD CONSTRAINT case_interview_app_s_provider_id_adcf0f31_fk_case_inte FOREIGN KEY (provider_id) REFERENCES public.case_interview_app_provider(id) DEFERRABLE INITIALLY DEFERRED;


--
-- Name: case_interview_app_somassistance_halfway_house_providers case_interview_app_s_provider_id_b9cbedf8_fk_case_inte; Type: FK CONSTRAINT; Schema: public; Owner: tipnet
--

ALTER TABLE ONLY public.case_interview_app_somassistance_halfway_house_providers
    ADD CONSTRAINT case_interview_app_s_provider_id_b9cbedf8_fk_case_inte FOREIGN KEY (provider_id) REFERENCES public.case_interview_app_provider(id) DEFERRABLE INITIALLY DEFERRED;


--
-- Name: case_interview_app_somassistance_im_emmigration_assistance_5235 case_interview_app_s_provider_id_d61c60a2_fk_case_inte; Type: FK CONSTRAINT; Schema: public; Owner: tipnet
--

ALTER TABLE ONLY public.case_interview_app_somassistance_im_emmigration_assistance_5235
    ADD CONSTRAINT case_interview_app_s_provider_id_d61c60a2_fk_case_inte FOREIGN KEY (provider_id) REFERENCES public.case_interview_app_provider(id) DEFERRABLE INITIALLY DEFERRED;


--
-- Name: case_interview_app_somassistance_social_assistance_provider case_interview_app_s_provider_id_def9a5a2_fk_case_inte; Type: FK CONSTRAINT; Schema: public; Owner: tipnet
--

ALTER TABLE ONLY public.case_interview_app_somassistance_social_assistance_provider
    ADD CONSTRAINT case_interview_app_s_provider_id_def9a5a2_fk_case_inte FOREIGN KEY (provider_id) REFERENCES public.case_interview_app_provider(id) DEFERRABLE INITIALLY DEFERRED;


--
-- Name: case_interview_app_somassistance_shelter_provider case_interview_app_s_provider_id_f4b58a44_fk_case_inte; Type: FK CONSTRAINT; Schema: public; Owner: tipnet
--

ALTER TABLE ONLY public.case_interview_app_somassistance_shelter_provider
    ADD CONSTRAINT case_interview_app_s_provider_id_f4b58a44_fk_case_inte FOREIGN KEY (provider_id) REFERENCES public.case_interview_app_provider(id) DEFERRABLE INITIALLY DEFERRED;


--
-- Name: case_interview_app_somvictimanswers case_interview_app_s_question_id_c6873834_fk_case_inte; Type: FK CONSTRAINT; Schema: public; Owner: tipnet
--

ALTER TABLE ONLY public.case_interview_app_somvictimanswers
    ADD CONSTRAINT case_interview_app_s_question_id_c6873834_fk_case_inte FOREIGN KEY (question_id) REFERENCES public.case_interview_app_victimquestions(id) DEFERRABLE INITIALLY DEFERRED;


--
-- Name: case_interview_app_suspectedtrafficker case_interview_app_s_race_id_2e38f221_fk_case_inte; Type: FK CONSTRAINT; Schema: public; Owner: tipnet
--

ALTER TABLE ONLY public.case_interview_app_suspectedtrafficker
    ADD CONSTRAINT case_interview_app_s_race_id_2e38f221_fk_case_inte FOREIGN KEY (race_id) REFERENCES public.case_interview_app_race(id) DEFERRABLE INITIALLY DEFERRED;


--
-- Name: case_interview_app_somvictimprofile case_interview_app_s_race_id_4eb8dc82_fk_case_inte; Type: FK CONSTRAINT; Schema: public; Owner: tipnet
--

ALTER TABLE ONLY public.case_interview_app_somvictimprofile
    ADD CONSTRAINT case_interview_app_s_race_id_4eb8dc82_fk_case_inte FOREIGN KEY (race_id) REFERENCES public.case_interview_app_race(id) DEFERRABLE INITIALLY DEFERRED;


--
-- Name: case_interview_app_somsuspectedtrafficker case_interview_app_s_race_id_bb7454f4_fk_case_inte; Type: FK CONSTRAINT; Schema: public; Owner: tipnet
--

ALTER TABLE ONLY public.case_interview_app_somsuspectedtrafficker
    ADD CONSTRAINT case_interview_app_s_race_id_bb7454f4_fk_case_inte FOREIGN KEY (race_id) REFERENCES public.case_interview_app_race(id) DEFERRABLE INITIALLY DEFERRED;


--
-- Name: case_interview_app_somsuspectedtrafficker_role_in_trafficking case_interview_app_s_roleintrafficking_id_41c1372f_fk_case_inte; Type: FK CONSTRAINT; Schema: public; Owner: tipnet
--

ALTER TABLE ONLY public.case_interview_app_somsuspectedtrafficker_role_in_trafficking
    ADD CONSTRAINT case_interview_app_s_roleintrafficking_id_41c1372f_fk_case_inte FOREIGN KEY (roleintrafficking_id) REFERENCES public.case_interview_app_roleintrafficking(id) DEFERRABLE INITIALLY DEFERRED;


--
-- Name: case_interview_app_suspectedtrafficker_role_in_trafficking case_interview_app_s_roleintrafficking_id_c24857de_fk_case_inte; Type: FK CONSTRAINT; Schema: public; Owner: tipnet
--

ALTER TABLE ONLY public.case_interview_app_suspectedtrafficker_role_in_trafficking
    ADD CONSTRAINT case_interview_app_s_roleintrafficking_id_c24857de_fk_case_inte FOREIGN KEY (roleintrafficking_id) REFERENCES public.case_interview_app_roleintrafficking(id) DEFERRABLE INITIALLY DEFERRED;


--
-- Name: case_interview_app_somprosecution case_interview_app_s_sanction_penalty_id_3717ddcc_fk_case_inte; Type: FK CONSTRAINT; Schema: public; Owner: tipnet
--

ALTER TABLE ONLY public.case_interview_app_somprosecution
    ADD CONSTRAINT case_interview_app_s_sanction_penalty_id_3717ddcc_fk_case_inte FOREIGN KEY (sanction_penalty_id) REFERENCES public.case_interview_app_sanctionpenalty(id) DEFERRABLE INITIALLY DEFERRED;


--
-- Name: case_interview_app_search case_interview_app_s_search_tag_id_5ccee7e3_fk_case_inte; Type: FK CONSTRAINT; Schema: public; Owner: tipnet
--

ALTER TABLE ONLY public.case_interview_app_search
    ADD CONSTRAINT case_interview_app_s_search_tag_id_5ccee7e3_fk_case_inte FOREIGN KEY (search_tag_id) REFERENCES public.case_interview_app_tag(id) DEFERRABLE INITIALLY DEFERRED;


--
-- Name: case_interview_app_socioeconomic_last_occupation case_interview_app_s_socioeconomic_id_b9ae0b65_fk_case_inte; Type: FK CONSTRAINT; Schema: public; Owner: tipnet
--

ALTER TABLE ONLY public.case_interview_app_socioeconomic_last_occupation
    ADD CONSTRAINT case_interview_app_s_socioeconomic_id_b9ae0b65_fk_case_inte FOREIGN KEY (socioeconomic_id) REFERENCES public.case_interview_app_socioeconomic(id) DEFERRABLE INITIALLY DEFERRED;


--
-- Name: case_interview_app_somarrestinvestigation_how_traffickers_org case_interview_app_s_somarrestinvestigati_bc142ab9_fk_case_inte; Type: FK CONSTRAINT; Schema: public; Owner: tipnet
--

ALTER TABLE ONLY public.case_interview_app_somarrestinvestigation_how_traffickers_org
    ADD CONSTRAINT case_interview_app_s_somarrestinvestigati_bc142ab9_fk_case_inte FOREIGN KEY (somarrestinvestigation_id) REFERENCES public.case_interview_app_somarrestinvestigation(id) DEFERRABLE INITIALLY DEFERRED;


--
-- Name: case_interview_app_somassistance_medical_assistance_provider case_interview_app_s_somassistance_id_3c375687_fk_case_inte; Type: FK CONSTRAINT; Schema: public; Owner: tipnet
--

ALTER TABLE ONLY public.case_interview_app_somassistance_medical_assistance_provider
    ADD CONSTRAINT case_interview_app_s_somassistance_id_3c375687_fk_case_inte FOREIGN KEY (somassistance_id) REFERENCES public.case_interview_app_somassistance(id) DEFERRABLE INITIALLY DEFERRED;


--
-- Name: case_interview_app_somassistance_vocational_training_provider case_interview_app_s_somassistance_id_3edc1b77_fk_case_inte; Type: FK CONSTRAINT; Schema: public; Owner: tipnet
--

ALTER TABLE ONLY public.case_interview_app_somassistance_vocational_training_provider
    ADD CONSTRAINT case_interview_app_s_somassistance_id_3edc1b77_fk_case_inte FOREIGN KEY (somassistance_id) REFERENCES public.case_interview_app_somassistance(id) DEFERRABLE INITIALLY DEFERRED;


--
-- Name: case_interview_app_somassistance_other_community_assistancef9fa case_interview_app_s_somassistance_id_4c5c88ee_fk_case_inte; Type: FK CONSTRAINT; Schema: public; Owner: tipnet
--

ALTER TABLE ONLY public.case_interview_app_somassistance_other_community_assistancef9fa
    ADD CONSTRAINT case_interview_app_s_somassistance_id_4c5c88ee_fk_case_inte FOREIGN KEY (somassistance_id) REFERENCES public.case_interview_app_somassistance(id) DEFERRABLE INITIALLY DEFERRED;


--
-- Name: case_interview_app_somassistance_education_assistance_provider case_interview_app_s_somassistance_id_4ec492b4_fk_case_inte; Type: FK CONSTRAINT; Schema: public; Owner: tipnet
--

ALTER TABLE ONLY public.case_interview_app_somassistance_education_assistance_provider
    ADD CONSTRAINT case_interview_app_s_somassistance_id_4ec492b4_fk_case_inte FOREIGN KEY (somassistance_id) REFERENCES public.case_interview_app_somassistance(id) DEFERRABLE INITIALLY DEFERRED;


--
-- Name: case_interview_app_somassistance_micro_ent_income_provider case_interview_app_s_somassistance_id_52abd5cf_fk_case_inte; Type: FK CONSTRAINT; Schema: public; Owner: tipnet
--

ALTER TABLE ONLY public.case_interview_app_somassistance_micro_ent_income_provider
    ADD CONSTRAINT case_interview_app_s_somassistance_id_52abd5cf_fk_case_inte FOREIGN KEY (somassistance_id) REFERENCES public.case_interview_app_somassistance(id) DEFERRABLE INITIALLY DEFERRED;


--
-- Name: case_interview_app_somassistance_med_rehab_provider case_interview_app_s_somassistance_id_66bf86fe_fk_case_inte; Type: FK CONSTRAINT; Schema: public; Owner: tipnet
--

ALTER TABLE ONLY public.case_interview_app_somassistance_med_rehab_provider
    ADD CONSTRAINT case_interview_app_s_somassistance_id_66bf86fe_fk_case_inte FOREIGN KEY (somassistance_id) REFERENCES public.case_interview_app_somassistance(id) DEFERRABLE INITIALLY DEFERRED;


--
-- Name: case_interview_app_somassistance_legal_assistance_provider case_interview_app_s_somassistance_id_94b4039c_fk_case_inte; Type: FK CONSTRAINT; Schema: public; Owner: tipnet
--

ALTER TABLE ONLY public.case_interview_app_somassistance_legal_assistance_provider
    ADD CONSTRAINT case_interview_app_s_somassistance_id_94b4039c_fk_case_inte FOREIGN KEY (somassistance_id) REFERENCES public.case_interview_app_somassistance(id) DEFERRABLE INITIALLY DEFERRED;


--
-- Name: case_interview_app_somassistance_im_emmigration_assistance_5235 case_interview_app_s_somassistance_id_a7ee3ce3_fk_case_inte; Type: FK CONSTRAINT; Schema: public; Owner: tipnet
--

ALTER TABLE ONLY public.case_interview_app_somassistance_im_emmigration_assistance_5235
    ADD CONSTRAINT case_interview_app_s_somassistance_id_a7ee3ce3_fk_case_inte FOREIGN KEY (somassistance_id) REFERENCES public.case_interview_app_somassistance(id) DEFERRABLE INITIALLY DEFERRED;


--
-- Name: case_interview_app_somassistance_financial_assistance_provider case_interview_app_s_somassistance_id_a8fa4aed_fk_case_inte; Type: FK CONSTRAINT; Schema: public; Owner: tipnet
--

ALTER TABLE ONLY public.case_interview_app_somassistance_financial_assistance_provider
    ADD CONSTRAINT case_interview_app_s_somassistance_id_a8fa4aed_fk_case_inte FOREIGN KEY (somassistance_id) REFERENCES public.case_interview_app_somassistance(id) DEFERRABLE INITIALLY DEFERRED;


--
-- Name: case_interview_app_somassistance_halfway_house_providers case_interview_app_s_somassistance_id_ca753563_fk_case_inte; Type: FK CONSTRAINT; Schema: public; Owner: tipnet
--

ALTER TABLE ONLY public.case_interview_app_somassistance_halfway_house_providers
    ADD CONSTRAINT case_interview_app_s_somassistance_id_ca753563_fk_case_inte FOREIGN KEY (somassistance_id) REFERENCES public.case_interview_app_somassistance(id) DEFERRABLE INITIALLY DEFERRED;


--
-- Name: case_interview_app_somassistance_housing_allowance_provider case_interview_app_s_somassistance_id_e628187b_fk_case_inte; Type: FK CONSTRAINT; Schema: public; Owner: tipnet
--

ALTER TABLE ONLY public.case_interview_app_somassistance_housing_allowance_provider
    ADD CONSTRAINT case_interview_app_s_somassistance_id_e628187b_fk_case_inte FOREIGN KEY (somassistance_id) REFERENCES public.case_interview_app_somassistance(id) DEFERRABLE INITIALLY DEFERRED;


--
-- Name: case_interview_app_somassistance_shelter_provider case_interview_app_s_somassistance_id_eee18583_fk_case_inte; Type: FK CONSTRAINT; Schema: public; Owner: tipnet
--

ALTER TABLE ONLY public.case_interview_app_somassistance_shelter_provider
    ADD CONSTRAINT case_interview_app_s_somassistance_id_eee18583_fk_case_inte FOREIGN KEY (somassistance_id) REFERENCES public.case_interview_app_somassistance(id) DEFERRABLE INITIALLY DEFERRED;


--
-- Name: case_interview_app_somassistance_social_assistance_provider case_interview_app_s_somassistance_id_f59690f1_fk_case_inte; Type: FK CONSTRAINT; Schema: public; Owner: tipnet
--

ALTER TABLE ONLY public.case_interview_app_somassistance_social_assistance_provider
    ADD CONSTRAINT case_interview_app_s_somassistance_id_f59690f1_fk_case_inte FOREIGN KEY (somassistance_id) REFERENCES public.case_interview_app_somassistance(id) DEFERRABLE INITIALLY DEFERRED;


--
-- Name: case_interview_app_sommultivictimprofile_countries_of_origin case_interview_app_s_sommultivictimprofil_3d171d35_fk_case_inte; Type: FK CONSTRAINT; Schema: public; Owner: tipnet
--

ALTER TABLE ONLY public.case_interview_app_sommultivictimprofile_countries_of_origin
    ADD CONSTRAINT case_interview_app_s_sommultivictimprofil_3d171d35_fk_case_inte FOREIGN KEY (sommultivictimprofile_id) REFERENCES public.case_interview_app_sommultivictimprofile(id) DEFERRABLE INITIALLY DEFERRED;


--
-- Name: case_interview_app_somsocioeconomic_last_occupation case_interview_app_s_somsocioeconomic_id_7f201d1c_fk_case_inte; Type: FK CONSTRAINT; Schema: public; Owner: tipnet
--

ALTER TABLE ONLY public.case_interview_app_somsocioeconomic_last_occupation
    ADD CONSTRAINT case_interview_app_s_somsocioeconomic_id_7f201d1c_fk_case_inte FOREIGN KEY (somsocioeconomic_id) REFERENCES public.case_interview_app_somsocioeconomic(id) DEFERRABLE INITIALLY DEFERRED;


--
-- Name: case_interview_app_somsuspectedtrafficker_role_in_trafficking case_interview_app_s_somsuspectedtraffick_87835913_fk_case_inte; Type: FK CONSTRAINT; Schema: public; Owner: tipnet
--

ALTER TABLE ONLY public.case_interview_app_somsuspectedtrafficker_role_in_trafficking
    ADD CONSTRAINT case_interview_app_s_somsuspectedtraffick_87835913_fk_case_inte FOREIGN KEY (somsuspectedtrafficker_id) REFERENCES public.case_interview_app_somsuspectedtrafficker(id) DEFERRABLE INITIALLY DEFERRED;


--
-- Name: case_interview_app_somsuspectedtrafficker_languages case_interview_app_s_somsuspectedtraffick_c43f0878_fk_case_inte; Type: FK CONSTRAINT; Schema: public; Owner: tipnet
--

ALTER TABLE ONLY public.case_interview_app_somsuspectedtrafficker_languages
    ADD CONSTRAINT case_interview_app_s_somsuspectedtraffick_c43f0878_fk_case_inte FOREIGN KEY (somsuspectedtrafficker_id) REFERENCES public.case_interview_app_somsuspectedtrafficker(id) DEFERRABLE INITIALLY DEFERRED;


--
-- Name: case_interview_app_somtransitroutedestination_countries_of_1b85 case_interview_app_s_somtransitroutedesti_1d2dc39b_fk_case_inte; Type: FK CONSTRAINT; Schema: public; Owner: tipnet
--

ALTER TABLE ONLY public.case_interview_app_somtransitroutedestination_countries_of_1b85
    ADD CONSTRAINT case_interview_app_s_somtransitroutedesti_1d2dc39b_fk_case_inte FOREIGN KEY (somtransitroutedestination_id) REFERENCES public.case_interview_app_somtransitroutedestination(id) DEFERRABLE INITIALLY DEFERRED;


--
-- Name: case_interview_app_somtransitroutedestination_transport_means case_interview_app_s_somtransitroutedesti_5a0eb8e9_fk_case_inte; Type: FK CONSTRAINT; Schema: public; Owner: tipnet
--

ALTER TABLE ONLY public.case_interview_app_somtransitroutedestination_transport_means
    ADD CONSTRAINT case_interview_app_s_somtransitroutedesti_5a0eb8e9_fk_case_inte FOREIGN KEY (somtransitroutedestination_id) REFERENCES public.case_interview_app_somtransitroutedestination(id) DEFERRABLE INITIALLY DEFERRED;


--
-- Name: case_interview_app_somvictimprofile_identification_type case_interview_app_s_somvictimprofile_id_9565a5b3_fk_case_inte; Type: FK CONSTRAINT; Schema: public; Owner: tipnet
--

ALTER TABLE ONLY public.case_interview_app_somvictimprofile_identification_type
    ADD CONSTRAINT case_interview_app_s_somvictimprofile_id_9565a5b3_fk_case_inte FOREIGN KEY (somvictimprofile_id) REFERENCES public.case_interview_app_somvictimprofile(id) DEFERRABLE INITIALLY DEFERRED;


--
-- Name: case_interview_app_somvictimprofile_languages case_interview_app_s_somvictimprofile_id_d66fa0a2_fk_case_inte; Type: FK CONSTRAINT; Schema: public; Owner: tipnet
--

ALTER TABLE ONLY public.case_interview_app_somvictimprofile_languages
    ADD CONSTRAINT case_interview_app_s_somvictimprofile_id_d66fa0a2_fk_case_inte FOREIGN KEY (somvictimprofile_id) REFERENCES public.case_interview_app_somvictimprofile(id) DEFERRABLE INITIALLY DEFERRED;


--
-- Name: case_interview_app_somprosecution case_interview_app_s_status_of_case_id_a773f699_fk_case_inte; Type: FK CONSTRAINT; Schema: public; Owner: tipnet
--

ALTER TABLE ONLY public.case_interview_app_somprosecution
    ADD CONSTRAINT case_interview_app_s_status_of_case_id_a773f699_fk_case_inte FOREIGN KEY (status_of_case_id) REFERENCES public.case_interview_app_casestatus(id) DEFERRABLE INITIALLY DEFERRED;


--
-- Name: case_interview_app_suspectedtrafficker_role_in_trafficking case_interview_app_s_suspectedtrafficker__4c03cee1_fk_case_inte; Type: FK CONSTRAINT; Schema: public; Owner: tipnet
--

ALTER TABLE ONLY public.case_interview_app_suspectedtrafficker_role_in_trafficking
    ADD CONSTRAINT case_interview_app_s_suspectedtrafficker__4c03cee1_fk_case_inte FOREIGN KEY (suspectedtrafficker_id) REFERENCES public.case_interview_app_suspectedtrafficker(id) DEFERRABLE INITIALLY DEFERRED;


--
-- Name: case_interview_app_suspectedtrafficker_languages case_interview_app_s_suspectedtrafficker__d6fc3138_fk_case_inte; Type: FK CONSTRAINT; Schema: public; Owner: tipnet
--

ALTER TABLE ONLY public.case_interview_app_suspectedtrafficker_languages
    ADD CONSTRAINT case_interview_app_s_suspectedtrafficker__d6fc3138_fk_case_inte FOREIGN KEY (suspectedtrafficker_id) REFERENCES public.case_interview_app_suspectedtrafficker(id) DEFERRABLE INITIALLY DEFERRED;


--
-- Name: case_interview_app_suspectedtrafficker case_interview_app_s_traffick_from_countr_9a3cdf78_fk_case_inte; Type: FK CONSTRAINT; Schema: public; Owner: tipnet
--

ALTER TABLE ONLY public.case_interview_app_suspectedtrafficker
    ADD CONSTRAINT case_interview_app_s_traffick_from_countr_9a3cdf78_fk_case_inte FOREIGN KEY (traffick_from_country_id) REFERENCES public.case_interview_app_country(id) DEFERRABLE INITIALLY DEFERRED;


--
-- Name: case_interview_app_somcase case_interview_app_s_traffick_from_countr_de078381_fk_case_inte; Type: FK CONSTRAINT; Schema: public; Owner: tipnet
--

ALTER TABLE ONLY public.case_interview_app_somcase
    ADD CONSTRAINT case_interview_app_s_traffick_from_countr_de078381_fk_case_inte FOREIGN KEY (traffick_from_country_id) REFERENCES public.case_interview_app_country(id) DEFERRABLE INITIALLY DEFERRED;


--
-- Name: case_interview_app_suspectedtrafficker case_interview_app_s_traffick_to_country__9936aa80_fk_case_inte; Type: FK CONSTRAINT; Schema: public; Owner: tipnet
--

ALTER TABLE ONLY public.case_interview_app_suspectedtrafficker
    ADD CONSTRAINT case_interview_app_s_traffick_to_country__9936aa80_fk_case_inte FOREIGN KEY (traffick_to_country_id) REFERENCES public.case_interview_app_country(id) DEFERRABLE INITIALLY DEFERRED;


--
-- Name: case_interview_app_somcase case_interview_app_s_traffick_to_country__a3ec4cf1_fk_case_inte; Type: FK CONSTRAINT; Schema: public; Owner: tipnet
--

ALTER TABLE ONLY public.case_interview_app_somcase
    ADD CONSTRAINT case_interview_app_s_traffick_to_country__a3ec4cf1_fk_case_inte FOREIGN KEY (traffick_to_country_id) REFERENCES public.case_interview_app_country(id) DEFERRABLE INITIALLY DEFERRED;


--
-- Name: case_interview_app_somprosecution case_interview_app_s_trafficker_id_192de45d_fk_case_inte; Type: FK CONSTRAINT; Schema: public; Owner: tipnet
--

ALTER TABLE ONLY public.case_interview_app_somprosecution
    ADD CONSTRAINT case_interview_app_s_trafficker_id_192de45d_fk_case_inte FOREIGN KEY (trafficker_id) REFERENCES public.case_interview_app_somsuspectedtrafficker(id) DEFERRABLE INITIALLY DEFERRED;


--
-- Name: case_interview_app_somarrestinvestigation_how_traffickers_org case_interview_app_s_traffickerorg_id_e5d846a6_fk_case_inte; Type: FK CONSTRAINT; Schema: public; Owner: tipnet
--

ALTER TABLE ONLY public.case_interview_app_somarrestinvestigation_how_traffickers_org
    ADD CONSTRAINT case_interview_app_s_traffickerorg_id_e5d846a6_fk_case_inte FOREIGN KEY (traffickerorg_id) REFERENCES public.case_interview_app_traffickerorg(id) DEFERRABLE INITIALLY DEFERRED;


--
-- Name: case_interview_app_somtransitroutedestination_transport_means case_interview_app_s_transportmean_id_14599529_fk_case_inte; Type: FK CONSTRAINT; Schema: public; Owner: tipnet
--

ALTER TABLE ONLY public.case_interview_app_somtransitroutedestination_transport_means
    ADD CONSTRAINT case_interview_app_s_transportmean_id_14599529_fk_case_inte FOREIGN KEY (transportmean_id) REFERENCES public.case_interview_app_transportmean(id) DEFERRABLE INITIALLY DEFERRED;


--
-- Name: case_interview_app_somprosecution case_interview_app_s_trial_court_country__69a81a48_fk_case_inte; Type: FK CONSTRAINT; Schema: public; Owner: tipnet
--

ALTER TABLE ONLY public.case_interview_app_somprosecution
    ADD CONSTRAINT case_interview_app_s_trial_court_country__69a81a48_fk_case_inte FOREIGN KEY (trial_court_country_id) REFERENCES public.case_interview_app_country(id) DEFERRABLE INITIALLY DEFERRED;


--
-- Name: case_interview_app_somprosecution case_interview_app_s_trial_court_id_06eabcd2_fk_case_inte; Type: FK CONSTRAINT; Schema: public; Owner: tipnet
--

ALTER TABLE ONLY public.case_interview_app_somprosecution
    ADD CONSTRAINT case_interview_app_s_trial_court_id_06eabcd2_fk_case_inte FOREIGN KEY (trial_court_id) REFERENCES public.case_interview_app_trialcourt(id) DEFERRABLE INITIALLY DEFERRED;


--
-- Name: case_interview_app_somprosecution case_interview_app_s_verdict_id_d68987e8_fk_case_inte; Type: FK CONSTRAINT; Schema: public; Owner: tipnet
--

ALTER TABLE ONLY public.case_interview_app_somprosecution
    ADD CONSTRAINT case_interview_app_s_verdict_id_d68987e8_fk_case_inte FOREIGN KEY (verdict_id) REFERENCES public.case_interview_app_verdict(id) DEFERRABLE INITIALLY DEFERRED;


--
-- Name: case_interview_app_somvictimanswers case_interview_app_s_victim_id_0e8ab905_fk_case_inte; Type: FK CONSTRAINT; Schema: public; Owner: tipnet
--

ALTER TABLE ONLY public.case_interview_app_somvictimanswers
    ADD CONSTRAINT case_interview_app_s_victim_id_0e8ab905_fk_case_inte FOREIGN KEY (victim_id) REFERENCES public.case_interview_app_sommultivictimprofile(id) DEFERRABLE INITIALLY DEFERRED;


--
-- Name: case_interview_app_suspectedtrafficker case_interview_app_s_victim_id_49656161_fk_case_inte; Type: FK CONSTRAINT; Schema: public; Owner: tipnet
--

ALTER TABLE ONLY public.case_interview_app_suspectedtrafficker
    ADD CONSTRAINT case_interview_app_s_victim_id_49656161_fk_case_inte FOREIGN KEY (victim_id) REFERENCES public.case_interview_app_victimprofile(id) DEFERRABLE INITIALLY DEFERRED;


--
-- Name: case_interview_app_somsocioeconomic case_interview_app_s_victim_id_4a2b1388_fk_case_inte; Type: FK CONSTRAINT; Schema: public; Owner: tipnet
--

ALTER TABLE ONLY public.case_interview_app_somsocioeconomic
    ADD CONSTRAINT case_interview_app_s_victim_id_4a2b1388_fk_case_inte FOREIGN KEY (victim_id) REFERENCES public.case_interview_app_somvictimprofile(id) DEFERRABLE INITIALLY DEFERRED;


--
-- Name: case_interview_app_socioeconomic case_interview_app_s_victim_id_c0082c5a_fk_case_inte; Type: FK CONSTRAINT; Schema: public; Owner: tipnet
--

ALTER TABLE ONLY public.case_interview_app_socioeconomic
    ADD CONSTRAINT case_interview_app_s_victim_id_c0082c5a_fk_case_inte FOREIGN KEY (victim_id) REFERENCES public.case_interview_app_victimprofile(id) DEFERRABLE INITIALLY DEFERRED;


--
-- Name: case_interview_app_transitroutedestination case_interview_app_t_approval_id_92928568_fk_case_inte; Type: FK CONSTRAINT; Schema: public; Owner: tipnet
--

ALTER TABLE ONLY public.case_interview_app_transitroutedestination
    ADD CONSTRAINT case_interview_app_t_approval_id_92928568_fk_case_inte FOREIGN KEY (approval_id) REFERENCES public.case_interview_app_approvalstatus(id) DEFERRABLE INITIALLY DEFERRED;


--
-- Name: case_interview_app_transitroutedestination case_interview_app_t_country_of_dest_id_2308d521_fk_case_inte; Type: FK CONSTRAINT; Schema: public; Owner: tipnet
--

ALTER TABLE ONLY public.case_interview_app_transitroutedestination
    ADD CONSTRAINT case_interview_app_t_country_of_dest_id_2308d521_fk_case_inte FOREIGN KEY (country_of_dest_id) REFERENCES public.case_interview_app_country(id) DEFERRABLE INITIALLY DEFERRED;


--
-- Name: case_interview_app_transitroutedestination case_interview_app_t_country_of_origin_id_898cb9b0_fk_case_inte; Type: FK CONSTRAINT; Schema: public; Owner: tipnet
--

ALTER TABLE ONLY public.case_interview_app_transitroutedestination
    ADD CONSTRAINT case_interview_app_t_country_of_origin_id_898cb9b0_fk_case_inte FOREIGN KEY (country_of_origin_id) REFERENCES public.case_interview_app_country(id) DEFERRABLE INITIALLY DEFERRED;


--
-- Name: case_interview_app_transitroutedestination case_interview_app_t_interviewer_id_5050c8fd_fk_case_inte; Type: FK CONSTRAINT; Schema: public; Owner: tipnet
--

ALTER TABLE ONLY public.case_interview_app_transitroutedestination
    ADD CONSTRAINT case_interview_app_t_interviewer_id_5050c8fd_fk_case_inte FOREIGN KEY (interviewer_id) REFERENCES public.case_interview_app_interviewer(id) DEFERRABLE INITIALLY DEFERRED;


--
-- Name: case_interview_app_transitroutedestination_transport_means case_interview_app_t_transitroutedestinat_190b9776_fk_case_inte; Type: FK CONSTRAINT; Schema: public; Owner: tipnet
--

ALTER TABLE ONLY public.case_interview_app_transitroutedestination_transport_means
    ADD CONSTRAINT case_interview_app_t_transitroutedestinat_190b9776_fk_case_inte FOREIGN KEY (transitroutedestination_id) REFERENCES public.case_interview_app_transitroutedestination(id) DEFERRABLE INITIALLY DEFERRED;


--
-- Name: case_interview_app_transitroutedestination_transport_means case_interview_app_t_transportmean_id_b642dbf5_fk_case_inte; Type: FK CONSTRAINT; Schema: public; Owner: tipnet
--

ALTER TABLE ONLY public.case_interview_app_transitroutedestination_transport_means
    ADD CONSTRAINT case_interview_app_t_transportmean_id_b642dbf5_fk_case_inte FOREIGN KEY (transportmean_id) REFERENCES public.case_interview_app_transportmean(id) DEFERRABLE INITIALLY DEFERRED;


--
-- Name: case_interview_app_transitroutedestination case_interview_app_t_victim_id_c469b979_fk_case_inte; Type: FK CONSTRAINT; Schema: public; Owner: tipnet
--

ALTER TABLE ONLY public.case_interview_app_transitroutedestination
    ADD CONSTRAINT case_interview_app_t_victim_id_c469b979_fk_case_inte FOREIGN KEY (victim_id) REFERENCES public.case_interview_app_victimprofile(id) DEFERRABLE INITIALLY DEFERRED;


--
-- Name: case_interview_app_victimpermissions_permissions_requested case_interview_app_v_accesspermission_id_49c59cc8_fk_case_inte; Type: FK CONSTRAINT; Schema: public; Owner: tipnet
--

ALTER TABLE ONLY public.case_interview_app_victimpermissions_permissions_requested
    ADD CONSTRAINT case_interview_app_v_accesspermission_id_49c59cc8_fk_case_inte FOREIGN KEY (accesspermission_id) REFERENCES public.case_interview_app_accesspermission(id) DEFERRABLE INITIALLY DEFERRED;


--
-- Name: case_interview_app_victimpermissions_permissions_granted case_interview_app_v_accesspermission_id_dbb97c67_fk_case_inte; Type: FK CONSTRAINT; Schema: public; Owner: tipnet
--

ALTER TABLE ONLY public.case_interview_app_victimpermissions_permissions_granted
    ADD CONSTRAINT case_interview_app_v_accesspermission_id_dbb97c67_fk_case_inte FOREIGN KEY (accesspermission_id) REFERENCES public.case_interview_app_accesspermission(id) DEFERRABLE INITIALLY DEFERRED;


--
-- Name: case_interview_app_victimprofile case_interview_app_v_approval_id_0e496586_fk_case_inte; Type: FK CONSTRAINT; Schema: public; Owner: tipnet
--

ALTER TABLE ONLY public.case_interview_app_victimprofile
    ADD CONSTRAINT case_interview_app_v_approval_id_0e496586_fk_case_inte FOREIGN KEY (approval_id) REFERENCES public.case_interview_app_approvalstatus(id) DEFERRABLE INITIALLY DEFERRED;


--
-- Name: case_interview_app_victimprofile case_interview_app_v_citizenship_id_e9d81bf2_fk_case_inte; Type: FK CONSTRAINT; Schema: public; Owner: tipnet
--

ALTER TABLE ONLY public.case_interview_app_victimprofile
    ADD CONSTRAINT case_interview_app_v_citizenship_id_e9d81bf2_fk_case_inte FOREIGN KEY (citizenship_id) REFERENCES public.case_interview_app_country(id) DEFERRABLE INITIALLY DEFERRED;


--
-- Name: case_interview_app_victimprofile case_interview_app_v_countryOfBirth_id_4f6ff601_fk_case_inte; Type: FK CONSTRAINT; Schema: public; Owner: tipnet
--

ALTER TABLE ONLY public.case_interview_app_victimprofile
    ADD CONSTRAINT "case_interview_app_v_countryOfBirth_id_4f6ff601_fk_case_inte" FOREIGN KEY ("countryOfBirth_id") REFERENCES public.case_interview_app_country(id) DEFERRABLE INITIALLY DEFERRED;


--
-- Name: case_interview_app_victimprofile case_interview_app_v_gender_id_6a356683_fk_case_inte; Type: FK CONSTRAINT; Schema: public; Owner: tipnet
--

ALTER TABLE ONLY public.case_interview_app_victimprofile
    ADD CONSTRAINT case_interview_app_v_gender_id_6a356683_fk_case_inte FOREIGN KEY (gender_id) REFERENCES public.case_interview_app_gender(id) DEFERRABLE INITIALLY DEFERRED;


--
-- Name: case_interview_app_victimprofile_identification_type case_interview_app_v_idtype_id_709e809a_fk_case_inte; Type: FK CONSTRAINT; Schema: public; Owner: tipnet
--

ALTER TABLE ONLY public.case_interview_app_victimprofile_identification_type
    ADD CONSTRAINT case_interview_app_v_idtype_id_709e809a_fk_case_inte FOREIGN KEY (idtype_id) REFERENCES public.case_interview_app_idtype(id) DEFERRABLE INITIALLY DEFERRED;


--
-- Name: case_interview_app_victimprofile case_interview_app_v_interview_country_id_07e721ea_fk_case_inte; Type: FK CONSTRAINT; Schema: public; Owner: tipnet
--

ALTER TABLE ONLY public.case_interview_app_victimprofile
    ADD CONSTRAINT case_interview_app_v_interview_country_id_07e721ea_fk_case_inte FOREIGN KEY (interview_country_id) REFERENCES public.case_interview_app_country(id) DEFERRABLE INITIALLY DEFERRED;


--
-- Name: case_interview_app_victimpermissions case_interview_app_v_interviewer_id_a568d8f4_fk_case_inte; Type: FK CONSTRAINT; Schema: public; Owner: tipnet
--

ALTER TABLE ONLY public.case_interview_app_victimpermissions
    ADD CONSTRAINT case_interview_app_v_interviewer_id_a568d8f4_fk_case_inte FOREIGN KEY (interviewer_id) REFERENCES public.case_interview_app_interviewer(id) DEFERRABLE INITIALLY DEFERRED;


--
-- Name: case_interview_app_victimprofile_languages case_interview_app_v_language_id_fdba2774_fk_case_inte; Type: FK CONSTRAINT; Schema: public; Owner: tipnet
--

ALTER TABLE ONLY public.case_interview_app_victimprofile_languages
    ADD CONSTRAINT case_interview_app_v_language_id_fdba2774_fk_case_inte FOREIGN KEY (language_id) REFERENCES public.case_interview_app_language(id) DEFERRABLE INITIALLY DEFERRED;


--
-- Name: case_interview_app_victimprofile case_interview_app_v_last_place_of_reside_7c831f6c_fk_case_inte; Type: FK CONSTRAINT; Schema: public; Owner: tipnet
--

ALTER TABLE ONLY public.case_interview_app_victimprofile
    ADD CONSTRAINT case_interview_app_v_last_place_of_reside_7c831f6c_fk_case_inte FOREIGN KEY (last_place_of_residence_id) REFERENCES public.case_interview_app_country(id) DEFERRABLE INITIALLY DEFERRED;


--
-- Name: case_interview_app_victimprofile case_interview_app_v_race_id_62569da3_fk_case_inte; Type: FK CONSTRAINT; Schema: public; Owner: tipnet
--

ALTER TABLE ONLY public.case_interview_app_victimprofile
    ADD CONSTRAINT case_interview_app_v_race_id_62569da3_fk_case_inte FOREIGN KEY (race_id) REFERENCES public.case_interview_app_race(id) DEFERRABLE INITIALLY DEFERRED;


--
-- Name: case_interview_app_victimpermissions case_interview_app_v_victim_id_58bc3387_fk_case_inte; Type: FK CONSTRAINT; Schema: public; Owner: tipnet
--

ALTER TABLE ONLY public.case_interview_app_victimpermissions
    ADD CONSTRAINT case_interview_app_v_victim_id_58bc3387_fk_case_inte FOREIGN KEY (victim_id) REFERENCES public.case_interview_app_victimprofile(id) DEFERRABLE INITIALLY DEFERRED;


--
-- Name: case_interview_app_victimpermissions_permissions_granted case_interview_app_v_victimpermissions_id_b3187222_fk_case_inte; Type: FK CONSTRAINT; Schema: public; Owner: tipnet
--

ALTER TABLE ONLY public.case_interview_app_victimpermissions_permissions_granted
    ADD CONSTRAINT case_interview_app_v_victimpermissions_id_b3187222_fk_case_inte FOREIGN KEY (victimpermissions_id) REFERENCES public.case_interview_app_victimpermissions(id) DEFERRABLE INITIALLY DEFERRED;


--
-- Name: case_interview_app_victimpermissions_permissions_requested case_interview_app_v_victimpermissions_id_f4dc3aa3_fk_case_inte; Type: FK CONSTRAINT; Schema: public; Owner: tipnet
--

ALTER TABLE ONLY public.case_interview_app_victimpermissions_permissions_requested
    ADD CONSTRAINT case_interview_app_v_victimpermissions_id_f4dc3aa3_fk_case_inte FOREIGN KEY (victimpermissions_id) REFERENCES public.case_interview_app_victimpermissions(id) DEFERRABLE INITIALLY DEFERRED;


--
-- Name: case_interview_app_victimprofile_identification_type case_interview_app_v_victimprofile_id_73101f2b_fk_case_inte; Type: FK CONSTRAINT; Schema: public; Owner: tipnet
--

ALTER TABLE ONLY public.case_interview_app_victimprofile_identification_type
    ADD CONSTRAINT case_interview_app_v_victimprofile_id_73101f2b_fk_case_inte FOREIGN KEY (victimprofile_id) REFERENCES public.case_interview_app_victimprofile(id) DEFERRABLE INITIALLY DEFERRED;


--
-- Name: case_interview_app_victimprofile_languages case_interview_app_v_victimprofile_id_9b83bdfc_fk_case_inte; Type: FK CONSTRAINT; Schema: public; Owner: tipnet
--

ALTER TABLE ONLY public.case_interview_app_victimprofile_languages
    ADD CONSTRAINT case_interview_app_v_victimprofile_id_9b83bdfc_fk_case_inte FOREIGN KEY (victimprofile_id) REFERENCES public.case_interview_app_victimprofile(id) DEFERRABLE INITIALLY DEFERRED;


--
-- Name: django_admin_log django_admin_log_content_type_id_c4bce8eb_fk_django_co; Type: FK CONSTRAINT; Schema: public; Owner: tipnet
--

ALTER TABLE ONLY public.django_admin_log
    ADD CONSTRAINT django_admin_log_content_type_id_c4bce8eb_fk_django_co FOREIGN KEY (content_type_id) REFERENCES public.django_content_type(id) DEFERRABLE INITIALLY DEFERRED;


--
-- Name: django_admin_log django_admin_log_user_id_c564eba6_fk_auth_user_id; Type: FK CONSTRAINT; Schema: public; Owner: tipnet
--

ALTER TABLE ONLY public.django_admin_log
    ADD CONSTRAINT django_admin_log_user_id_c564eba6_fk_auth_user_id FOREIGN KEY (user_id) REFERENCES public.auth_user(id) DEFERRABLE INITIALLY DEFERRED;


--
-- Name: otp_email_emaildevice otp_email_emaildevice_user_id_0215c274_fk_auth_user_id; Type: FK CONSTRAINT; Schema: public; Owner: tipnet
--

ALTER TABLE ONLY public.otp_email_emaildevice
    ADD CONSTRAINT otp_email_emaildevice_user_id_0215c274_fk_auth_user_id FOREIGN KEY (user_id) REFERENCES public.auth_user(id) DEFERRABLE INITIALLY DEFERRED;


--
-- Name: otp_static_staticdevice otp_static_staticdevice_user_id_7f9cff2b_fk_auth_user_id; Type: FK CONSTRAINT; Schema: public; Owner: tipnet
--

ALTER TABLE ONLY public.otp_static_staticdevice
    ADD CONSTRAINT otp_static_staticdevice_user_id_7f9cff2b_fk_auth_user_id FOREIGN KEY (user_id) REFERENCES public.auth_user(id) DEFERRABLE INITIALLY DEFERRED;


--
-- Name: otp_static_statictoken otp_static_statictok_device_id_74b7c7d1_fk_otp_stati; Type: FK CONSTRAINT; Schema: public; Owner: tipnet
--

ALTER TABLE ONLY public.otp_static_statictoken
    ADD CONSTRAINT otp_static_statictok_device_id_74b7c7d1_fk_otp_stati FOREIGN KEY (device_id) REFERENCES public.otp_static_staticdevice(id) DEFERRABLE INITIALLY DEFERRED;


--
-- Name: otp_totp_totpdevice otp_totp_totpdevice_user_id_0fb18292_fk_auth_user_id; Type: FK CONSTRAINT; Schema: public; Owner: tipnet
--

ALTER TABLE ONLY public.otp_totp_totpdevice
    ADD CONSTRAINT otp_totp_totpdevice_user_id_0fb18292_fk_auth_user_id FOREIGN KEY (user_id) REFERENCES public.auth_user(id) DEFERRABLE INITIALLY DEFERRED;


--
-- PostgreSQL database dump complete
--

