--
-- PostgreSQL database dump
--

-- Dumped from database version 12.1
-- Dumped by pg_dump version 12.1

-- Started on 2023-11-09 11:41:05

SET statement_timeout = 0;
SET lock_timeout = 0;
SET idle_in_transaction_session_timeout = 0;
SET client_encoding = 'UTF8';
SET standard_conforming_strings = on;
SELECT pg_catalog.set_config('search_path', '', false);
SET check_function_bodies = false;
SET xmloption = content;
SET client_min_messages = warning;
SET row_security = off;

SET default_tablespace = '';

SET default_table_access_method = heap;

--
-- TOC entry 209 (class 1259 OID 49182)
-- Name: auth_group; Type: TABLE; Schema: public; Owner: tipnet
--

CREATE TABLE public.auth_group (
    id integer NOT NULL,
    name character varying(150) NOT NULL
);


ALTER TABLE public.auth_group OWNER TO tipnet;

--
-- TOC entry 208 (class 1259 OID 49180)
-- Name: auth_group_id_seq; Type: SEQUENCE; Schema: public; Owner: tipnet
--

ALTER TABLE public.auth_group ALTER COLUMN id ADD GENERATED BY DEFAULT AS IDENTITY (
    SEQUENCE NAME public.auth_group_id_seq
    START WITH 1
    INCREMENT BY 1
    NO MINVALUE
    NO MAXVALUE
    CACHE 1
);


--
-- TOC entry 211 (class 1259 OID 49191)
-- Name: auth_group_permissions; Type: TABLE; Schema: public; Owner: tipnet
--

CREATE TABLE public.auth_group_permissions (
    id bigint NOT NULL,
    group_id integer NOT NULL,
    permission_id integer NOT NULL
);


ALTER TABLE public.auth_group_permissions OWNER TO tipnet;

--
-- TOC entry 210 (class 1259 OID 49189)
-- Name: auth_group_permissions_id_seq; Type: SEQUENCE; Schema: public; Owner: tipnet
--

ALTER TABLE public.auth_group_permissions ALTER COLUMN id ADD GENERATED BY DEFAULT AS IDENTITY (
    SEQUENCE NAME public.auth_group_permissions_id_seq
    START WITH 1
    INCREMENT BY 1
    NO MINVALUE
    NO MAXVALUE
    CACHE 1
);


--
-- TOC entry 207 (class 1259 OID 49175)
-- Name: auth_permission; Type: TABLE; Schema: public; Owner: tipnet
--

CREATE TABLE public.auth_permission (
    id integer NOT NULL,
    name character varying(255) NOT NULL,
    content_type_id integer NOT NULL,
    codename character varying(100) NOT NULL
);


ALTER TABLE public.auth_permission OWNER TO tipnet;

--
-- TOC entry 206 (class 1259 OID 49173)
-- Name: auth_permission_id_seq; Type: SEQUENCE; Schema: public; Owner: tipnet
--

ALTER TABLE public.auth_permission ALTER COLUMN id ADD GENERATED BY DEFAULT AS IDENTITY (
    SEQUENCE NAME public.auth_permission_id_seq
    START WITH 1
    INCREMENT BY 1
    NO MINVALUE
    NO MAXVALUE
    CACHE 1
);


--
-- TOC entry 213 (class 1259 OID 49198)
-- Name: auth_user; Type: TABLE; Schema: public; Owner: tipnet
--

CREATE TABLE public.auth_user (
    id integer NOT NULL,
    password character varying(128) NOT NULL,
    last_login timestamp with time zone,
    is_superuser boolean NOT NULL,
    username character varying(150) NOT NULL,
    first_name character varying(150) NOT NULL,
    last_name character varying(150) NOT NULL,
    email character varying(254) NOT NULL,
    is_staff boolean NOT NULL,
    is_active boolean NOT NULL,
    date_joined timestamp with time zone NOT NULL
);


ALTER TABLE public.auth_user OWNER TO tipnet;

--
-- TOC entry 215 (class 1259 OID 49207)
-- Name: auth_user_groups; Type: TABLE; Schema: public; Owner: tipnet
--

CREATE TABLE public.auth_user_groups (
    id bigint NOT NULL,
    user_id integer NOT NULL,
    group_id integer NOT NULL
);


ALTER TABLE public.auth_user_groups OWNER TO tipnet;

--
-- TOC entry 214 (class 1259 OID 49205)
-- Name: auth_user_groups_id_seq; Type: SEQUENCE; Schema: public; Owner: tipnet
--

ALTER TABLE public.auth_user_groups ALTER COLUMN id ADD GENERATED BY DEFAULT AS IDENTITY (
    SEQUENCE NAME public.auth_user_groups_id_seq
    START WITH 1
    INCREMENT BY 1
    NO MINVALUE
    NO MAXVALUE
    CACHE 1
);


--
-- TOC entry 212 (class 1259 OID 49196)
-- Name: auth_user_id_seq; Type: SEQUENCE; Schema: public; Owner: tipnet
--

ALTER TABLE public.auth_user ALTER COLUMN id ADD GENERATED BY DEFAULT AS IDENTITY (
    SEQUENCE NAME public.auth_user_id_seq
    START WITH 1
    INCREMENT BY 1
    NO MINVALUE
    NO MAXVALUE
    CACHE 1
);


--
-- TOC entry 217 (class 1259 OID 49214)
-- Name: auth_user_user_permissions; Type: TABLE; Schema: public; Owner: tipnet
--

CREATE TABLE public.auth_user_user_permissions (
    id bigint NOT NULL,
    user_id integer NOT NULL,
    permission_id integer NOT NULL
);


ALTER TABLE public.auth_user_user_permissions OWNER TO tipnet;

--
-- TOC entry 216 (class 1259 OID 49212)
-- Name: auth_user_user_permissions_id_seq; Type: SEQUENCE; Schema: public; Owner: tipnet
--

ALTER TABLE public.auth_user_user_permissions ALTER COLUMN id ADD GENERATED BY DEFAULT AS IDENTITY (
    SEQUENCE NAME public.auth_user_user_permissions_id_seq
    START WITH 1
    INCREMENT BY 1
    NO MINVALUE
    NO MAXVALUE
    CACHE 1
);


--
-- TOC entry 276 (class 1259 OID 49799)
-- Name: case_interview_app_approvalstatus; Type: TABLE; Schema: public; Owner: tipnet
--

CREATE TABLE public.case_interview_app_approvalstatus (
    id bigint NOT NULL,
    name character varying(50) NOT NULL
);


ALTER TABLE public.case_interview_app_approvalstatus OWNER TO tipnet;

--
-- TOC entry 275 (class 1259 OID 49797)
-- Name: case_interview_app_approvalstatus_id_seq; Type: SEQUENCE; Schema: public; Owner: tipnet
--

ALTER TABLE public.case_interview_app_approvalstatus ALTER COLUMN id ADD GENERATED BY DEFAULT AS IDENTITY (
    SEQUENCE NAME public.case_interview_app_approvalstatus_id_seq
    START WITH 1
    INCREMENT BY 1
    NO MINVALUE
    NO MAXVALUE
    CACHE 1
);


--
-- TOC entry 222 (class 1259 OID 49315)
-- Name: case_interview_app_aquitalreason; Type: TABLE; Schema: public; Owner: tipnet
--

CREATE TABLE public.case_interview_app_aquitalreason (
    id bigint NOT NULL,
    name character varying(50) NOT NULL
);


ALTER TABLE public.case_interview_app_aquitalreason OWNER TO tipnet;

--
-- TOC entry 221 (class 1259 OID 49313)
-- Name: case_interview_app_aquitalreason_id_seq; Type: SEQUENCE; Schema: public; Owner: tipnet
--

ALTER TABLE public.case_interview_app_aquitalreason ALTER COLUMN id ADD GENERATED BY DEFAULT AS IDENTITY (
    SEQUENCE NAME public.case_interview_app_aquitalreason_id_seq
    START WITH 1
    INCREMENT BY 1
    NO MINVALUE
    NO MAXVALUE
    CACHE 1
);


--
-- TOC entry 270 (class 1259 OID 49494)
-- Name: case_interview_app_arrestinvestigation; Type: TABLE; Schema: public; Owner: tipnet
--

CREATE TABLE public.case_interview_app_arrestinvestigation (
    id bigint NOT NULL,
    suspects_arrested boolean,
    why_no_arrest text,
    victim_smuggled boolean,
    investigation_done boolean,
    why_no_investigation text,
    why_pending text,
    withdrawn_closed_reason text,
    how_traffickers_org_id bigint,
    investigation_status_id bigint,
    trafficker_id bigint,
    victim_id bigint
);


ALTER TABLE public.case_interview_app_arrestinvestigation OWNER TO tipnet;

--
-- TOC entry 269 (class 1259 OID 49492)
-- Name: case_interview_app_arrestinvestigation_id_seq; Type: SEQUENCE; Schema: public; Owner: tipnet
--

ALTER TABLE public.case_interview_app_arrestinvestigation ALTER COLUMN id ADD GENERATED BY DEFAULT AS IDENTITY (
    SEQUENCE NAME public.case_interview_app_arrestinvestigation_id_seq
    START WITH 1
    INCREMENT BY 1
    NO MINVALUE
    NO MAXVALUE
    CACHE 1
);


--
-- TOC entry 224 (class 1259 OID 49322)
-- Name: case_interview_app_casestatus; Type: TABLE; Schema: public; Owner: tipnet
--

CREATE TABLE public.case_interview_app_casestatus (
    id bigint NOT NULL,
    name character varying(50) NOT NULL
);


ALTER TABLE public.case_interview_app_casestatus OWNER TO tipnet;

--
-- TOC entry 223 (class 1259 OID 49320)
-- Name: case_interview_app_casestatus_id_seq; Type: SEQUENCE; Schema: public; Owner: tipnet
--

ALTER TABLE public.case_interview_app_casestatus ALTER COLUMN id ADD GENERATED BY DEFAULT AS IDENTITY (
    SEQUENCE NAME public.case_interview_app_casestatus_id_seq
    START WITH 1
    INCREMENT BY 1
    NO MINVALUE
    NO MAXVALUE
    CACHE 1
);


--
-- TOC entry 226 (class 1259 OID 49329)
-- Name: case_interview_app_country; Type: TABLE; Schema: public; Owner: tipnet
--

CREATE TABLE public.case_interview_app_country (
    id bigint NOT NULL,
    name character varying(50) NOT NULL
);


ALTER TABLE public.case_interview_app_country OWNER TO tipnet;

--
-- TOC entry 225 (class 1259 OID 49327)
-- Name: case_interview_app_country_id_seq; Type: SEQUENCE; Schema: public; Owner: tipnet
--

ALTER TABLE public.case_interview_app_country ALTER COLUMN id ADD GENERATED BY DEFAULT AS IDENTITY (
    SEQUENCE NAME public.case_interview_app_country_id_seq
    START WITH 1
    INCREMENT BY 1
    NO MINVALUE
    NO MAXVALUE
    CACHE 1
);


--
-- TOC entry 228 (class 1259 OID 49336)
-- Name: case_interview_app_dataentrypurpose; Type: TABLE; Schema: public; Owner: tipnet
--

CREATE TABLE public.case_interview_app_dataentrypurpose (
    id bigint NOT NULL,
    name character varying(50) NOT NULL
);


ALTER TABLE public.case_interview_app_dataentrypurpose OWNER TO tipnet;

--
-- TOC entry 227 (class 1259 OID 49334)
-- Name: case_interview_app_dataentrypurpose_id_seq; Type: SEQUENCE; Schema: public; Owner: tipnet
--

ALTER TABLE public.case_interview_app_dataentrypurpose ALTER COLUMN id ADD GENERATED BY DEFAULT AS IDENTITY (
    SEQUENCE NAME public.case_interview_app_dataentrypurpose_id_seq
    START WITH 1
    INCREMENT BY 1
    NO MINVALUE
    NO MAXVALUE
    CACHE 1
);


--
-- TOC entry 230 (class 1259 OID 49343)
-- Name: case_interview_app_gender; Type: TABLE; Schema: public; Owner: tipnet
--

CREATE TABLE public.case_interview_app_gender (
    id bigint NOT NULL,
    name character varying(50) NOT NULL
);


ALTER TABLE public.case_interview_app_gender OWNER TO tipnet;

--
-- TOC entry 229 (class 1259 OID 49341)
-- Name: case_interview_app_gender_id_seq; Type: SEQUENCE; Schema: public; Owner: tipnet
--

ALTER TABLE public.case_interview_app_gender ALTER COLUMN id ADD GENERATED BY DEFAULT AS IDENTITY (
    SEQUENCE NAME public.case_interview_app_gender_id_seq
    START WITH 1
    INCREMENT BY 1
    NO MINVALUE
    NO MAXVALUE
    CACHE 1
);


--
-- TOC entry 232 (class 1259 OID 49350)
-- Name: case_interview_app_guiltyreason; Type: TABLE; Schema: public; Owner: tipnet
--

CREATE TABLE public.case_interview_app_guiltyreason (
    id bigint NOT NULL,
    name character varying(50) NOT NULL
);


ALTER TABLE public.case_interview_app_guiltyreason OWNER TO tipnet;

--
-- TOC entry 231 (class 1259 OID 49348)
-- Name: case_interview_app_guiltyreason_id_seq; Type: SEQUENCE; Schema: public; Owner: tipnet
--

ALTER TABLE public.case_interview_app_guiltyreason ALTER COLUMN id ADD GENERATED BY DEFAULT AS IDENTITY (
    SEQUENCE NAME public.case_interview_app_guiltyreason_id_seq
    START WITH 1
    INCREMENT BY 1
    NO MINVALUE
    NO MAXVALUE
    CACHE 1
);


--
-- TOC entry 234 (class 1259 OID 49357)
-- Name: case_interview_app_idtype; Type: TABLE; Schema: public; Owner: tipnet
--

CREATE TABLE public.case_interview_app_idtype (
    id bigint NOT NULL,
    name character varying(50) NOT NULL
);


ALTER TABLE public.case_interview_app_idtype OWNER TO tipnet;

--
-- TOC entry 233 (class 1259 OID 49355)
-- Name: case_interview_app_idtype_id_seq; Type: SEQUENCE; Schema: public; Owner: tipnet
--

ALTER TABLE public.case_interview_app_idtype ALTER COLUMN id ADD GENERATED BY DEFAULT AS IDENTITY (
    SEQUENCE NAME public.case_interview_app_idtype_id_seq
    START WITH 1
    INCREMENT BY 1
    NO MINVALUE
    NO MAXVALUE
    CACHE 1
);


--
-- TOC entry 236 (class 1259 OID 49364)
-- Name: case_interview_app_interviewer; Type: TABLE; Schema: public; Owner: tipnet
--

CREATE TABLE public.case_interview_app_interviewer (
    id bigint NOT NULL,
    first_name character varying(50),
    last_name character varying(50),
    "position" character varying(50),
    organization character varying(50),
    email_address character varying(254),
    country_id bigint,
    data_entry_purpose_id bigint,
    address character varying(50),
    approval_comments text,
    approval_id bigint
);


ALTER TABLE public.case_interview_app_interviewer OWNER TO tipnet;

--
-- TOC entry 235 (class 1259 OID 49362)
-- Name: case_interview_app_interviewer_id_seq; Type: SEQUENCE; Schema: public; Owner: tipnet
--

ALTER TABLE public.case_interview_app_interviewer ALTER COLUMN id ADD GENERATED BY DEFAULT AS IDENTITY (
    SEQUENCE NAME public.case_interview_app_interviewer_id_seq
    START WITH 1
    INCREMENT BY 1
    NO MINVALUE
    NO MAXVALUE
    CACHE 1
);


--
-- TOC entry 278 (class 1259 OID 49812)
-- Name: case_interview_app_interviewer_victims; Type: TABLE; Schema: public; Owner: tipnet
--

CREATE TABLE public.case_interview_app_interviewer_victims (
    id bigint NOT NULL,
    interviewer_id bigint NOT NULL,
    victimprofile_id bigint NOT NULL
);


ALTER TABLE public.case_interview_app_interviewer_victims OWNER TO tipnet;

--
-- TOC entry 277 (class 1259 OID 49810)
-- Name: case_interview_app_interviewer_victims_id_seq; Type: SEQUENCE; Schema: public; Owner: tipnet
--

ALTER TABLE public.case_interview_app_interviewer_victims ALTER COLUMN id ADD GENERATED BY DEFAULT AS IDENTITY (
    SEQUENCE NAME public.case_interview_app_interviewer_victims_id_seq
    START WITH 1
    INCREMENT BY 1
    NO MINVALUE
    NO MAXVALUE
    CACHE 1
);


--
-- TOC entry 238 (class 1259 OID 49371)
-- Name: case_interview_app_investigationstatus; Type: TABLE; Schema: public; Owner: tipnet
--

CREATE TABLE public.case_interview_app_investigationstatus (
    id bigint NOT NULL,
    name character varying(50) NOT NULL
);


ALTER TABLE public.case_interview_app_investigationstatus OWNER TO tipnet;

--
-- TOC entry 237 (class 1259 OID 49369)
-- Name: case_interview_app_investigationstatus_id_seq; Type: SEQUENCE; Schema: public; Owner: tipnet
--

ALTER TABLE public.case_interview_app_investigationstatus ALTER COLUMN id ADD GENERATED BY DEFAULT AS IDENTITY (
    SEQUENCE NAME public.case_interview_app_investigationstatus_id_seq
    START WITH 1
    INCREMENT BY 1
    NO MINVALUE
    NO MAXVALUE
    CACHE 1
);


--
-- TOC entry 240 (class 1259 OID 49378)
-- Name: case_interview_app_language; Type: TABLE; Schema: public; Owner: tipnet
--

CREATE TABLE public.case_interview_app_language (
    id bigint NOT NULL,
    name character varying(50) NOT NULL
);


ALTER TABLE public.case_interview_app_language OWNER TO tipnet;

--
-- TOC entry 239 (class 1259 OID 49376)
-- Name: case_interview_app_language_id_seq; Type: SEQUENCE; Schema: public; Owner: tipnet
--

ALTER TABLE public.case_interview_app_language ALTER COLUMN id ADD GENERATED BY DEFAULT AS IDENTITY (
    SEQUENCE NAME public.case_interview_app_language_id_seq
    START WITH 1
    INCREMENT BY 1
    NO MINVALUE
    NO MAXVALUE
    CACHE 1
);


--
-- TOC entry 268 (class 1259 OID 49482)
-- Name: case_interview_app_prosecution; Type: TABLE; Schema: public; Owner: tipnet
--

CREATE TABLE public.case_interview_app_prosecution (
    id bigint NOT NULL,
    court_case_no character varying(50),
    guilty_verdict boolean,
    review_appeal_outcome character varying(50),
    years_imposed integer,
    aquital_reason_id bigint,
    guilty_verdict_reason_id bigint,
    interviewer_id bigint,
    prosecution_outcome_id bigint,
    sanction_penalty_id bigint,
    status_of_case_id bigint,
    trafficker_id bigint,
    trial_court_id bigint,
    trial_court_country_id bigint,
    victim_id bigint
);


ALTER TABLE public.case_interview_app_prosecution OWNER TO tipnet;

--
-- TOC entry 267 (class 1259 OID 49480)
-- Name: case_interview_app_prosecution_id_seq; Type: SEQUENCE; Schema: public; Owner: tipnet
--

ALTER TABLE public.case_interview_app_prosecution ALTER COLUMN id ADD GENERATED BY DEFAULT AS IDENTITY (
    SEQUENCE NAME public.case_interview_app_prosecution_id_seq
    START WITH 1
    INCREMENT BY 1
    NO MINVALUE
    NO MAXVALUE
    CACHE 1
);


--
-- TOC entry 242 (class 1259 OID 49385)
-- Name: case_interview_app_prosecutionoutcome; Type: TABLE; Schema: public; Owner: tipnet
--

CREATE TABLE public.case_interview_app_prosecutionoutcome (
    id bigint NOT NULL,
    name character varying(50) NOT NULL
);


ALTER TABLE public.case_interview_app_prosecutionoutcome OWNER TO tipnet;

--
-- TOC entry 241 (class 1259 OID 49383)
-- Name: case_interview_app_prosecutionoutcome_id_seq; Type: SEQUENCE; Schema: public; Owner: tipnet
--

ALTER TABLE public.case_interview_app_prosecutionoutcome ALTER COLUMN id ADD GENERATED BY DEFAULT AS IDENTITY (
    SEQUENCE NAME public.case_interview_app_prosecutionoutcome_id_seq
    START WITH 1
    INCREMENT BY 1
    NO MINVALUE
    NO MAXVALUE
    CACHE 1
);


--
-- TOC entry 244 (class 1259 OID 49392)
-- Name: case_interview_app_race; Type: TABLE; Schema: public; Owner: tipnet
--

CREATE TABLE public.case_interview_app_race (
    id bigint NOT NULL,
    name character varying(50) NOT NULL
);


ALTER TABLE public.case_interview_app_race OWNER TO tipnet;

--
-- TOC entry 243 (class 1259 OID 49390)
-- Name: case_interview_app_race_id_seq; Type: SEQUENCE; Schema: public; Owner: tipnet
--

ALTER TABLE public.case_interview_app_race ALTER COLUMN id ADD GENERATED BY DEFAULT AS IDENTITY (
    SEQUENCE NAME public.case_interview_app_race_id_seq
    START WITH 1
    INCREMENT BY 1
    NO MINVALUE
    NO MAXVALUE
    CACHE 1
);


--
-- TOC entry 246 (class 1259 OID 49399)
-- Name: case_interview_app_roleintrafficking; Type: TABLE; Schema: public; Owner: tipnet
--

CREATE TABLE public.case_interview_app_roleintrafficking (
    id bigint NOT NULL,
    name character varying(50) NOT NULL
);


ALTER TABLE public.case_interview_app_roleintrafficking OWNER TO tipnet;

--
-- TOC entry 245 (class 1259 OID 49397)
-- Name: case_interview_app_roleintrafficking_id_seq; Type: SEQUENCE; Schema: public; Owner: tipnet
--

ALTER TABLE public.case_interview_app_roleintrafficking ALTER COLUMN id ADD GENERATED BY DEFAULT AS IDENTITY (
    SEQUENCE NAME public.case_interview_app_roleintrafficking_id_seq
    START WITH 1
    INCREMENT BY 1
    NO MINVALUE
    NO MAXVALUE
    CACHE 1
);


--
-- TOC entry 248 (class 1259 OID 49406)
-- Name: case_interview_app_sanctionpenalty; Type: TABLE; Schema: public; Owner: tipnet
--

CREATE TABLE public.case_interview_app_sanctionpenalty (
    id bigint NOT NULL,
    name character varying(50) NOT NULL
);


ALTER TABLE public.case_interview_app_sanctionpenalty OWNER TO tipnet;

--
-- TOC entry 247 (class 1259 OID 49404)
-- Name: case_interview_app_sanctionpenalty_id_seq; Type: SEQUENCE; Schema: public; Owner: tipnet
--

ALTER TABLE public.case_interview_app_sanctionpenalty ALTER COLUMN id ADD GENERATED BY DEFAULT AS IDENTITY (
    SEQUENCE NAME public.case_interview_app_sanctionpenalty_id_seq
    START WITH 1
    INCREMENT BY 1
    NO MINVALUE
    NO MAXVALUE
    CACHE 1
);


--
-- TOC entry 262 (class 1259 OID 49461)
-- Name: case_interview_app_suspectedtrafficker; Type: TABLE; Schema: public; Owner: tipnet
--

CREATE TABLE public.case_interview_app_suspectedtrafficker (
    id bigint NOT NULL,
    first_name character varying(50),
    last_name character varying(50),
    dob date,
    age integer,
    id_number integer,
    last_residence character varying(50),
    address character varying(50),
    date_of_arrest date,
    traffick_from_place character varying(50),
    traffick_to_place character varying(50),
    citizenship_id bigint,
    country_of_birth_id bigint,
    gender_id bigint,
    id_type_id bigint,
    nationality_id bigint,
    race_id bigint,
    traffick_from_country_id bigint,
    traffick_to_country_id bigint,
    victim_id bigint
);


ALTER TABLE public.case_interview_app_suspectedtrafficker OWNER TO tipnet;

--
-- TOC entry 261 (class 1259 OID 49459)
-- Name: case_interview_app_suspectedtrafficker_id_seq; Type: SEQUENCE; Schema: public; Owner: tipnet
--

ALTER TABLE public.case_interview_app_suspectedtrafficker ALTER COLUMN id ADD GENERATED BY DEFAULT AS IDENTITY (
    SEQUENCE NAME public.case_interview_app_suspectedtrafficker_id_seq
    START WITH 1
    INCREMENT BY 1
    NO MINVALUE
    NO MAXVALUE
    CACHE 1
);


--
-- TOC entry 264 (class 1259 OID 49468)
-- Name: case_interview_app_suspectedtrafficker_languages; Type: TABLE; Schema: public; Owner: tipnet
--

CREATE TABLE public.case_interview_app_suspectedtrafficker_languages (
    id bigint NOT NULL,
    suspectedtrafficker_id bigint NOT NULL,
    language_id bigint NOT NULL
);


ALTER TABLE public.case_interview_app_suspectedtrafficker_languages OWNER TO tipnet;

--
-- TOC entry 263 (class 1259 OID 49466)
-- Name: case_interview_app_suspectedtrafficker_languages_id_seq; Type: SEQUENCE; Schema: public; Owner: tipnet
--

ALTER TABLE public.case_interview_app_suspectedtrafficker_languages ALTER COLUMN id ADD GENERATED BY DEFAULT AS IDENTITY (
    SEQUENCE NAME public.case_interview_app_suspectedtrafficker_languages_id_seq
    START WITH 1
    INCREMENT BY 1
    NO MINVALUE
    NO MAXVALUE
    CACHE 1
);


--
-- TOC entry 266 (class 1259 OID 49475)
-- Name: case_interview_app_suspectedtrafficker_role_in_trafficking; Type: TABLE; Schema: public; Owner: tipnet
--

CREATE TABLE public.case_interview_app_suspectedtrafficker_role_in_trafficking (
    id bigint NOT NULL,
    suspectedtrafficker_id bigint NOT NULL,
    roleintrafficking_id bigint NOT NULL
);


ALTER TABLE public.case_interview_app_suspectedtrafficker_role_in_trafficking OWNER TO tipnet;

--
-- TOC entry 265 (class 1259 OID 49473)
-- Name: case_interview_app_suspectedtrafficker_role_in_trafficki_id_seq; Type: SEQUENCE; Schema: public; Owner: tipnet
--

ALTER TABLE public.case_interview_app_suspectedtrafficker_role_in_trafficking ALTER COLUMN id ADD GENERATED BY DEFAULT AS IDENTITY (
    SEQUENCE NAME public.case_interview_app_suspectedtrafficker_role_in_trafficki_id_seq
    START WITH 1
    INCREMENT BY 1
    NO MINVALUE
    NO MAXVALUE
    CACHE 1
);


--
-- TOC entry 250 (class 1259 OID 49413)
-- Name: case_interview_app_traffickerorg; Type: TABLE; Schema: public; Owner: tipnet
--

CREATE TABLE public.case_interview_app_traffickerorg (
    id bigint NOT NULL,
    name character varying(50) NOT NULL
);


ALTER TABLE public.case_interview_app_traffickerorg OWNER TO tipnet;

--
-- TOC entry 249 (class 1259 OID 49411)
-- Name: case_interview_app_traffickerorg_id_seq; Type: SEQUENCE; Schema: public; Owner: tipnet
--

ALTER TABLE public.case_interview_app_traffickerorg ALTER COLUMN id ADD GENERATED BY DEFAULT AS IDENTITY (
    SEQUENCE NAME public.case_interview_app_traffickerorg_id_seq
    START WITH 1
    INCREMENT BY 1
    NO MINVALUE
    NO MAXVALUE
    CACHE 1
);


--
-- TOC entry 260 (class 1259 OID 49451)
-- Name: case_interview_app_transitroutedestination; Type: TABLE; Schema: public; Owner: tipnet
--

CREATE TABLE public.case_interview_app_transitroutedestination (
    id bigint NOT NULL,
    city_village_of_origin character varying(50),
    remarks text,
    country_of_dest_id bigint,
    country_of_origin_id bigint,
    means_of_transport_id bigint,
    victim_id bigint
);


ALTER TABLE public.case_interview_app_transitroutedestination OWNER TO tipnet;

--
-- TOC entry 259 (class 1259 OID 49449)
-- Name: case_interview_app_transitroutedestination_id_seq; Type: SEQUENCE; Schema: public; Owner: tipnet
--

ALTER TABLE public.case_interview_app_transitroutedestination ALTER COLUMN id ADD GENERATED BY DEFAULT AS IDENTITY (
    SEQUENCE NAME public.case_interview_app_transitroutedestination_id_seq
    START WITH 1
    INCREMENT BY 1
    NO MINVALUE
    NO MAXVALUE
    CACHE 1
);


--
-- TOC entry 252 (class 1259 OID 49420)
-- Name: case_interview_app_transportmean; Type: TABLE; Schema: public; Owner: tipnet
--

CREATE TABLE public.case_interview_app_transportmean (
    id bigint NOT NULL,
    name character varying(50) NOT NULL
);


ALTER TABLE public.case_interview_app_transportmean OWNER TO tipnet;

--
-- TOC entry 251 (class 1259 OID 49418)
-- Name: case_interview_app_transportmean_id_seq; Type: SEQUENCE; Schema: public; Owner: tipnet
--

ALTER TABLE public.case_interview_app_transportmean ALTER COLUMN id ADD GENERATED BY DEFAULT AS IDENTITY (
    SEQUENCE NAME public.case_interview_app_transportmean_id_seq
    START WITH 1
    INCREMENT BY 1
    NO MINVALUE
    NO MAXVALUE
    CACHE 1
);


--
-- TOC entry 254 (class 1259 OID 49427)
-- Name: case_interview_app_trialcourt; Type: TABLE; Schema: public; Owner: tipnet
--

CREATE TABLE public.case_interview_app_trialcourt (
    id bigint NOT NULL,
    name character varying(50) NOT NULL
);


ALTER TABLE public.case_interview_app_trialcourt OWNER TO tipnet;

--
-- TOC entry 253 (class 1259 OID 49425)
-- Name: case_interview_app_trialcourt_id_seq; Type: SEQUENCE; Schema: public; Owner: tipnet
--

ALTER TABLE public.case_interview_app_trialcourt ALTER COLUMN id ADD GENERATED BY DEFAULT AS IDENTITY (
    SEQUENCE NAME public.case_interview_app_trialcourt_id_seq
    START WITH 1
    INCREMENT BY 1
    NO MINVALUE
    NO MAXVALUE
    CACHE 1
);


--
-- TOC entry 274 (class 1259 OID 49789)
-- Name: case_interview_app_verdict; Type: TABLE; Schema: public; Owner: tipnet
--

CREATE TABLE public.case_interview_app_verdict (
    id bigint NOT NULL,
    name character varying(50) NOT NULL
);


ALTER TABLE public.case_interview_app_verdict OWNER TO tipnet;

--
-- TOC entry 273 (class 1259 OID 49787)
-- Name: case_interview_app_verdict_id_seq; Type: SEQUENCE; Schema: public; Owner: tipnet
--

ALTER TABLE public.case_interview_app_verdict ALTER COLUMN id ADD GENERATED BY DEFAULT AS IDENTITY (
    SEQUENCE NAME public.case_interview_app_verdict_id_seq
    START WITH 1
    INCREMENT BY 1
    NO MINVALUE
    NO MAXVALUE
    CACHE 1
);


--
-- TOC entry 256 (class 1259 OID 49434)
-- Name: case_interview_app_victimprofile; Type: TABLE; Schema: public; Owner: tipnet
--

CREATE TABLE public.case_interview_app_victimprofile (
    id bigint NOT NULL,
    place_of_birth character varying(50),
    identification_number character varying(50),
    initials character varying(50),
    age integer,
    address character varying(50),
    email_address character varying(150),
    interview_location character varying(50),
    interview_date date,
    additional_remarks text,
    citizenship_id bigint,
    "countryOfBirth_id" bigint,
    gender_id bigint,
    last_place_of_residence_id bigint,
    race_id bigint,
    approval_id bigint,
    approval_comments text
);


ALTER TABLE public.case_interview_app_victimprofile OWNER TO tipnet;

--
-- TOC entry 255 (class 1259 OID 49432)
-- Name: case_interview_app_victimprofile_id_seq; Type: SEQUENCE; Schema: public; Owner: tipnet
--

ALTER TABLE public.case_interview_app_victimprofile ALTER COLUMN id ADD GENERATED BY DEFAULT AS IDENTITY (
    SEQUENCE NAME public.case_interview_app_victimprofile_id_seq
    START WITH 1
    INCREMENT BY 1
    NO MINVALUE
    NO MAXVALUE
    CACHE 1
);


--
-- TOC entry 272 (class 1259 OID 49758)
-- Name: case_interview_app_victimprofile_identification_type; Type: TABLE; Schema: public; Owner: tipnet
--

CREATE TABLE public.case_interview_app_victimprofile_identification_type (
    id bigint NOT NULL,
    victimprofile_id bigint NOT NULL,
    idtype_id bigint NOT NULL
);


ALTER TABLE public.case_interview_app_victimprofile_identification_type OWNER TO tipnet;

--
-- TOC entry 271 (class 1259 OID 49756)
-- Name: case_interview_app_victimprofile_identification_type_id_seq; Type: SEQUENCE; Schema: public; Owner: tipnet
--

ALTER TABLE public.case_interview_app_victimprofile_identification_type ALTER COLUMN id ADD GENERATED BY DEFAULT AS IDENTITY (
    SEQUENCE NAME public.case_interview_app_victimprofile_identification_type_id_seq
    START WITH 1
    INCREMENT BY 1
    NO MINVALUE
    NO MAXVALUE
    CACHE 1
);


--
-- TOC entry 258 (class 1259 OID 49444)
-- Name: case_interview_app_victimprofile_languages; Type: TABLE; Schema: public; Owner: tipnet
--

CREATE TABLE public.case_interview_app_victimprofile_languages (
    id bigint NOT NULL,
    victimprofile_id bigint NOT NULL,
    country_id bigint NOT NULL
);


ALTER TABLE public.case_interview_app_victimprofile_languages OWNER TO tipnet;

--
-- TOC entry 257 (class 1259 OID 49442)
-- Name: case_interview_app_victimprofile_languages_id_seq; Type: SEQUENCE; Schema: public; Owner: tipnet
--

ALTER TABLE public.case_interview_app_victimprofile_languages ALTER COLUMN id ADD GENERATED BY DEFAULT AS IDENTITY (
    SEQUENCE NAME public.case_interview_app_victimprofile_languages_id_seq
    START WITH 1
    INCREMENT BY 1
    NO MINVALUE
    NO MAXVALUE
    CACHE 1
);


--
-- TOC entry 219 (class 1259 OID 49273)
-- Name: django_admin_log; Type: TABLE; Schema: public; Owner: tipnet
--

CREATE TABLE public.django_admin_log (
    id integer NOT NULL,
    action_time timestamp with time zone NOT NULL,
    object_id text,
    object_repr character varying(200) NOT NULL,
    action_flag smallint NOT NULL,
    change_message text NOT NULL,
    content_type_id integer,
    user_id integer NOT NULL,
    CONSTRAINT django_admin_log_action_flag_check CHECK ((action_flag >= 0))
);


ALTER TABLE public.django_admin_log OWNER TO tipnet;

--
-- TOC entry 218 (class 1259 OID 49271)
-- Name: django_admin_log_id_seq; Type: SEQUENCE; Schema: public; Owner: tipnet
--

ALTER TABLE public.django_admin_log ALTER COLUMN id ADD GENERATED BY DEFAULT AS IDENTITY (
    SEQUENCE NAME public.django_admin_log_id_seq
    START WITH 1
    INCREMENT BY 1
    NO MINVALUE
    NO MAXVALUE
    CACHE 1
);


--
-- TOC entry 205 (class 1259 OID 49166)
-- Name: django_content_type; Type: TABLE; Schema: public; Owner: tipnet
--

CREATE TABLE public.django_content_type (
    id integer NOT NULL,
    app_label character varying(100) NOT NULL,
    model character varying(100) NOT NULL
);


ALTER TABLE public.django_content_type OWNER TO tipnet;

--
-- TOC entry 204 (class 1259 OID 49164)
-- Name: django_content_type_id_seq; Type: SEQUENCE; Schema: public; Owner: tipnet
--

ALTER TABLE public.django_content_type ALTER COLUMN id ADD GENERATED BY DEFAULT AS IDENTITY (
    SEQUENCE NAME public.django_content_type_id_seq
    START WITH 1
    INCREMENT BY 1
    NO MINVALUE
    NO MAXVALUE
    CACHE 1
);


--
-- TOC entry 203 (class 1259 OID 49156)
-- Name: django_migrations; Type: TABLE; Schema: public; Owner: tipnet
--

CREATE TABLE public.django_migrations (
    id bigint NOT NULL,
    app character varying(255) NOT NULL,
    name character varying(255) NOT NULL,
    applied timestamp with time zone NOT NULL
);


ALTER TABLE public.django_migrations OWNER TO tipnet;

--
-- TOC entry 202 (class 1259 OID 49154)
-- Name: django_migrations_id_seq; Type: SEQUENCE; Schema: public; Owner: tipnet
--

ALTER TABLE public.django_migrations ALTER COLUMN id ADD GENERATED BY DEFAULT AS IDENTITY (
    SEQUENCE NAME public.django_migrations_id_seq
    START WITH 1
    INCREMENT BY 1
    NO MINVALUE
    NO MAXVALUE
    CACHE 1
);


--
-- TOC entry 220 (class 1259 OID 49303)
-- Name: django_session; Type: TABLE; Schema: public; Owner: tipnet
--

CREATE TABLE public.django_session (
    session_key character varying(40) NOT NULL,
    session_data text NOT NULL,
    expire_date timestamp with time zone NOT NULL
);


ALTER TABLE public.django_session OWNER TO tipnet;

--
-- TOC entry 3271 (class 0 OID 49182)
-- Dependencies: 209
-- Data for Name: auth_group; Type: TABLE DATA; Schema: public; Owner: tipnet
--

COPY public.auth_group (id, name) FROM stdin;
1	Interviewer
\.


--
-- TOC entry 3273 (class 0 OID 49191)
-- Dependencies: 211
-- Data for Name: auth_group_permissions; Type: TABLE DATA; Schema: public; Owner: tipnet
--

COPY public.auth_group_permissions (id, group_id, permission_id) FROM stdin;
1	1	40
2	1	37
\.


--
-- TOC entry 3269 (class 0 OID 49175)
-- Dependencies: 207
-- Data for Name: auth_permission; Type: TABLE DATA; Schema: public; Owner: tipnet
--

COPY public.auth_permission (id, name, content_type_id, codename) FROM stdin;
1	Can add log entry	1	add_logentry
2	Can change log entry	1	change_logentry
3	Can delete log entry	1	delete_logentry
4	Can view log entry	1	view_logentry
5	Can add permission	2	add_permission
6	Can change permission	2	change_permission
7	Can delete permission	2	delete_permission
8	Can view permission	2	view_permission
9	Can add group	3	add_group
10	Can change group	3	change_group
11	Can delete group	3	delete_group
12	Can view group	3	view_group
13	Can add user	4	add_user
14	Can change user	4	change_user
15	Can delete user	4	delete_user
16	Can view user	4	view_user
17	Can add content type	5	add_contenttype
18	Can change content type	5	change_contenttype
19	Can delete content type	5	delete_contenttype
20	Can view content type	5	view_contenttype
21	Can add session	6	add_session
22	Can change session	6	change_session
23	Can delete session	6	delete_session
24	Can view session	6	view_session
25	Can add data entry purpose	7	add_dataentrypurpose
26	Can change data entry purpose	7	change_dataentrypurpose
27	Can delete data entry purpose	7	delete_dataentrypurpose
28	Can view data entry purpose	7	view_dataentrypurpose
29	Can add investigation status	8	add_investigationstatus
30	Can change investigation status	8	change_investigationstatus
31	Can delete investigation status	8	delete_investigationstatus
32	Can view investigation status	8	view_investigationstatus
33	Can add trial court	9	add_trialcourt
34	Can change trial court	9	change_trialcourt
35	Can delete trial court	9	delete_trialcourt
36	Can view trial court	9	view_trialcourt
37	Can add victim profile	10	add_victimprofile
38	Can change victim profile	10	change_victimprofile
39	Can delete victim profile	10	delete_victimprofile
40	Can view victim profile	10	view_victimprofile
41	Can add case status	11	add_casestatus
42	Can change case status	11	change_casestatus
43	Can delete case status	11	delete_casestatus
44	Can view case status	11	view_casestatus
45	Can add transit route destination	12	add_transitroutedestination
46	Can change transit route destination	12	change_transitroutedestination
47	Can delete transit route destination	12	delete_transitroutedestination
48	Can view transit route destination	12	view_transitroutedestination
49	Can add role in trafficking	13	add_roleintrafficking
50	Can change role in trafficking	13	change_roleintrafficking
51	Can delete role in trafficking	13	delete_roleintrafficking
52	Can view role in trafficking	13	view_roleintrafficking
53	Can add id type	14	add_idtype
54	Can change id type	14	change_idtype
55	Can delete id type	14	delete_idtype
56	Can view id type	14	view_idtype
57	Can add race	15	add_race
58	Can change race	15	change_race
59	Can delete race	15	delete_race
60	Can view race	15	view_race
61	Can add country	16	add_country
62	Can change country	16	change_country
63	Can delete country	16	delete_country
64	Can view country	16	view_country
65	Can add sanction penalty	17	add_sanctionpenalty
66	Can change sanction penalty	17	change_sanctionpenalty
67	Can delete sanction penalty	17	delete_sanctionpenalty
68	Can view sanction penalty	17	view_sanctionpenalty
69	Can add language	18	add_language
70	Can change language	18	change_language
71	Can delete language	18	delete_language
72	Can view language	18	view_language
73	Can add transport mean	19	add_transportmean
74	Can change transport mean	19	change_transportmean
75	Can delete transport mean	19	delete_transportmean
76	Can view transport mean	19	view_transportmean
77	Can add arrest investigation	20	add_arrestinvestigation
78	Can change arrest investigation	20	change_arrestinvestigation
79	Can delete arrest investigation	20	delete_arrestinvestigation
80	Can view arrest investigation	20	view_arrestinvestigation
81	Can add gender	21	add_gender
82	Can change gender	21	change_gender
83	Can delete gender	21	delete_gender
84	Can view gender	21	view_gender
85	Can add prosecution	22	add_prosecution
86	Can change prosecution	22	change_prosecution
87	Can delete prosecution	22	delete_prosecution
88	Can view prosecution	22	view_prosecution
89	Can add prosecution outcome	23	add_prosecutionoutcome
90	Can change prosecution outcome	23	change_prosecutionoutcome
91	Can delete prosecution outcome	23	delete_prosecutionoutcome
92	Can view prosecution outcome	23	view_prosecutionoutcome
93	Can add trafficker org	24	add_traffickerorg
94	Can change trafficker org	24	change_traffickerorg
95	Can delete trafficker org	24	delete_traffickerorg
96	Can view trafficker org	24	view_traffickerorg
97	Can add interviewer	25	add_interviewer
98	Can change interviewer	25	change_interviewer
99	Can delete interviewer	25	delete_interviewer
100	Can view interviewer	25	view_interviewer
101	Can add suspected trafficker	26	add_suspectedtrafficker
102	Can change suspected trafficker	26	change_suspectedtrafficker
103	Can delete suspected trafficker	26	delete_suspectedtrafficker
104	Can view suspected trafficker	26	view_suspectedtrafficker
105	Can add guilty reason	27	add_guiltyreason
106	Can change guilty reason	27	change_guiltyreason
107	Can delete guilty reason	27	delete_guiltyreason
108	Can view guilty reason	27	view_guiltyreason
109	Can add aquital reason	28	add_aquitalreason
110	Can change aquital reason	28	change_aquitalreason
111	Can delete aquital reason	28	delete_aquitalreason
112	Can view aquital reason	28	view_aquitalreason
113	Can add verdict	29	add_verdict
114	Can change verdict	29	change_verdict
115	Can delete verdict	29	delete_verdict
116	Can view verdict	29	view_verdict
117	Can add approval status	30	add_approvalstatus
118	Can change approval status	30	change_approvalstatus
119	Can delete approval status	30	delete_approvalstatus
120	Can view approval status	30	view_approvalstatus
\.


--
-- TOC entry 3275 (class 0 OID 49198)
-- Dependencies: 213
-- Data for Name: auth_user; Type: TABLE DATA; Schema: public; Owner: tipnet
--

COPY public.auth_user (id, password, last_login, is_superuser, username, first_name, last_name, email, is_staff, is_active, date_joined) FROM stdin;
1	pbkdf2_sha256$600000$UWLShssUwgAIzHcU8kOyU9$MGS05Lx01ZOOLWu/xV9yGougsdVv7/d7+HaXXL08Eig=	2023-11-09 01:33:05.883262+03	t	rarui			jrarui.jr@gmail.com	t	t	2023-11-08 16:53:50.17171+03
3	pbkdf2_sha256$600000$tTFNUleYIxJgSuXx9LavxP$gKZVAUopiNgjzWhyHy95M74OU/M+aWTyRty967tSExU=	2023-11-09 02:02:55.583203+03	f	jrarui@strathmore.ed	John	Rarui	jrarui@strathmore.ed	f	t	2023-11-09 02:02:55.155017+03
2	pbkdf2_sha256$600000$JCMzURTLOEEJDMqYnL31Nj$RAXhsGhXZpDxEk5Zqq3Y8DsCb8VXU0mg8HEamfG6S70=	2023-11-09 03:30:18.328517+03	f	jrarui@strathmore.edu	John	Ngugi	jrarui@strathmore.edu	f	t	2023-11-09 01:03:49.183302+03
\.


--
-- TOC entry 3277 (class 0 OID 49207)
-- Dependencies: 215
-- Data for Name: auth_user_groups; Type: TABLE DATA; Schema: public; Owner: tipnet
--

COPY public.auth_user_groups (id, user_id, group_id) FROM stdin;
1	2	1
2	3	1
\.


--
-- TOC entry 3279 (class 0 OID 49214)
-- Dependencies: 217
-- Data for Name: auth_user_user_permissions; Type: TABLE DATA; Schema: public; Owner: tipnet
--

COPY public.auth_user_user_permissions (id, user_id, permission_id) FROM stdin;
\.


--
-- TOC entry 3338 (class 0 OID 49799)
-- Dependencies: 276
-- Data for Name: case_interview_app_approvalstatus; Type: TABLE DATA; Schema: public; Owner: tipnet
--

COPY public.case_interview_app_approvalstatus (id, name) FROM stdin;
1	Pending
2	Approved
3	Rejected
4	Requires clarification
\.


--
-- TOC entry 3284 (class 0 OID 49315)
-- Dependencies: 222
-- Data for Name: case_interview_app_aquitalreason; Type: TABLE DATA; Schema: public; Owner: tipnet
--

COPY public.case_interview_app_aquitalreason (id, name) FROM stdin;
\.


--
-- TOC entry 3332 (class 0 OID 49494)
-- Dependencies: 270
-- Data for Name: case_interview_app_arrestinvestigation; Type: TABLE DATA; Schema: public; Owner: tipnet
--

COPY public.case_interview_app_arrestinvestigation (id, suspects_arrested, why_no_arrest, victim_smuggled, investigation_done, why_no_investigation, why_pending, withdrawn_closed_reason, how_traffickers_org_id, investigation_status_id, trafficker_id, victim_id) FROM stdin;
\.


--
-- TOC entry 3286 (class 0 OID 49322)
-- Dependencies: 224
-- Data for Name: case_interview_app_casestatus; Type: TABLE DATA; Schema: public; Owner: tipnet
--

COPY public.case_interview_app_casestatus (id, name) FROM stdin;
1	Awaiting allocation of trial date
2	Cancelled
3	Finalised
4	Part heard
5	Pending trial
6	Pending appeal
7	Pending review
8	Struck off the role
9	Withdrawn
\.


--
-- TOC entry 3288 (class 0 OID 49329)
-- Dependencies: 226
-- Data for Name: case_interview_app_country; Type: TABLE DATA; Schema: public; Owner: tipnet
--

COPY public.case_interview_app_country (id, name) FROM stdin;
1	Angola
2	Botswana
3	Comoros
4	Democratic Republic of Congo
5	Kingdom of Eswatini
6	Kingdom of Lesotho
7	Madagascar
8	Malawi
9	Mauritius
10	Monzambique
11	Namibia
12	Seychelles
13	South Africa
14	United Republic of Tanzania
15	Zambia
16	Zimbabwe
\.


--
-- TOC entry 3290 (class 0 OID 49336)
-- Dependencies: 228
-- Data for Name: case_interview_app_dataentrypurpose; Type: TABLE DATA; Schema: public; Owner: tipnet
--

COPY public.case_interview_app_dataentrypurpose (id, name) FROM stdin;
1	TIP Process
2	Investigation
3	Prosecution
4	Assistance
\.


--
-- TOC entry 3292 (class 0 OID 49343)
-- Dependencies: 230
-- Data for Name: case_interview_app_gender; Type: TABLE DATA; Schema: public; Owner: tipnet
--

COPY public.case_interview_app_gender (id, name) FROM stdin;
1	Male
2	Female
\.


--
-- TOC entry 3294 (class 0 OID 49350)
-- Dependencies: 232
-- Data for Name: case_interview_app_guiltyreason; Type: TABLE DATA; Schema: public; Owner: tipnet
--

COPY public.case_interview_app_guiltyreason (id, name) FROM stdin;
\.


--
-- TOC entry 3296 (class 0 OID 49357)
-- Dependencies: 234
-- Data for Name: case_interview_app_idtype; Type: TABLE DATA; Schema: public; Owner: tipnet
--

COPY public.case_interview_app_idtype (id, name) FROM stdin;
1	ID Document
2	Birth Certificate
3	Driver's License
4	Passport
5	Other
\.


--
-- TOC entry 3298 (class 0 OID 49364)
-- Dependencies: 236
-- Data for Name: case_interview_app_interviewer; Type: TABLE DATA; Schema: public; Owner: tipnet
--

COPY public.case_interview_app_interviewer (id, first_name, last_name, "position", organization, email_address, country_id, data_entry_purpose_id, address, approval_comments, approval_id) FROM stdin;
2	John	Ngugi	Developer	TiPNET	jrarui@strathmore.edu	14	1	Nairobi	\N	\N
3	Johnte	Ngugi	Developer	TiPNET	jrarui@strathmore.edu	14	1	Nairobi	\N	\N
4	John	Rarui	Superadmin	TiPNET	jrarui.jr@gmail.com	14	2	Nairobi	\N	\N
5	John	Rarui	Superadmin	TiPNET	rarui	14	1	Nairobi	\N	\N
6	John	Rarui	Superadmin	TiPNET	jrarui@strathmore.ed	2	1	Nairobi	\N	\N
\.


--
-- TOC entry 3340 (class 0 OID 49812)
-- Dependencies: 278
-- Data for Name: case_interview_app_interviewer_victims; Type: TABLE DATA; Schema: public; Owner: tipnet
--

COPY public.case_interview_app_interviewer_victims (id, interviewer_id, victimprofile_id) FROM stdin;
\.


--
-- TOC entry 3300 (class 0 OID 49371)
-- Dependencies: 238
-- Data for Name: case_interview_app_investigationstatus; Type: TABLE DATA; Schema: public; Owner: tipnet
--

COPY public.case_interview_app_investigationstatus (id, name) FROM stdin;
1	Case file closed
2	Withdrawn
3	Completed
4	Pending
\.


--
-- TOC entry 3302 (class 0 OID 49378)
-- Dependencies: 240
-- Data for Name: case_interview_app_language; Type: TABLE DATA; Schema: public; Owner: tipnet
--

COPY public.case_interview_app_language (id, name) FROM stdin;
\.


--
-- TOC entry 3330 (class 0 OID 49482)
-- Dependencies: 268
-- Data for Name: case_interview_app_prosecution; Type: TABLE DATA; Schema: public; Owner: tipnet
--

COPY public.case_interview_app_prosecution (id, court_case_no, guilty_verdict, review_appeal_outcome, years_imposed, aquital_reason_id, guilty_verdict_reason_id, interviewer_id, prosecution_outcome_id, sanction_penalty_id, status_of_case_id, trafficker_id, trial_court_id, trial_court_country_id, victim_id) FROM stdin;
\.


--
-- TOC entry 3304 (class 0 OID 49385)
-- Dependencies: 242
-- Data for Name: case_interview_app_prosecutionoutcome; Type: TABLE DATA; Schema: public; Owner: tipnet
--

COPY public.case_interview_app_prosecutionoutcome (id, name) FROM stdin;
\.


--
-- TOC entry 3306 (class 0 OID 49392)
-- Dependencies: 244
-- Data for Name: case_interview_app_race; Type: TABLE DATA; Schema: public; Owner: tipnet
--

COPY public.case_interview_app_race (id, name) FROM stdin;
1	Black
2	White
3	Mixed Race
4	Asian
5	Other
\.


--
-- TOC entry 3308 (class 0 OID 49399)
-- Dependencies: 246
-- Data for Name: case_interview_app_roleintrafficking; Type: TABLE DATA; Schema: public; Owner: tipnet
--

COPY public.case_interview_app_roleintrafficking (id, name) FROM stdin;
1	Buyer
2	Harbourer
3	Kidnapper
4	Receiver
5	Recruiter
6	Seller
7	Transporter
\.


--
-- TOC entry 3310 (class 0 OID 49406)
-- Dependencies: 248
-- Data for Name: case_interview_app_sanctionpenalty; Type: TABLE DATA; Schema: public; Owner: tipnet
--

COPY public.case_interview_app_sanctionpenalty (id, name) FROM stdin;
\.


--
-- TOC entry 3324 (class 0 OID 49461)
-- Dependencies: 262
-- Data for Name: case_interview_app_suspectedtrafficker; Type: TABLE DATA; Schema: public; Owner: tipnet
--

COPY public.case_interview_app_suspectedtrafficker (id, first_name, last_name, dob, age, id_number, last_residence, address, date_of_arrest, traffick_from_place, traffick_to_place, citizenship_id, country_of_birth_id, gender_id, id_type_id, nationality_id, race_id, traffick_from_country_id, traffick_to_country_id, victim_id) FROM stdin;
\.


--
-- TOC entry 3326 (class 0 OID 49468)
-- Dependencies: 264
-- Data for Name: case_interview_app_suspectedtrafficker_languages; Type: TABLE DATA; Schema: public; Owner: tipnet
--

COPY public.case_interview_app_suspectedtrafficker_languages (id, suspectedtrafficker_id, language_id) FROM stdin;
\.


--
-- TOC entry 3328 (class 0 OID 49475)
-- Dependencies: 266
-- Data for Name: case_interview_app_suspectedtrafficker_role_in_trafficking; Type: TABLE DATA; Schema: public; Owner: tipnet
--

COPY public.case_interview_app_suspectedtrafficker_role_in_trafficking (id, suspectedtrafficker_id, roleintrafficking_id) FROM stdin;
\.


--
-- TOC entry 3312 (class 0 OID 49413)
-- Dependencies: 250
-- Data for Name: case_interview_app_traffickerorg; Type: TABLE DATA; Schema: public; Owner: tipnet
--

COPY public.case_interview_app_traffickerorg (id, name) FROM stdin;
1	Family
2	Relative(s)
3	Friend(s)
4	Individual trafficker
5	Association of traffickers
6	Business type organized crime
7	Other
8	NA
9	NK
\.


--
-- TOC entry 3322 (class 0 OID 49451)
-- Dependencies: 260
-- Data for Name: case_interview_app_transitroutedestination; Type: TABLE DATA; Schema: public; Owner: tipnet
--

COPY public.case_interview_app_transitroutedestination (id, city_village_of_origin, remarks, country_of_dest_id, country_of_origin_id, means_of_transport_id, victim_id) FROM stdin;
\.


--
-- TOC entry 3314 (class 0 OID 49420)
-- Dependencies: 252
-- Data for Name: case_interview_app_transportmean; Type: TABLE DATA; Schema: public; Owner: tipnet
--

COPY public.case_interview_app_transportmean (id, name) FROM stdin;
1	Boat
2	Bus
3	Car
4	Air
5	Foot
6	Train
7	Other
\.


--
-- TOC entry 3316 (class 0 OID 49427)
-- Dependencies: 254
-- Data for Name: case_interview_app_trialcourt; Type: TABLE DATA; Schema: public; Owner: tipnet
--

COPY public.case_interview_app_trialcourt (id, name) FROM stdin;
1	Foreign court
2	High court
3	Magistrate court
4	Supreme court
5	Other lower court
\.


--
-- TOC entry 3336 (class 0 OID 49789)
-- Dependencies: 274
-- Data for Name: case_interview_app_verdict; Type: TABLE DATA; Schema: public; Owner: tipnet
--

COPY public.case_interview_app_verdict (id, name) FROM stdin;
\.


--
-- TOC entry 3318 (class 0 OID 49434)
-- Dependencies: 256
-- Data for Name: case_interview_app_victimprofile; Type: TABLE DATA; Schema: public; Owner: tipnet
--

COPY public.case_interview_app_victimprofile (id, place_of_birth, identification_number, initials, age, address, email_address, interview_location, interview_date, additional_remarks, citizenship_id, "countryOfBirth_id", gender_id, last_place_of_residence_id, race_id, approval_id, approval_comments) FROM stdin;
\.


--
-- TOC entry 3334 (class 0 OID 49758)
-- Dependencies: 272
-- Data for Name: case_interview_app_victimprofile_identification_type; Type: TABLE DATA; Schema: public; Owner: tipnet
--

COPY public.case_interview_app_victimprofile_identification_type (id, victimprofile_id, idtype_id) FROM stdin;
\.


--
-- TOC entry 3320 (class 0 OID 49444)
-- Dependencies: 258
-- Data for Name: case_interview_app_victimprofile_languages; Type: TABLE DATA; Schema: public; Owner: tipnet
--

COPY public.case_interview_app_victimprofile_languages (id, victimprofile_id, country_id) FROM stdin;
\.


--
-- TOC entry 3281 (class 0 OID 49273)
-- Dependencies: 219
-- Data for Name: django_admin_log; Type: TABLE DATA; Schema: public; Owner: tipnet
--

COPY public.django_admin_log (id, action_time, object_id, object_repr, action_flag, change_message, content_type_id, user_id) FROM stdin;
1	2023-11-08 16:58:53.119791+03	1	Gender object (1)	1	[{"added": {}}]	21	1
2	2023-11-08 16:58:58.597516+03	2	Gender object (2)	1	[{"added": {}}]	21	1
3	2023-11-08 16:59:13.554657+03	1	Race object (1)	1	[{"added": {}}]	15	1
4	2023-11-08 16:59:18.80769+03	2	Race object (2)	1	[{"added": {}}]	15	1
5	2023-11-08 16:59:30.293408+03	3	Race object (3)	1	[{"added": {}}]	15	1
6	2023-11-08 16:59:36.236183+03	4	Race object (4)	1	[{"added": {}}]	15	1
7	2023-11-08 16:59:42.40146+03	5	Race object (5)	1	[{"added": {}}]	15	1
8	2023-11-08 17:02:27.102069+03	1	Angola	1	[{"added": {}}]	16	1
9	2023-11-08 17:02:34.057152+03	2	Botswana	1	[{"added": {}}]	16	1
10	2023-11-08 17:02:40.9849+03	3	Comoros	1	[{"added": {}}]	16	1
11	2023-11-08 17:02:57.469092+03	4	Democratic Republic of Congo	1	[{"added": {}}]	16	1
12	2023-11-08 17:03:11.38906+03	5	Kingdom of Eswatini	1	[{"added": {}}]	16	1
13	2023-11-08 17:03:22.726882+03	6	Kingdom of Lesotho	1	[{"added": {}}]	16	1
14	2023-11-08 17:03:31.047778+03	7	Madagascar	1	[{"added": {}}]	16	1
15	2023-11-08 17:03:37.096831+03	8	Malawi	1	[{"added": {}}]	16	1
16	2023-11-08 17:03:44.282582+03	9	Mauritius	1	[{"added": {}}]	16	1
17	2023-11-08 17:03:53.769342+03	10	Monzambique	1	[{"added": {}}]	16	1
18	2023-11-08 17:04:04.929265+03	11	Namibia	1	[{"added": {}}]	16	1
19	2023-11-08 17:04:17.753175+03	12	Seychelles	1	[{"added": {}}]	16	1
20	2023-11-08 17:04:26.43839+03	13	South Africa	1	[{"added": {}}]	16	1
21	2023-11-08 17:04:40.806142+03	14	United Republic of Tanzania	1	[{"added": {}}]	16	1
22	2023-11-08 17:04:46.104463+03	15	Zambia	1	[{"added": {}}]	16	1
23	2023-11-08 17:04:53.896193+03	16	Zimbabwe	1	[{"added": {}}]	16	1
24	2023-11-08 17:05:20.41794+03	1	ID Document	1	[{"added": {}}]	14	1
25	2023-11-08 17:05:29.878665+03	2	Birth Certificate	1	[{"added": {}}]	14	1
26	2023-11-08 17:05:40.63447+03	3	Driver's License	1	[{"added": {}}]	14	1
27	2023-11-08 17:05:46.642666+03	4	Passport	1	[{"added": {}}]	14	1
28	2023-11-08 17:05:51.127567+03	5	Other	1	[{"added": {}}]	14	1
29	2023-11-08 17:08:56.569858+03	1	TIP Process	1	[{"added": {}}]	7	1
30	2023-11-08 17:09:04.907023+03	2	Investigation	1	[{"added": {}}]	7	1
31	2023-11-08 17:09:11.921859+03	3	Prosecution	1	[{"added": {}}]	7	1
32	2023-11-08 17:09:24.269393+03	4	Assistance	1	[{"added": {}}]	7	1
33	2023-11-08 17:11:11.154514+03	1	Boat	1	[{"added": {}}]	19	1
34	2023-11-08 17:11:15.629748+03	2	Bus	1	[{"added": {}}]	19	1
35	2023-11-08 17:11:21.2856+03	3	Car	1	[{"added": {}}]	19	1
36	2023-11-08 17:11:27.181316+03	4	Air	1	[{"added": {}}]	19	1
37	2023-11-08 17:11:33.055869+03	5	Foot	1	[{"added": {}}]	19	1
38	2023-11-08 17:11:38.565367+03	6	Train	1	[{"added": {}}]	19	1
39	2023-11-08 17:11:43.839182+03	7	Other	1	[{"added": {}}]	19	1
40	2023-11-08 17:12:11.753568+03	1	Family	1	[{"added": {}}]	24	1
41	2023-11-08 17:12:20.074315+03	2	Relative(s)	1	[{"added": {}}]	24	1
42	2023-11-08 17:12:27.712637+03	3	Friend(s)	1	[{"added": {}}]	24	1
43	2023-11-08 17:12:41.844107+03	4	Individual trafficker	1	[{"added": {}}]	24	1
44	2023-11-08 17:12:56.219412+03	5	Association of traffickers	1	[{"added": {}}]	24	1
45	2023-11-08 17:13:14.475488+03	6	Business type organized crime	1	[{"added": {}}]	24	1
46	2023-11-08 17:13:19.675747+03	7	Other	1	[{"added": {}}]	24	1
47	2023-11-08 17:13:25.868392+03	8	NA	1	[{"added": {}}]	24	1
48	2023-11-08 17:13:29.687279+03	9	NK	1	[{"added": {}}]	24	1
49	2023-11-08 17:14:01.453429+03	1	Case file closed	1	[{"added": {}}]	8	1
50	2023-11-08 17:14:07.939816+03	2	Withdrawn	1	[{"added": {}}]	8	1
51	2023-11-08 17:14:13.205848+03	3	Completed	1	[{"added": {}}]	8	1
52	2023-11-08 17:14:18.644705+03	4	Pending	1	[{"added": {}}]	8	1
53	2023-11-08 17:14:41.676243+03	1	Buyer	1	[{"added": {}}]	13	1
54	2023-11-08 17:14:54.290803+03	2	Harbourer	1	[{"added": {}}]	13	1
55	2023-11-08 17:14:59.885182+03	3	Kidnapper	1	[{"added": {}}]	13	1
56	2023-11-08 17:15:05.482009+03	4	Receiver	1	[{"added": {}}]	13	1
57	2023-11-08 17:15:13.027605+03	5	Recruiter	1	[{"added": {}}]	13	1
58	2023-11-08 17:15:18.499886+03	6	Seller	1	[{"added": {}}]	13	1
59	2023-11-08 17:15:28.48367+03	7	Transporter	1	[{"added": {}}]	13	1
60	2023-11-08 17:17:16.081202+03	1	Awaiting allocation of trial date	1	[{"added": {}}]	11	1
61	2023-11-08 17:17:22.59985+03	2	Cancelled	1	[{"added": {}}]	11	1
62	2023-11-08 17:17:28.938822+03	3	Finalised	1	[{"added": {}}]	11	1
63	2023-11-08 17:17:39.911539+03	4	Part heard	1	[{"added": {}}]	11	1
64	2023-11-08 17:17:52.406912+03	5	Pending trial	1	[{"added": {}}]	11	1
65	2023-11-08 17:17:59.734747+03	6	Pending appeal	1	[{"added": {}}]	11	1
66	2023-11-08 17:18:06.759812+03	7	Pending review	1	[{"added": {}}]	11	1
67	2023-11-08 17:18:17.257173+03	8	Struck off the role	1	[{"added": {}}]	11	1
68	2023-11-08 17:18:27.64285+03	9	Withdrawn	1	[{"added": {}}]	11	1
69	2023-11-08 17:21:38.504088+03	1	Foreign court	1	[{"added": {}}]	9	1
70	2023-11-08 17:21:44.567037+03	2	High court	1	[{"added": {}}]	9	1
71	2023-11-08 17:21:56.528304+03	3	Magistrate court	1	[{"added": {}}]	9	1
72	2023-11-08 17:22:04.500295+03	4	Supreme court	1	[{"added": {}}]	9	1
73	2023-11-08 17:22:14.905029+03	5	Other lower court	1	[{"added": {}}]	9	1
74	2023-11-09 00:34:39.068152+03	1	Pending	1	[{"added": {}}]	30	1
75	2023-11-09 00:34:46.5985+03	2	Approved	1	[{"added": {}}]	30	1
76	2023-11-09 00:34:54.950604+03	3	Rejected	1	[{"added": {}}]	30	1
77	2023-11-09 00:35:19.063335+03	4	Requires clarification	1	[{"added": {}}]	30	1
78	2023-11-09 00:50:12.107212+03	1	Interviewer	1	[{"added": {}}]	3	1
79	2023-11-09 01:03:21.884084+03	1	Interviewer object (1)	3		25	1
\.


--
-- TOC entry 3267 (class 0 OID 49166)
-- Dependencies: 205
-- Data for Name: django_content_type; Type: TABLE DATA; Schema: public; Owner: tipnet
--

COPY public.django_content_type (id, app_label, model) FROM stdin;
1	admin	logentry
2	auth	permission
3	auth	group
4	auth	user
5	contenttypes	contenttype
6	sessions	session
7	case_interview_app	dataentrypurpose
8	case_interview_app	investigationstatus
9	case_interview_app	trialcourt
10	case_interview_app	victimprofile
11	case_interview_app	casestatus
12	case_interview_app	transitroutedestination
13	case_interview_app	roleintrafficking
14	case_interview_app	idtype
15	case_interview_app	race
16	case_interview_app	country
17	case_interview_app	sanctionpenalty
18	case_interview_app	language
19	case_interview_app	transportmean
20	case_interview_app	arrestinvestigation
21	case_interview_app	gender
22	case_interview_app	prosecution
23	case_interview_app	prosecutionoutcome
24	case_interview_app	traffickerorg
25	case_interview_app	interviewer
26	case_interview_app	suspectedtrafficker
27	case_interview_app	guiltyreason
28	case_interview_app	aquitalreason
29	case_interview_app	verdict
30	case_interview_app	approvalstatus
\.


--
-- TOC entry 3265 (class 0 OID 49156)
-- Dependencies: 203
-- Data for Name: django_migrations; Type: TABLE DATA; Schema: public; Owner: tipnet
--

COPY public.django_migrations (id, app, name, applied) FROM stdin;
1	contenttypes	0001_initial	2023-11-07 23:55:41.979517+03
2	auth	0001_initial	2023-11-07 23:55:42.151809+03
3	admin	0001_initial	2023-11-07 23:55:42.192676+03
4	admin	0002_logentry_remove_auto_add	2023-11-07 23:55:42.202685+03
5	admin	0003_logentry_add_action_flag_choices	2023-11-07 23:55:42.21221+03
6	contenttypes	0002_remove_content_type_name	2023-11-07 23:55:42.231268+03
7	auth	0002_alter_permission_name_max_length	2023-11-07 23:55:42.24024+03
8	auth	0003_alter_user_email_max_length	2023-11-07 23:55:42.249184+03
9	auth	0004_alter_user_username_opts	2023-11-07 23:55:42.257191+03
10	auth	0005_alter_user_last_login_null	2023-11-07 23:55:42.267163+03
11	auth	0006_require_contenttypes_0002	2023-11-07 23:55:42.270158+03
12	auth	0007_alter_validators_add_error_messages	2023-11-07 23:55:42.280414+03
13	auth	0008_alter_user_username_max_length	2023-11-07 23:55:42.310107+03
14	auth	0009_alter_user_last_name_max_length	2023-11-07 23:55:42.318081+03
15	auth	0010_alter_group_name_max_length	2023-11-07 23:55:42.330096+03
16	auth	0011_update_proxy_permissions	2023-11-07 23:55:42.33703+03
17	auth	0012_alter_user_first_name_max_length	2023-11-07 23:55:42.347005+03
18	sessions	0001_initial	2023-11-07 23:55:42.371938+03
19	case_interview_app	0001_initial	2023-11-08 02:13:32.324081+03
20	case_interview_app	0002_remove_victimprofile_identification_type_and_more	2023-11-08 17:07:50.093532+03
21	case_interview_app	0003_verdict	2023-11-08 20:49:29.896899+03
22	case_interview_app	0004_interviewer_address	2023-11-09 00:25:13.310338+03
23	case_interview_app	0005_approvalstatus_interviewer_approval_comments_and_more	2023-11-09 00:33:18.908966+03
24	case_interview_app	0006_remove_interviewer_victim_interviewer_victims	2023-11-09 00:38:03.662582+03
25	case_interview_app	0007_victimprofile_approval_and_more	2023-11-09 00:54:02.152801+03
\.


--
-- TOC entry 3282 (class 0 OID 49303)
-- Dependencies: 220
-- Data for Name: django_session; Type: TABLE DATA; Schema: public; Owner: tipnet
--

COPY public.django_session (session_key, session_data, expire_date) FROM stdin;
m2ejld0mqfd76eliq5tjnfq986i7alun	.eJxVjEEOwiAQRe_C2pDCQOm4dO8ZyNAZpGpKUtqV8e7apAvd_vfef6lI21ri1mSJE6uzsur0uyUaHzLvgO8036oe67wuU9K7og_a9LWyPC-H-3dQqJVvPZo89IkBMnFAkozB4QBd78Cz8dhTZ8A7lICBxEBmsJRsCkNCFAL1_gDg_je7:1r0sw6:y2cxmWxwM8RqQE0pXxabKe_ptHjvdIrkGm-xyahV5HE	2023-11-23 03:30:18.350431+03
\.


--
-- TOC entry 3346 (class 0 OID 0)
-- Dependencies: 208
-- Name: auth_group_id_seq; Type: SEQUENCE SET; Schema: public; Owner: tipnet
--

SELECT pg_catalog.setval('public.auth_group_id_seq', 1, true);


--
-- TOC entry 3347 (class 0 OID 0)
-- Dependencies: 210
-- Name: auth_group_permissions_id_seq; Type: SEQUENCE SET; Schema: public; Owner: tipnet
--

SELECT pg_catalog.setval('public.auth_group_permissions_id_seq', 2, true);


--
-- TOC entry 3348 (class 0 OID 0)
-- Dependencies: 206
-- Name: auth_permission_id_seq; Type: SEQUENCE SET; Schema: public; Owner: tipnet
--

SELECT pg_catalog.setval('public.auth_permission_id_seq', 120, true);


--
-- TOC entry 3349 (class 0 OID 0)
-- Dependencies: 214
-- Name: auth_user_groups_id_seq; Type: SEQUENCE SET; Schema: public; Owner: tipnet
--

SELECT pg_catalog.setval('public.auth_user_groups_id_seq', 2, true);


--
-- TOC entry 3350 (class 0 OID 0)
-- Dependencies: 212
-- Name: auth_user_id_seq; Type: SEQUENCE SET; Schema: public; Owner: tipnet
--

SELECT pg_catalog.setval('public.auth_user_id_seq', 3, true);


--
-- TOC entry 3351 (class 0 OID 0)
-- Dependencies: 216
-- Name: auth_user_user_permissions_id_seq; Type: SEQUENCE SET; Schema: public; Owner: tipnet
--

SELECT pg_catalog.setval('public.auth_user_user_permissions_id_seq', 1, false);


--
-- TOC entry 3352 (class 0 OID 0)
-- Dependencies: 275
-- Name: case_interview_app_approvalstatus_id_seq; Type: SEQUENCE SET; Schema: public; Owner: tipnet
--

SELECT pg_catalog.setval('public.case_interview_app_approvalstatus_id_seq', 4, true);


--
-- TOC entry 3353 (class 0 OID 0)
-- Dependencies: 221
-- Name: case_interview_app_aquitalreason_id_seq; Type: SEQUENCE SET; Schema: public; Owner: tipnet
--

SELECT pg_catalog.setval('public.case_interview_app_aquitalreason_id_seq', 1, false);


--
-- TOC entry 3354 (class 0 OID 0)
-- Dependencies: 269
-- Name: case_interview_app_arrestinvestigation_id_seq; Type: SEQUENCE SET; Schema: public; Owner: tipnet
--

SELECT pg_catalog.setval('public.case_interview_app_arrestinvestigation_id_seq', 1, false);


--
-- TOC entry 3355 (class 0 OID 0)
-- Dependencies: 223
-- Name: case_interview_app_casestatus_id_seq; Type: SEQUENCE SET; Schema: public; Owner: tipnet
--

SELECT pg_catalog.setval('public.case_interview_app_casestatus_id_seq', 9, true);


--
-- TOC entry 3356 (class 0 OID 0)
-- Dependencies: 225
-- Name: case_interview_app_country_id_seq; Type: SEQUENCE SET; Schema: public; Owner: tipnet
--

SELECT pg_catalog.setval('public.case_interview_app_country_id_seq', 16, true);


--
-- TOC entry 3357 (class 0 OID 0)
-- Dependencies: 227
-- Name: case_interview_app_dataentrypurpose_id_seq; Type: SEQUENCE SET; Schema: public; Owner: tipnet
--

SELECT pg_catalog.setval('public.case_interview_app_dataentrypurpose_id_seq', 4, true);


--
-- TOC entry 3358 (class 0 OID 0)
-- Dependencies: 229
-- Name: case_interview_app_gender_id_seq; Type: SEQUENCE SET; Schema: public; Owner: tipnet
--

SELECT pg_catalog.setval('public.case_interview_app_gender_id_seq', 2, true);


--
-- TOC entry 3359 (class 0 OID 0)
-- Dependencies: 231
-- Name: case_interview_app_guiltyreason_id_seq; Type: SEQUENCE SET; Schema: public; Owner: tipnet
--

SELECT pg_catalog.setval('public.case_interview_app_guiltyreason_id_seq', 1, false);


--
-- TOC entry 3360 (class 0 OID 0)
-- Dependencies: 233
-- Name: case_interview_app_idtype_id_seq; Type: SEQUENCE SET; Schema: public; Owner: tipnet
--

SELECT pg_catalog.setval('public.case_interview_app_idtype_id_seq', 5, true);


--
-- TOC entry 3361 (class 0 OID 0)
-- Dependencies: 235
-- Name: case_interview_app_interviewer_id_seq; Type: SEQUENCE SET; Schema: public; Owner: tipnet
--

SELECT pg_catalog.setval('public.case_interview_app_interviewer_id_seq', 6, true);


--
-- TOC entry 3362 (class 0 OID 0)
-- Dependencies: 277
-- Name: case_interview_app_interviewer_victims_id_seq; Type: SEQUENCE SET; Schema: public; Owner: tipnet
--

SELECT pg_catalog.setval('public.case_interview_app_interviewer_victims_id_seq', 1, false);


--
-- TOC entry 3363 (class 0 OID 0)
-- Dependencies: 237
-- Name: case_interview_app_investigationstatus_id_seq; Type: SEQUENCE SET; Schema: public; Owner: tipnet
--

SELECT pg_catalog.setval('public.case_interview_app_investigationstatus_id_seq', 4, true);


--
-- TOC entry 3364 (class 0 OID 0)
-- Dependencies: 239
-- Name: case_interview_app_language_id_seq; Type: SEQUENCE SET; Schema: public; Owner: tipnet
--

SELECT pg_catalog.setval('public.case_interview_app_language_id_seq', 1, false);


--
-- TOC entry 3365 (class 0 OID 0)
-- Dependencies: 267
-- Name: case_interview_app_prosecution_id_seq; Type: SEQUENCE SET; Schema: public; Owner: tipnet
--

SELECT pg_catalog.setval('public.case_interview_app_prosecution_id_seq', 1, false);


--
-- TOC entry 3366 (class 0 OID 0)
-- Dependencies: 241
-- Name: case_interview_app_prosecutionoutcome_id_seq; Type: SEQUENCE SET; Schema: public; Owner: tipnet
--

SELECT pg_catalog.setval('public.case_interview_app_prosecutionoutcome_id_seq', 1, false);


--
-- TOC entry 3367 (class 0 OID 0)
-- Dependencies: 243
-- Name: case_interview_app_race_id_seq; Type: SEQUENCE SET; Schema: public; Owner: tipnet
--

SELECT pg_catalog.setval('public.case_interview_app_race_id_seq', 5, true);


--
-- TOC entry 3368 (class 0 OID 0)
-- Dependencies: 245
-- Name: case_interview_app_roleintrafficking_id_seq; Type: SEQUENCE SET; Schema: public; Owner: tipnet
--

SELECT pg_catalog.setval('public.case_interview_app_roleintrafficking_id_seq', 7, true);


--
-- TOC entry 3369 (class 0 OID 0)
-- Dependencies: 247
-- Name: case_interview_app_sanctionpenalty_id_seq; Type: SEQUENCE SET; Schema: public; Owner: tipnet
--

SELECT pg_catalog.setval('public.case_interview_app_sanctionpenalty_id_seq', 1, false);


--
-- TOC entry 3370 (class 0 OID 0)
-- Dependencies: 261
-- Name: case_interview_app_suspectedtrafficker_id_seq; Type: SEQUENCE SET; Schema: public; Owner: tipnet
--

SELECT pg_catalog.setval('public.case_interview_app_suspectedtrafficker_id_seq', 1, false);


--
-- TOC entry 3371 (class 0 OID 0)
-- Dependencies: 263
-- Name: case_interview_app_suspectedtrafficker_languages_id_seq; Type: SEQUENCE SET; Schema: public; Owner: tipnet
--

SELECT pg_catalog.setval('public.case_interview_app_suspectedtrafficker_languages_id_seq', 1, false);


--
-- TOC entry 3372 (class 0 OID 0)
-- Dependencies: 265
-- Name: case_interview_app_suspectedtrafficker_role_in_trafficki_id_seq; Type: SEQUENCE SET; Schema: public; Owner: tipnet
--

SELECT pg_catalog.setval('public.case_interview_app_suspectedtrafficker_role_in_trafficki_id_seq', 1, false);


--
-- TOC entry 3373 (class 0 OID 0)
-- Dependencies: 249
-- Name: case_interview_app_traffickerorg_id_seq; Type: SEQUENCE SET; Schema: public; Owner: tipnet
--

SELECT pg_catalog.setval('public.case_interview_app_traffickerorg_id_seq', 9, true);


--
-- TOC entry 3374 (class 0 OID 0)
-- Dependencies: 259
-- Name: case_interview_app_transitroutedestination_id_seq; Type: SEQUENCE SET; Schema: public; Owner: tipnet
--

SELECT pg_catalog.setval('public.case_interview_app_transitroutedestination_id_seq', 1, false);


--
-- TOC entry 3375 (class 0 OID 0)
-- Dependencies: 251
-- Name: case_interview_app_transportmean_id_seq; Type: SEQUENCE SET; Schema: public; Owner: tipnet
--

SELECT pg_catalog.setval('public.case_interview_app_transportmean_id_seq', 7, true);


--
-- TOC entry 3376 (class 0 OID 0)
-- Dependencies: 253
-- Name: case_interview_app_trialcourt_id_seq; Type: SEQUENCE SET; Schema: public; Owner: tipnet
--

SELECT pg_catalog.setval('public.case_interview_app_trialcourt_id_seq', 5, true);


--
-- TOC entry 3377 (class 0 OID 0)
-- Dependencies: 273
-- Name: case_interview_app_verdict_id_seq; Type: SEQUENCE SET; Schema: public; Owner: tipnet
--

SELECT pg_catalog.setval('public.case_interview_app_verdict_id_seq', 1, false);


--
-- TOC entry 3378 (class 0 OID 0)
-- Dependencies: 255
-- Name: case_interview_app_victimprofile_id_seq; Type: SEQUENCE SET; Schema: public; Owner: tipnet
--

SELECT pg_catalog.setval('public.case_interview_app_victimprofile_id_seq', 1, false);


--
-- TOC entry 3379 (class 0 OID 0)
-- Dependencies: 271
-- Name: case_interview_app_victimprofile_identification_type_id_seq; Type: SEQUENCE SET; Schema: public; Owner: tipnet
--

SELECT pg_catalog.setval('public.case_interview_app_victimprofile_identification_type_id_seq', 1, false);


--
-- TOC entry 3380 (class 0 OID 0)
-- Dependencies: 257
-- Name: case_interview_app_victimprofile_languages_id_seq; Type: SEQUENCE SET; Schema: public; Owner: tipnet
--

SELECT pg_catalog.setval('public.case_interview_app_victimprofile_languages_id_seq', 1, false);


--
-- TOC entry 3381 (class 0 OID 0)
-- Dependencies: 218
-- Name: django_admin_log_id_seq; Type: SEQUENCE SET; Schema: public; Owner: tipnet
--

SELECT pg_catalog.setval('public.django_admin_log_id_seq', 79, true);


--
-- TOC entry 3382 (class 0 OID 0)
-- Dependencies: 204
-- Name: django_content_type_id_seq; Type: SEQUENCE SET; Schema: public; Owner: tipnet
--

SELECT pg_catalog.setval('public.django_content_type_id_seq', 30, true);


--
-- TOC entry 3383 (class 0 OID 0)
-- Dependencies: 202
-- Name: django_migrations_id_seq; Type: SEQUENCE SET; Schema: public; Owner: tipnet
--

SELECT pg_catalog.setval('public.django_migrations_id_seq', 25, true);


--
-- TOC entry 2935 (class 2606 OID 49301)
-- Name: auth_group auth_group_name_key; Type: CONSTRAINT; Schema: public; Owner: tipnet
--

ALTER TABLE ONLY public.auth_group
    ADD CONSTRAINT auth_group_name_key UNIQUE (name);


--
-- TOC entry 2940 (class 2606 OID 49229)
-- Name: auth_group_permissions auth_group_permissions_group_id_permission_id_0cd325b0_uniq; Type: CONSTRAINT; Schema: public; Owner: tipnet
--

ALTER TABLE ONLY public.auth_group_permissions
    ADD CONSTRAINT auth_group_permissions_group_id_permission_id_0cd325b0_uniq UNIQUE (group_id, permission_id);


--
-- TOC entry 2943 (class 2606 OID 49195)
-- Name: auth_group_permissions auth_group_permissions_pkey; Type: CONSTRAINT; Schema: public; Owner: tipnet
--

ALTER TABLE ONLY public.auth_group_permissions
    ADD CONSTRAINT auth_group_permissions_pkey PRIMARY KEY (id);


--
-- TOC entry 2937 (class 2606 OID 49186)
-- Name: auth_group auth_group_pkey; Type: CONSTRAINT; Schema: public; Owner: tipnet
--

ALTER TABLE ONLY public.auth_group
    ADD CONSTRAINT auth_group_pkey PRIMARY KEY (id);


--
-- TOC entry 2930 (class 2606 OID 49220)
-- Name: auth_permission auth_permission_content_type_id_codename_01ab375a_uniq; Type: CONSTRAINT; Schema: public; Owner: tipnet
--

ALTER TABLE ONLY public.auth_permission
    ADD CONSTRAINT auth_permission_content_type_id_codename_01ab375a_uniq UNIQUE (content_type_id, codename);


--
-- TOC entry 2932 (class 2606 OID 49179)
-- Name: auth_permission auth_permission_pkey; Type: CONSTRAINT; Schema: public; Owner: tipnet
--

ALTER TABLE ONLY public.auth_permission
    ADD CONSTRAINT auth_permission_pkey PRIMARY KEY (id);


--
-- TOC entry 2951 (class 2606 OID 49211)
-- Name: auth_user_groups auth_user_groups_pkey; Type: CONSTRAINT; Schema: public; Owner: tipnet
--

ALTER TABLE ONLY public.auth_user_groups
    ADD CONSTRAINT auth_user_groups_pkey PRIMARY KEY (id);


--
-- TOC entry 2954 (class 2606 OID 49244)
-- Name: auth_user_groups auth_user_groups_user_id_group_id_94350c0c_uniq; Type: CONSTRAINT; Schema: public; Owner: tipnet
--

ALTER TABLE ONLY public.auth_user_groups
    ADD CONSTRAINT auth_user_groups_user_id_group_id_94350c0c_uniq UNIQUE (user_id, group_id);


--
-- TOC entry 2945 (class 2606 OID 49202)
-- Name: auth_user auth_user_pkey; Type: CONSTRAINT; Schema: public; Owner: tipnet
--

ALTER TABLE ONLY public.auth_user
    ADD CONSTRAINT auth_user_pkey PRIMARY KEY (id);


--
-- TOC entry 2957 (class 2606 OID 49218)
-- Name: auth_user_user_permissions auth_user_user_permissions_pkey; Type: CONSTRAINT; Schema: public; Owner: tipnet
--

ALTER TABLE ONLY public.auth_user_user_permissions
    ADD CONSTRAINT auth_user_user_permissions_pkey PRIMARY KEY (id);


--
-- TOC entry 2960 (class 2606 OID 49258)
-- Name: auth_user_user_permissions auth_user_user_permissions_user_id_permission_id_14a6b632_uniq; Type: CONSTRAINT; Schema: public; Owner: tipnet
--

ALTER TABLE ONLY public.auth_user_user_permissions
    ADD CONSTRAINT auth_user_user_permissions_user_id_permission_id_14a6b632_uniq UNIQUE (user_id, permission_id);


--
-- TOC entry 2948 (class 2606 OID 49295)
-- Name: auth_user auth_user_username_key; Type: CONSTRAINT; Schema: public; Owner: tipnet
--

ALTER TABLE ONLY public.auth_user
    ADD CONSTRAINT auth_user_username_key UNIQUE (username);


--
-- TOC entry 3076 (class 2606 OID 49803)
-- Name: case_interview_app_approvalstatus case_interview_app_approvalstatus_pkey; Type: CONSTRAINT; Schema: public; Owner: tipnet
--

ALTER TABLE ONLY public.case_interview_app_approvalstatus
    ADD CONSTRAINT case_interview_app_approvalstatus_pkey PRIMARY KEY (id);


--
-- TOC entry 2970 (class 2606 OID 49319)
-- Name: case_interview_app_aquitalreason case_interview_app_aquitalreason_pkey; Type: CONSTRAINT; Schema: public; Owner: tipnet
--

ALTER TABLE ONLY public.case_interview_app_aquitalreason
    ADD CONSTRAINT case_interview_app_aquitalreason_pkey PRIMARY KEY (id);


--
-- TOC entry 3064 (class 2606 OID 49501)
-- Name: case_interview_app_arrestinvestigation case_interview_app_arrestinvestigation_pkey; Type: CONSTRAINT; Schema: public; Owner: tipnet
--

ALTER TABLE ONLY public.case_interview_app_arrestinvestigation
    ADD CONSTRAINT case_interview_app_arrestinvestigation_pkey PRIMARY KEY (id);


--
-- TOC entry 2972 (class 2606 OID 49326)
-- Name: case_interview_app_casestatus case_interview_app_casestatus_pkey; Type: CONSTRAINT; Schema: public; Owner: tipnet
--

ALTER TABLE ONLY public.case_interview_app_casestatus
    ADD CONSTRAINT case_interview_app_casestatus_pkey PRIMARY KEY (id);


--
-- TOC entry 2974 (class 2606 OID 49333)
-- Name: case_interview_app_country case_interview_app_country_pkey; Type: CONSTRAINT; Schema: public; Owner: tipnet
--

ALTER TABLE ONLY public.case_interview_app_country
    ADD CONSTRAINT case_interview_app_country_pkey PRIMARY KEY (id);


--
-- TOC entry 2976 (class 2606 OID 49340)
-- Name: case_interview_app_dataentrypurpose case_interview_app_dataentrypurpose_pkey; Type: CONSTRAINT; Schema: public; Owner: tipnet
--

ALTER TABLE ONLY public.case_interview_app_dataentrypurpose
    ADD CONSTRAINT case_interview_app_dataentrypurpose_pkey PRIMARY KEY (id);


--
-- TOC entry 2978 (class 2606 OID 49347)
-- Name: case_interview_app_gender case_interview_app_gender_pkey; Type: CONSTRAINT; Schema: public; Owner: tipnet
--

ALTER TABLE ONLY public.case_interview_app_gender
    ADD CONSTRAINT case_interview_app_gender_pkey PRIMARY KEY (id);


--
-- TOC entry 2980 (class 2606 OID 49354)
-- Name: case_interview_app_guiltyreason case_interview_app_guiltyreason_pkey; Type: CONSTRAINT; Schema: public; Owner: tipnet
--

ALTER TABLE ONLY public.case_interview_app_guiltyreason
    ADD CONSTRAINT case_interview_app_guiltyreason_pkey PRIMARY KEY (id);


--
-- TOC entry 2982 (class 2606 OID 49361)
-- Name: case_interview_app_idtype case_interview_app_idtype_pkey; Type: CONSTRAINT; Schema: public; Owner: tipnet
--

ALTER TABLE ONLY public.case_interview_app_idtype
    ADD CONSTRAINT case_interview_app_idtype_pkey PRIMARY KEY (id);


--
-- TOC entry 3078 (class 2606 OID 49818)
-- Name: case_interview_app_interviewer_victims case_interview_app_inter_interviewer_id_victimpro_ea3e94f3_uniq; Type: CONSTRAINT; Schema: public; Owner: tipnet
--

ALTER TABLE ONLY public.case_interview_app_interviewer_victims
    ADD CONSTRAINT case_interview_app_inter_interviewer_id_victimpro_ea3e94f3_uniq UNIQUE (interviewer_id, victimprofile_id);


--
-- TOC entry 2987 (class 2606 OID 49368)
-- Name: case_interview_app_interviewer case_interview_app_interviewer_pkey; Type: CONSTRAINT; Schema: public; Owner: tipnet
--

ALTER TABLE ONLY public.case_interview_app_interviewer
    ADD CONSTRAINT case_interview_app_interviewer_pkey PRIMARY KEY (id);


--
-- TOC entry 3082 (class 2606 OID 49816)
-- Name: case_interview_app_interviewer_victims case_interview_app_interviewer_victims_pkey; Type: CONSTRAINT; Schema: public; Owner: tipnet
--

ALTER TABLE ONLY public.case_interview_app_interviewer_victims
    ADD CONSTRAINT case_interview_app_interviewer_victims_pkey PRIMARY KEY (id);


--
-- TOC entry 2989 (class 2606 OID 49375)
-- Name: case_interview_app_investigationstatus case_interview_app_investigationstatus_pkey; Type: CONSTRAINT; Schema: public; Owner: tipnet
--

ALTER TABLE ONLY public.case_interview_app_investigationstatus
    ADD CONSTRAINT case_interview_app_investigationstatus_pkey PRIMARY KEY (id);


--
-- TOC entry 2991 (class 2606 OID 49382)
-- Name: case_interview_app_language case_interview_app_language_pkey; Type: CONSTRAINT; Schema: public; Owner: tipnet
--

ALTER TABLE ONLY public.case_interview_app_language
    ADD CONSTRAINT case_interview_app_language_pkey PRIMARY KEY (id);


--
-- TOC entry 3053 (class 2606 OID 49486)
-- Name: case_interview_app_prosecution case_interview_app_prosecution_pkey; Type: CONSTRAINT; Schema: public; Owner: tipnet
--

ALTER TABLE ONLY public.case_interview_app_prosecution
    ADD CONSTRAINT case_interview_app_prosecution_pkey PRIMARY KEY (id);


--
-- TOC entry 2993 (class 2606 OID 49389)
-- Name: case_interview_app_prosecutionoutcome case_interview_app_prosecutionoutcome_pkey; Type: CONSTRAINT; Schema: public; Owner: tipnet
--

ALTER TABLE ONLY public.case_interview_app_prosecutionoutcome
    ADD CONSTRAINT case_interview_app_prosecutionoutcome_pkey PRIMARY KEY (id);


--
-- TOC entry 2995 (class 2606 OID 49396)
-- Name: case_interview_app_race case_interview_app_race_pkey; Type: CONSTRAINT; Schema: public; Owner: tipnet
--

ALTER TABLE ONLY public.case_interview_app_race
    ADD CONSTRAINT case_interview_app_race_pkey PRIMARY KEY (id);


--
-- TOC entry 2997 (class 2606 OID 49403)
-- Name: case_interview_app_roleintrafficking case_interview_app_roleintrafficking_pkey; Type: CONSTRAINT; Schema: public; Owner: tipnet
--

ALTER TABLE ONLY public.case_interview_app_roleintrafficking
    ADD CONSTRAINT case_interview_app_roleintrafficking_pkey PRIMARY KEY (id);


--
-- TOC entry 2999 (class 2606 OID 49410)
-- Name: case_interview_app_sanctionpenalty case_interview_app_sanctionpenalty_pkey; Type: CONSTRAINT; Schema: public; Owner: tipnet
--

ALTER TABLE ONLY public.case_interview_app_sanctionpenalty
    ADD CONSTRAINT case_interview_app_sanctionpenalty_pkey PRIMARY KEY (id);


--
-- TOC entry 3038 (class 2606 OID 49643)
-- Name: case_interview_app_suspectedtrafficker_languages case_interview_app_suspe_suspectedtrafficker_id_l_424d5feb_uniq; Type: CONSTRAINT; Schema: public; Owner: tipnet
--

ALTER TABLE ONLY public.case_interview_app_suspectedtrafficker_languages
    ADD CONSTRAINT case_interview_app_suspe_suspectedtrafficker_id_l_424d5feb_uniq UNIQUE (suspectedtrafficker_id, language_id);


--
-- TOC entry 3044 (class 2606 OID 49657)
-- Name: case_interview_app_suspectedtrafficker_role_in_trafficking case_interview_app_suspe_suspectedtrafficker_id_r_21657342_uniq; Type: CONSTRAINT; Schema: public; Owner: tipnet
--

ALTER TABLE ONLY public.case_interview_app_suspectedtrafficker_role_in_trafficking
    ADD CONSTRAINT case_interview_app_suspe_suspectedtrafficker_id_r_21657342_uniq UNIQUE (suspectedtrafficker_id, roleintrafficking_id);


--
-- TOC entry 3042 (class 2606 OID 49472)
-- Name: case_interview_app_suspectedtrafficker_languages case_interview_app_suspectedtrafficker_languages_pkey; Type: CONSTRAINT; Schema: public; Owner: tipnet
--

ALTER TABLE ONLY public.case_interview_app_suspectedtrafficker_languages
    ADD CONSTRAINT case_interview_app_suspectedtrafficker_languages_pkey PRIMARY KEY (id);


--
-- TOC entry 3034 (class 2606 OID 49465)
-- Name: case_interview_app_suspectedtrafficker case_interview_app_suspectedtrafficker_pkey; Type: CONSTRAINT; Schema: public; Owner: tipnet
--

ALTER TABLE ONLY public.case_interview_app_suspectedtrafficker
    ADD CONSTRAINT case_interview_app_suspectedtrafficker_pkey PRIMARY KEY (id);


--
-- TOC entry 3048 (class 2606 OID 49479)
-- Name: case_interview_app_suspectedtrafficker_role_in_trafficking case_interview_app_suspectedtrafficker_role_in_trafficking_pkey; Type: CONSTRAINT; Schema: public; Owner: tipnet
--

ALTER TABLE ONLY public.case_interview_app_suspectedtrafficker_role_in_trafficking
    ADD CONSTRAINT case_interview_app_suspectedtrafficker_role_in_trafficking_pkey PRIMARY KEY (id);


--
-- TOC entry 3001 (class 2606 OID 49417)
-- Name: case_interview_app_traffickerorg case_interview_app_traffickerorg_pkey; Type: CONSTRAINT; Schema: public; Owner: tipnet
--

ALTER TABLE ONLY public.case_interview_app_traffickerorg
    ADD CONSTRAINT case_interview_app_traffickerorg_pkey PRIMARY KEY (id);


--
-- TOC entry 3024 (class 2606 OID 49458)
-- Name: case_interview_app_transitroutedestination case_interview_app_transitroutedestination_pkey; Type: CONSTRAINT; Schema: public; Owner: tipnet
--

ALTER TABLE ONLY public.case_interview_app_transitroutedestination
    ADD CONSTRAINT case_interview_app_transitroutedestination_pkey PRIMARY KEY (id);


--
-- TOC entry 3003 (class 2606 OID 49424)
-- Name: case_interview_app_transportmean case_interview_app_transportmean_pkey; Type: CONSTRAINT; Schema: public; Owner: tipnet
--

ALTER TABLE ONLY public.case_interview_app_transportmean
    ADD CONSTRAINT case_interview_app_transportmean_pkey PRIMARY KEY (id);


--
-- TOC entry 3005 (class 2606 OID 49431)
-- Name: case_interview_app_trialcourt case_interview_app_trialcourt_pkey; Type: CONSTRAINT; Schema: public; Owner: tipnet
--

ALTER TABLE ONLY public.case_interview_app_trialcourt
    ADD CONSTRAINT case_interview_app_trialcourt_pkey PRIMARY KEY (id);


--
-- TOC entry 3074 (class 2606 OID 49793)
-- Name: case_interview_app_verdict case_interview_app_verdict_pkey; Type: CONSTRAINT; Schema: public; Owner: tipnet
--

ALTER TABLE ONLY public.case_interview_app_verdict
    ADD CONSTRAINT case_interview_app_verdict_pkey PRIMARY KEY (id);


--
-- TOC entry 3015 (class 2606 OID 49551)
-- Name: case_interview_app_victimprofile_languages case_interview_app_victi_victimprofile_id_country_cc98b600_uniq; Type: CONSTRAINT; Schema: public; Owner: tipnet
--

ALTER TABLE ONLY public.case_interview_app_victimprofile_languages
    ADD CONSTRAINT case_interview_app_victi_victimprofile_id_country_cc98b600_uniq UNIQUE (victimprofile_id, country_id);


--
-- TOC entry 3068 (class 2606 OID 49764)
-- Name: case_interview_app_victimprofile_identification_type case_interview_app_victi_victimprofile_id_idtype__2e65c669_uniq; Type: CONSTRAINT; Schema: public; Owner: tipnet
--

ALTER TABLE ONLY public.case_interview_app_victimprofile_identification_type
    ADD CONSTRAINT case_interview_app_victi_victimprofile_id_idtype__2e65c669_uniq UNIQUE (victimprofile_id, idtype_id);


--
-- TOC entry 3072 (class 2606 OID 49762)
-- Name: case_interview_app_victimprofile_identification_type case_interview_app_victimprofile_identification_type_pkey; Type: CONSTRAINT; Schema: public; Owner: tipnet
--

ALTER TABLE ONLY public.case_interview_app_victimprofile_identification_type
    ADD CONSTRAINT case_interview_app_victimprofile_identification_type_pkey PRIMARY KEY (id);


--
-- TOC entry 3019 (class 2606 OID 49448)
-- Name: case_interview_app_victimprofile_languages case_interview_app_victimprofile_languages_pkey; Type: CONSTRAINT; Schema: public; Owner: tipnet
--

ALTER TABLE ONLY public.case_interview_app_victimprofile_languages
    ADD CONSTRAINT case_interview_app_victimprofile_languages_pkey PRIMARY KEY (id);


--
-- TOC entry 3012 (class 2606 OID 49441)
-- Name: case_interview_app_victimprofile case_interview_app_victimprofile_pkey; Type: CONSTRAINT; Schema: public; Owner: tipnet
--

ALTER TABLE ONLY public.case_interview_app_victimprofile
    ADD CONSTRAINT case_interview_app_victimprofile_pkey PRIMARY KEY (id);


--
-- TOC entry 2963 (class 2606 OID 49281)
-- Name: django_admin_log django_admin_log_pkey; Type: CONSTRAINT; Schema: public; Owner: tipnet
--

ALTER TABLE ONLY public.django_admin_log
    ADD CONSTRAINT django_admin_log_pkey PRIMARY KEY (id);


--
-- TOC entry 2925 (class 2606 OID 49172)
-- Name: django_content_type django_content_type_app_label_model_76bd3d3b_uniq; Type: CONSTRAINT; Schema: public; Owner: tipnet
--

ALTER TABLE ONLY public.django_content_type
    ADD CONSTRAINT django_content_type_app_label_model_76bd3d3b_uniq UNIQUE (app_label, model);


--
-- TOC entry 2927 (class 2606 OID 49170)
-- Name: django_content_type django_content_type_pkey; Type: CONSTRAINT; Schema: public; Owner: tipnet
--

ALTER TABLE ONLY public.django_content_type
    ADD CONSTRAINT django_content_type_pkey PRIMARY KEY (id);


--
-- TOC entry 2923 (class 2606 OID 49163)
-- Name: django_migrations django_migrations_pkey; Type: CONSTRAINT; Schema: public; Owner: tipnet
--

ALTER TABLE ONLY public.django_migrations
    ADD CONSTRAINT django_migrations_pkey PRIMARY KEY (id);


--
-- TOC entry 2967 (class 2606 OID 49310)
-- Name: django_session django_session_pkey; Type: CONSTRAINT; Schema: public; Owner: tipnet
--

ALTER TABLE ONLY public.django_session
    ADD CONSTRAINT django_session_pkey PRIMARY KEY (session_key);


--
-- TOC entry 2933 (class 1259 OID 49302)
-- Name: auth_group_name_a6ea08ec_like; Type: INDEX; Schema: public; Owner: tipnet
--

CREATE INDEX auth_group_name_a6ea08ec_like ON public.auth_group USING btree (name varchar_pattern_ops);


--
-- TOC entry 2938 (class 1259 OID 49240)
-- Name: auth_group_permissions_group_id_b120cbf9; Type: INDEX; Schema: public; Owner: tipnet
--

CREATE INDEX auth_group_permissions_group_id_b120cbf9 ON public.auth_group_permissions USING btree (group_id);


--
-- TOC entry 2941 (class 1259 OID 49241)
-- Name: auth_group_permissions_permission_id_84c5c92e; Type: INDEX; Schema: public; Owner: tipnet
--

CREATE INDEX auth_group_permissions_permission_id_84c5c92e ON public.auth_group_permissions USING btree (permission_id);


--
-- TOC entry 2928 (class 1259 OID 49226)
-- Name: auth_permission_content_type_id_2f476e4b; Type: INDEX; Schema: public; Owner: tipnet
--

CREATE INDEX auth_permission_content_type_id_2f476e4b ON public.auth_permission USING btree (content_type_id);


--
-- TOC entry 2949 (class 1259 OID 49256)
-- Name: auth_user_groups_group_id_97559544; Type: INDEX; Schema: public; Owner: tipnet
--

CREATE INDEX auth_user_groups_group_id_97559544 ON public.auth_user_groups USING btree (group_id);


--
-- TOC entry 2952 (class 1259 OID 49255)
-- Name: auth_user_groups_user_id_6a12ed8b; Type: INDEX; Schema: public; Owner: tipnet
--

CREATE INDEX auth_user_groups_user_id_6a12ed8b ON public.auth_user_groups USING btree (user_id);


--
-- TOC entry 2955 (class 1259 OID 49270)
-- Name: auth_user_user_permissions_permission_id_1fbb5f2c; Type: INDEX; Schema: public; Owner: tipnet
--

CREATE INDEX auth_user_user_permissions_permission_id_1fbb5f2c ON public.auth_user_user_permissions USING btree (permission_id);


--
-- TOC entry 2958 (class 1259 OID 49269)
-- Name: auth_user_user_permissions_user_id_a95ead1b; Type: INDEX; Schema: public; Owner: tipnet
--

CREATE INDEX auth_user_user_permissions_user_id_a95ead1b ON public.auth_user_user_permissions USING btree (user_id);


--
-- TOC entry 2946 (class 1259 OID 49296)
-- Name: auth_user_username_6821ab7c_like; Type: INDEX; Schema: public; Owner: tipnet
--

CREATE INDEX auth_user_username_6821ab7c_like ON public.auth_user USING btree (username varchar_pattern_ops);


--
-- TOC entry 3061 (class 1259 OID 49751)
-- Name: case_interview_app_arresti_how_traffickers_org_id_c5863c9b; Type: INDEX; Schema: public; Owner: tipnet
--

CREATE INDEX case_interview_app_arresti_how_traffickers_org_id_c5863c9b ON public.case_interview_app_arrestinvestigation USING btree (how_traffickers_org_id);


--
-- TOC entry 3062 (class 1259 OID 49752)
-- Name: case_interview_app_arresti_investigation_status_id_6621cee4; Type: INDEX; Schema: public; Owner: tipnet
--

CREATE INDEX case_interview_app_arresti_investigation_status_id_6621cee4 ON public.case_interview_app_arrestinvestigation USING btree (investigation_status_id);


--
-- TOC entry 3065 (class 1259 OID 49753)
-- Name: case_interview_app_arrestinvestigation_trafficker_id_525bbb35; Type: INDEX; Schema: public; Owner: tipnet
--

CREATE INDEX case_interview_app_arrestinvestigation_trafficker_id_525bbb35 ON public.case_interview_app_arrestinvestigation USING btree (trafficker_id);


--
-- TOC entry 3066 (class 1259 OID 49754)
-- Name: case_interview_app_arrestinvestigation_victim_id_138154ee; Type: INDEX; Schema: public; Owner: tipnet
--

CREATE INDEX case_interview_app_arrestinvestigation_victim_id_138154ee ON public.case_interview_app_arrestinvestigation USING btree (victim_id);


--
-- TOC entry 3079 (class 1259 OID 49830)
-- Name: case_interview_app_intervi_victimprofile_id_6eea7bf3; Type: INDEX; Schema: public; Owner: tipnet
--

CREATE INDEX case_interview_app_intervi_victimprofile_id_6eea7bf3 ON public.case_interview_app_interviewer_victims USING btree (victimprofile_id);


--
-- TOC entry 2983 (class 1259 OID 49809)
-- Name: case_interview_app_interviewer_approval_id_5358832f; Type: INDEX; Schema: public; Owner: tipnet
--

CREATE INDEX case_interview_app_interviewer_approval_id_5358832f ON public.case_interview_app_interviewer USING btree (approval_id);


--
-- TOC entry 2984 (class 1259 OID 49512)
-- Name: case_interview_app_interviewer_country_id_9c780aac; Type: INDEX; Schema: public; Owner: tipnet
--

CREATE INDEX case_interview_app_interviewer_country_id_9c780aac ON public.case_interview_app_interviewer USING btree (country_id);


--
-- TOC entry 2985 (class 1259 OID 49513)
-- Name: case_interview_app_interviewer_data_entry_purpose_id_5af1c178; Type: INDEX; Schema: public; Owner: tipnet
--

CREATE INDEX case_interview_app_interviewer_data_entry_purpose_id_5af1c178 ON public.case_interview_app_interviewer USING btree (data_entry_purpose_id);


--
-- TOC entry 3080 (class 1259 OID 49829)
-- Name: case_interview_app_interviewer_victims_interviewer_id_b441e770; Type: INDEX; Schema: public; Owner: tipnet
--

CREATE INDEX case_interview_app_interviewer_victims_interviewer_id_b441e770 ON public.case_interview_app_interviewer_victims USING btree (interviewer_id);


--
-- TOC entry 3049 (class 1259 OID 49721)
-- Name: case_interview_app_prosecu_guilty_verdict_reason_id_3b5aba97; Type: INDEX; Schema: public; Owner: tipnet
--

CREATE INDEX case_interview_app_prosecu_guilty_verdict_reason_id_3b5aba97 ON public.case_interview_app_prosecution USING btree (guilty_verdict_reason_id);


--
-- TOC entry 3050 (class 1259 OID 49720)
-- Name: case_interview_app_prosecution_aquital_reason_id_42459820; Type: INDEX; Schema: public; Owner: tipnet
--

CREATE INDEX case_interview_app_prosecution_aquital_reason_id_42459820 ON public.case_interview_app_prosecution USING btree (aquital_reason_id);


--
-- TOC entry 3051 (class 1259 OID 49722)
-- Name: case_interview_app_prosecution_interviewer_id_d2b770b3; Type: INDEX; Schema: public; Owner: tipnet
--

CREATE INDEX case_interview_app_prosecution_interviewer_id_d2b770b3 ON public.case_interview_app_prosecution USING btree (interviewer_id);


--
-- TOC entry 3054 (class 1259 OID 49723)
-- Name: case_interview_app_prosecution_prosecution_outcome_id_33050980; Type: INDEX; Schema: public; Owner: tipnet
--

CREATE INDEX case_interview_app_prosecution_prosecution_outcome_id_33050980 ON public.case_interview_app_prosecution USING btree (prosecution_outcome_id);


--
-- TOC entry 3055 (class 1259 OID 49724)
-- Name: case_interview_app_prosecution_sanction_penalty_id_b4e2556f; Type: INDEX; Schema: public; Owner: tipnet
--

CREATE INDEX case_interview_app_prosecution_sanction_penalty_id_b4e2556f ON public.case_interview_app_prosecution USING btree (sanction_penalty_id);


--
-- TOC entry 3056 (class 1259 OID 49725)
-- Name: case_interview_app_prosecution_status_of_case_id_025e4b1c; Type: INDEX; Schema: public; Owner: tipnet
--

CREATE INDEX case_interview_app_prosecution_status_of_case_id_025e4b1c ON public.case_interview_app_prosecution USING btree (status_of_case_id);


--
-- TOC entry 3057 (class 1259 OID 49726)
-- Name: case_interview_app_prosecution_trafficker_id_98e14c57; Type: INDEX; Schema: public; Owner: tipnet
--

CREATE INDEX case_interview_app_prosecution_trafficker_id_98e14c57 ON public.case_interview_app_prosecution USING btree (trafficker_id);


--
-- TOC entry 3058 (class 1259 OID 49728)
-- Name: case_interview_app_prosecution_trial_court_country_id_8566a73b; Type: INDEX; Schema: public; Owner: tipnet
--

CREATE INDEX case_interview_app_prosecution_trial_court_country_id_8566a73b ON public.case_interview_app_prosecution USING btree (trial_court_country_id);


--
-- TOC entry 3059 (class 1259 OID 49727)
-- Name: case_interview_app_prosecution_trial_court_id_a15201f7; Type: INDEX; Schema: public; Owner: tipnet
--

CREATE INDEX case_interview_app_prosecution_trial_court_id_a15201f7 ON public.case_interview_app_prosecution USING btree (trial_court_id);


--
-- TOC entry 3060 (class 1259 OID 49729)
-- Name: case_interview_app_prosecution_victim_id_63da85de; Type: INDEX; Schema: public; Owner: tipnet
--

CREATE INDEX case_interview_app_prosecution_victim_id_63da85de ON public.case_interview_app_prosecution USING btree (victim_id);


--
-- TOC entry 3026 (class 1259 OID 49634)
-- Name: case_interview_app_suspect_country_of_birth_id_55cebbc0; Type: INDEX; Schema: public; Owner: tipnet
--

CREATE INDEX case_interview_app_suspect_country_of_birth_id_55cebbc0 ON public.case_interview_app_suspectedtrafficker USING btree (country_of_birth_id);


--
-- TOC entry 3039 (class 1259 OID 49655)
-- Name: case_interview_app_suspect_language_id_59e2f6e2; Type: INDEX; Schema: public; Owner: tipnet
--

CREATE INDEX case_interview_app_suspect_language_id_59e2f6e2 ON public.case_interview_app_suspectedtrafficker_languages USING btree (language_id);


--
-- TOC entry 3045 (class 1259 OID 49669)
-- Name: case_interview_app_suspect_roleintrafficking_id_c24857de; Type: INDEX; Schema: public; Owner: tipnet
--

CREATE INDEX case_interview_app_suspect_roleintrafficking_id_c24857de ON public.case_interview_app_suspectedtrafficker_role_in_trafficking USING btree (roleintrafficking_id);


--
-- TOC entry 3046 (class 1259 OID 49668)
-- Name: case_interview_app_suspect_suspectedtrafficker_id_4c03cee1; Type: INDEX; Schema: public; Owner: tipnet
--

CREATE INDEX case_interview_app_suspect_suspectedtrafficker_id_4c03cee1 ON public.case_interview_app_suspectedtrafficker_role_in_trafficking USING btree (suspectedtrafficker_id);


--
-- TOC entry 3040 (class 1259 OID 49654)
-- Name: case_interview_app_suspect_suspectedtrafficker_id_d6fc3138; Type: INDEX; Schema: public; Owner: tipnet
--

CREATE INDEX case_interview_app_suspect_suspectedtrafficker_id_d6fc3138 ON public.case_interview_app_suspectedtrafficker_languages USING btree (suspectedtrafficker_id);


--
-- TOC entry 3027 (class 1259 OID 49639)
-- Name: case_interview_app_suspect_traffick_from_country_id_9a3cdf78; Type: INDEX; Schema: public; Owner: tipnet
--

CREATE INDEX case_interview_app_suspect_traffick_from_country_id_9a3cdf78 ON public.case_interview_app_suspectedtrafficker USING btree (traffick_from_country_id);


--
-- TOC entry 3028 (class 1259 OID 49640)
-- Name: case_interview_app_suspect_traffick_to_country_id_9936aa80; Type: INDEX; Schema: public; Owner: tipnet
--

CREATE INDEX case_interview_app_suspect_traffick_to_country_id_9936aa80 ON public.case_interview_app_suspectedtrafficker USING btree (traffick_to_country_id);


--
-- TOC entry 3029 (class 1259 OID 49633)
-- Name: case_interview_app_suspectedtrafficker_citizenship_id_0de95d3c; Type: INDEX; Schema: public; Owner: tipnet
--

CREATE INDEX case_interview_app_suspectedtrafficker_citizenship_id_0de95d3c ON public.case_interview_app_suspectedtrafficker USING btree (citizenship_id);


--
-- TOC entry 3030 (class 1259 OID 49635)
-- Name: case_interview_app_suspectedtrafficker_gender_id_d7e650e2; Type: INDEX; Schema: public; Owner: tipnet
--

CREATE INDEX case_interview_app_suspectedtrafficker_gender_id_d7e650e2 ON public.case_interview_app_suspectedtrafficker USING btree (gender_id);


--
-- TOC entry 3031 (class 1259 OID 49636)
-- Name: case_interview_app_suspectedtrafficker_id_type_id_4bbefb90; Type: INDEX; Schema: public; Owner: tipnet
--

CREATE INDEX case_interview_app_suspectedtrafficker_id_type_id_4bbefb90 ON public.case_interview_app_suspectedtrafficker USING btree (id_type_id);


--
-- TOC entry 3032 (class 1259 OID 49637)
-- Name: case_interview_app_suspectedtrafficker_nationality_id_3f40b274; Type: INDEX; Schema: public; Owner: tipnet
--

CREATE INDEX case_interview_app_suspectedtrafficker_nationality_id_3f40b274 ON public.case_interview_app_suspectedtrafficker USING btree (nationality_id);


--
-- TOC entry 3035 (class 1259 OID 49638)
-- Name: case_interview_app_suspectedtrafficker_race_id_2e38f221; Type: INDEX; Schema: public; Owner: tipnet
--

CREATE INDEX case_interview_app_suspectedtrafficker_race_id_2e38f221 ON public.case_interview_app_suspectedtrafficker USING btree (race_id);


--
-- TOC entry 3036 (class 1259 OID 49641)
-- Name: case_interview_app_suspectedtrafficker_victim_id_49656161; Type: INDEX; Schema: public; Owner: tipnet
--

CREATE INDEX case_interview_app_suspectedtrafficker_victim_id_49656161 ON public.case_interview_app_suspectedtrafficker USING btree (victim_id);


--
-- TOC entry 3020 (class 1259 OID 49584)
-- Name: case_interview_app_transit_country_of_dest_id_2308d521; Type: INDEX; Schema: public; Owner: tipnet
--

CREATE INDEX case_interview_app_transit_country_of_dest_id_2308d521 ON public.case_interview_app_transitroutedestination USING btree (country_of_dest_id);


--
-- TOC entry 3021 (class 1259 OID 49585)
-- Name: case_interview_app_transit_country_of_origin_id_898cb9b0; Type: INDEX; Schema: public; Owner: tipnet
--

CREATE INDEX case_interview_app_transit_country_of_origin_id_898cb9b0 ON public.case_interview_app_transitroutedestination USING btree (country_of_origin_id);


--
-- TOC entry 3022 (class 1259 OID 49586)
-- Name: case_interview_app_transit_means_of_transport_id_0a89e5a7; Type: INDEX; Schema: public; Owner: tipnet
--

CREATE INDEX case_interview_app_transit_means_of_transport_id_0a89e5a7 ON public.case_interview_app_transitroutedestination USING btree (means_of_transport_id);


--
-- TOC entry 3025 (class 1259 OID 49587)
-- Name: case_interview_app_transitroutedestination_victim_id_c469b979; Type: INDEX; Schema: public; Owner: tipnet
--

CREATE INDEX case_interview_app_transitroutedestination_victim_id_c469b979 ON public.case_interview_app_transitroutedestination USING btree (victim_id);


--
-- TOC entry 3069 (class 1259 OID 49776)
-- Name: case_interview_app_victimp_idtype_id_709e809a; Type: INDEX; Schema: public; Owner: tipnet
--

CREATE INDEX case_interview_app_victimp_idtype_id_709e809a ON public.case_interview_app_victimprofile_identification_type USING btree (idtype_id);


--
-- TOC entry 3006 (class 1259 OID 49548)
-- Name: case_interview_app_victimp_last_place_of_residence_id_7c831f6c; Type: INDEX; Schema: public; Owner: tipnet
--

CREATE INDEX case_interview_app_victimp_last_place_of_residence_id_7c831f6c ON public.case_interview_app_victimprofile USING btree (last_place_of_residence_id);


--
-- TOC entry 3070 (class 1259 OID 49775)
-- Name: case_interview_app_victimp_victimprofile_id_73101f2b; Type: INDEX; Schema: public; Owner: tipnet
--

CREATE INDEX case_interview_app_victimp_victimprofile_id_73101f2b ON public.case_interview_app_victimprofile_identification_type USING btree (victimprofile_id);


--
-- TOC entry 3016 (class 1259 OID 49562)
-- Name: case_interview_app_victimp_victimprofile_id_9b83bdfc; Type: INDEX; Schema: public; Owner: tipnet
--

CREATE INDEX case_interview_app_victimp_victimprofile_id_9b83bdfc ON public.case_interview_app_victimprofile_languages USING btree (victimprofile_id);


--
-- TOC entry 3007 (class 1259 OID 49836)
-- Name: case_interview_app_victimprofile_approval_id_0e496586; Type: INDEX; Schema: public; Owner: tipnet
--

CREATE INDEX case_interview_app_victimprofile_approval_id_0e496586 ON public.case_interview_app_victimprofile USING btree (approval_id);


--
-- TOC entry 3008 (class 1259 OID 49544)
-- Name: case_interview_app_victimprofile_citizenship_id_e9d81bf2; Type: INDEX; Schema: public; Owner: tipnet
--

CREATE INDEX case_interview_app_victimprofile_citizenship_id_e9d81bf2 ON public.case_interview_app_victimprofile USING btree (citizenship_id);


--
-- TOC entry 3009 (class 1259 OID 49545)
-- Name: case_interview_app_victimprofile_countryOfBirth_id_4f6ff601; Type: INDEX; Schema: public; Owner: tipnet
--

CREATE INDEX "case_interview_app_victimprofile_countryOfBirth_id_4f6ff601" ON public.case_interview_app_victimprofile USING btree ("countryOfBirth_id");


--
-- TOC entry 3010 (class 1259 OID 49546)
-- Name: case_interview_app_victimprofile_gender_id_6a356683; Type: INDEX; Schema: public; Owner: tipnet
--

CREATE INDEX case_interview_app_victimprofile_gender_id_6a356683 ON public.case_interview_app_victimprofile USING btree (gender_id);


--
-- TOC entry 3017 (class 1259 OID 49563)
-- Name: case_interview_app_victimprofile_languages_country_id_3bc4787c; Type: INDEX; Schema: public; Owner: tipnet
--

CREATE INDEX case_interview_app_victimprofile_languages_country_id_3bc4787c ON public.case_interview_app_victimprofile_languages USING btree (country_id);


--
-- TOC entry 3013 (class 1259 OID 49549)
-- Name: case_interview_app_victimprofile_race_id_62569da3; Type: INDEX; Schema: public; Owner: tipnet
--

CREATE INDEX case_interview_app_victimprofile_race_id_62569da3 ON public.case_interview_app_victimprofile USING btree (race_id);


--
-- TOC entry 2961 (class 1259 OID 49292)
-- Name: django_admin_log_content_type_id_c4bce8eb; Type: INDEX; Schema: public; Owner: tipnet
--

CREATE INDEX django_admin_log_content_type_id_c4bce8eb ON public.django_admin_log USING btree (content_type_id);


--
-- TOC entry 2964 (class 1259 OID 49293)
-- Name: django_admin_log_user_id_c564eba6; Type: INDEX; Schema: public; Owner: tipnet
--

CREATE INDEX django_admin_log_user_id_c564eba6 ON public.django_admin_log USING btree (user_id);


--
-- TOC entry 2965 (class 1259 OID 49312)
-- Name: django_session_expire_date_a5c62663; Type: INDEX; Schema: public; Owner: tipnet
--

CREATE INDEX django_session_expire_date_a5c62663 ON public.django_session USING btree (expire_date);


--
-- TOC entry 2968 (class 1259 OID 49311)
-- Name: django_session_session_key_c0390e0f_like; Type: INDEX; Schema: public; Owner: tipnet
--

CREATE INDEX django_session_session_key_c0390e0f_like ON public.django_session USING btree (session_key varchar_pattern_ops);


--
-- TOC entry 3085 (class 2606 OID 49235)
-- Name: auth_group_permissions auth_group_permissio_permission_id_84c5c92e_fk_auth_perm; Type: FK CONSTRAINT; Schema: public; Owner: tipnet
--

ALTER TABLE ONLY public.auth_group_permissions
    ADD CONSTRAINT auth_group_permissio_permission_id_84c5c92e_fk_auth_perm FOREIGN KEY (permission_id) REFERENCES public.auth_permission(id) DEFERRABLE INITIALLY DEFERRED;


--
-- TOC entry 3084 (class 2606 OID 49230)
-- Name: auth_group_permissions auth_group_permissions_group_id_b120cbf9_fk_auth_group_id; Type: FK CONSTRAINT; Schema: public; Owner: tipnet
--

ALTER TABLE ONLY public.auth_group_permissions
    ADD CONSTRAINT auth_group_permissions_group_id_b120cbf9_fk_auth_group_id FOREIGN KEY (group_id) REFERENCES public.auth_group(id) DEFERRABLE INITIALLY DEFERRED;


--
-- TOC entry 3083 (class 2606 OID 49221)
-- Name: auth_permission auth_permission_content_type_id_2f476e4b_fk_django_co; Type: FK CONSTRAINT; Schema: public; Owner: tipnet
--

ALTER TABLE ONLY public.auth_permission
    ADD CONSTRAINT auth_permission_content_type_id_2f476e4b_fk_django_co FOREIGN KEY (content_type_id) REFERENCES public.django_content_type(id) DEFERRABLE INITIALLY DEFERRED;


--
-- TOC entry 3087 (class 2606 OID 49250)
-- Name: auth_user_groups auth_user_groups_group_id_97559544_fk_auth_group_id; Type: FK CONSTRAINT; Schema: public; Owner: tipnet
--

ALTER TABLE ONLY public.auth_user_groups
    ADD CONSTRAINT auth_user_groups_group_id_97559544_fk_auth_group_id FOREIGN KEY (group_id) REFERENCES public.auth_group(id) DEFERRABLE INITIALLY DEFERRED;


--
-- TOC entry 3086 (class 2606 OID 49245)
-- Name: auth_user_groups auth_user_groups_user_id_6a12ed8b_fk_auth_user_id; Type: FK CONSTRAINT; Schema: public; Owner: tipnet
--

ALTER TABLE ONLY public.auth_user_groups
    ADD CONSTRAINT auth_user_groups_user_id_6a12ed8b_fk_auth_user_id FOREIGN KEY (user_id) REFERENCES public.auth_user(id) DEFERRABLE INITIALLY DEFERRED;


--
-- TOC entry 3089 (class 2606 OID 49264)
-- Name: auth_user_user_permissions auth_user_user_permi_permission_id_1fbb5f2c_fk_auth_perm; Type: FK CONSTRAINT; Schema: public; Owner: tipnet
--

ALTER TABLE ONLY public.auth_user_user_permissions
    ADD CONSTRAINT auth_user_user_permi_permission_id_1fbb5f2c_fk_auth_perm FOREIGN KEY (permission_id) REFERENCES public.auth_permission(id) DEFERRABLE INITIALLY DEFERRED;


--
-- TOC entry 3088 (class 2606 OID 49259)
-- Name: auth_user_user_permissions auth_user_user_permissions_user_id_a95ead1b_fk_auth_user_id; Type: FK CONSTRAINT; Schema: public; Owner: tipnet
--

ALTER TABLE ONLY public.auth_user_user_permissions
    ADD CONSTRAINT auth_user_user_permissions_user_id_a95ead1b_fk_auth_user_id FOREIGN KEY (user_id) REFERENCES public.auth_user(id) DEFERRABLE INITIALLY DEFERRED;


--
-- TOC entry 3130 (class 2606 OID 49731)
-- Name: case_interview_app_arrestinvestigation case_interview_app_a_how_traffickers_org__c5863c9b_fk_case_inte; Type: FK CONSTRAINT; Schema: public; Owner: tipnet
--

ALTER TABLE ONLY public.case_interview_app_arrestinvestigation
    ADD CONSTRAINT case_interview_app_a_how_traffickers_org__c5863c9b_fk_case_inte FOREIGN KEY (how_traffickers_org_id) REFERENCES public.case_interview_app_traffickerorg(id) DEFERRABLE INITIALLY DEFERRED;


--
-- TOC entry 3131 (class 2606 OID 49736)
-- Name: case_interview_app_arrestinvestigation case_interview_app_a_investigation_status_6621cee4_fk_case_inte; Type: FK CONSTRAINT; Schema: public; Owner: tipnet
--

ALTER TABLE ONLY public.case_interview_app_arrestinvestigation
    ADD CONSTRAINT case_interview_app_a_investigation_status_6621cee4_fk_case_inte FOREIGN KEY (investigation_status_id) REFERENCES public.case_interview_app_investigationstatus(id) DEFERRABLE INITIALLY DEFERRED;


--
-- TOC entry 3132 (class 2606 OID 49741)
-- Name: case_interview_app_arrestinvestigation case_interview_app_a_trafficker_id_525bbb35_fk_case_inte; Type: FK CONSTRAINT; Schema: public; Owner: tipnet
--

ALTER TABLE ONLY public.case_interview_app_arrestinvestigation
    ADD CONSTRAINT case_interview_app_a_trafficker_id_525bbb35_fk_case_inte FOREIGN KEY (trafficker_id) REFERENCES public.case_interview_app_suspectedtrafficker(id) DEFERRABLE INITIALLY DEFERRED;


--
-- TOC entry 3133 (class 2606 OID 49746)
-- Name: case_interview_app_arrestinvestigation case_interview_app_a_victim_id_138154ee_fk_case_inte; Type: FK CONSTRAINT; Schema: public; Owner: tipnet
--

ALTER TABLE ONLY public.case_interview_app_arrestinvestigation
    ADD CONSTRAINT case_interview_app_a_victim_id_138154ee_fk_case_inte FOREIGN KEY (victim_id) REFERENCES public.case_interview_app_victimprofile(id) DEFERRABLE INITIALLY DEFERRED;


--
-- TOC entry 3094 (class 2606 OID 49804)
-- Name: case_interview_app_interviewer case_interview_app_i_approval_id_5358832f_fk_case_inte; Type: FK CONSTRAINT; Schema: public; Owner: tipnet
--

ALTER TABLE ONLY public.case_interview_app_interviewer
    ADD CONSTRAINT case_interview_app_i_approval_id_5358832f_fk_case_inte FOREIGN KEY (approval_id) REFERENCES public.case_interview_app_approvalstatus(id) DEFERRABLE INITIALLY DEFERRED;


--
-- TOC entry 3092 (class 2606 OID 49502)
-- Name: case_interview_app_interviewer case_interview_app_i_country_id_9c780aac_fk_case_inte; Type: FK CONSTRAINT; Schema: public; Owner: tipnet
--

ALTER TABLE ONLY public.case_interview_app_interviewer
    ADD CONSTRAINT case_interview_app_i_country_id_9c780aac_fk_case_inte FOREIGN KEY (country_id) REFERENCES public.case_interview_app_country(id) DEFERRABLE INITIALLY DEFERRED;


--
-- TOC entry 3093 (class 2606 OID 49507)
-- Name: case_interview_app_interviewer case_interview_app_i_data_entry_purpose_i_5af1c178_fk_case_inte; Type: FK CONSTRAINT; Schema: public; Owner: tipnet
--

ALTER TABLE ONLY public.case_interview_app_interviewer
    ADD CONSTRAINT case_interview_app_i_data_entry_purpose_i_5af1c178_fk_case_inte FOREIGN KEY (data_entry_purpose_id) REFERENCES public.case_interview_app_dataentrypurpose(id) DEFERRABLE INITIALLY DEFERRED;


--
-- TOC entry 3136 (class 2606 OID 49819)
-- Name: case_interview_app_interviewer_victims case_interview_app_i_interviewer_id_b441e770_fk_case_inte; Type: FK CONSTRAINT; Schema: public; Owner: tipnet
--

ALTER TABLE ONLY public.case_interview_app_interviewer_victims
    ADD CONSTRAINT case_interview_app_i_interviewer_id_b441e770_fk_case_inte FOREIGN KEY (interviewer_id) REFERENCES public.case_interview_app_interviewer(id) DEFERRABLE INITIALLY DEFERRED;


--
-- TOC entry 3137 (class 2606 OID 49824)
-- Name: case_interview_app_interviewer_victims case_interview_app_i_victimprofile_id_6eea7bf3_fk_case_inte; Type: FK CONSTRAINT; Schema: public; Owner: tipnet
--

ALTER TABLE ONLY public.case_interview_app_interviewer_victims
    ADD CONSTRAINT case_interview_app_i_victimprofile_id_6eea7bf3_fk_case_inte FOREIGN KEY (victimprofile_id) REFERENCES public.case_interview_app_victimprofile(id) DEFERRABLE INITIALLY DEFERRED;


--
-- TOC entry 3120 (class 2606 OID 49670)
-- Name: case_interview_app_prosecution case_interview_app_p_aquital_reason_id_42459820_fk_case_inte; Type: FK CONSTRAINT; Schema: public; Owner: tipnet
--

ALTER TABLE ONLY public.case_interview_app_prosecution
    ADD CONSTRAINT case_interview_app_p_aquital_reason_id_42459820_fk_case_inte FOREIGN KEY (aquital_reason_id) REFERENCES public.case_interview_app_aquitalreason(id) DEFERRABLE INITIALLY DEFERRED;


--
-- TOC entry 3121 (class 2606 OID 49675)
-- Name: case_interview_app_prosecution case_interview_app_p_guilty_verdict_reaso_3b5aba97_fk_case_inte; Type: FK CONSTRAINT; Schema: public; Owner: tipnet
--

ALTER TABLE ONLY public.case_interview_app_prosecution
    ADD CONSTRAINT case_interview_app_p_guilty_verdict_reaso_3b5aba97_fk_case_inte FOREIGN KEY (guilty_verdict_reason_id) REFERENCES public.case_interview_app_guiltyreason(id) DEFERRABLE INITIALLY DEFERRED;


--
-- TOC entry 3122 (class 2606 OID 49680)
-- Name: case_interview_app_prosecution case_interview_app_p_interviewer_id_d2b770b3_fk_case_inte; Type: FK CONSTRAINT; Schema: public; Owner: tipnet
--

ALTER TABLE ONLY public.case_interview_app_prosecution
    ADD CONSTRAINT case_interview_app_p_interviewer_id_d2b770b3_fk_case_inte FOREIGN KEY (interviewer_id) REFERENCES public.case_interview_app_interviewer(id) DEFERRABLE INITIALLY DEFERRED;


--
-- TOC entry 3123 (class 2606 OID 49685)
-- Name: case_interview_app_prosecution case_interview_app_p_prosecution_outcome__33050980_fk_case_inte; Type: FK CONSTRAINT; Schema: public; Owner: tipnet
--

ALTER TABLE ONLY public.case_interview_app_prosecution
    ADD CONSTRAINT case_interview_app_p_prosecution_outcome__33050980_fk_case_inte FOREIGN KEY (prosecution_outcome_id) REFERENCES public.case_interview_app_prosecutionoutcome(id) DEFERRABLE INITIALLY DEFERRED;


--
-- TOC entry 3124 (class 2606 OID 49690)
-- Name: case_interview_app_prosecution case_interview_app_p_sanction_penalty_id_b4e2556f_fk_case_inte; Type: FK CONSTRAINT; Schema: public; Owner: tipnet
--

ALTER TABLE ONLY public.case_interview_app_prosecution
    ADD CONSTRAINT case_interview_app_p_sanction_penalty_id_b4e2556f_fk_case_inte FOREIGN KEY (sanction_penalty_id) REFERENCES public.case_interview_app_sanctionpenalty(id) DEFERRABLE INITIALLY DEFERRED;


--
-- TOC entry 3125 (class 2606 OID 49695)
-- Name: case_interview_app_prosecution case_interview_app_p_status_of_case_id_025e4b1c_fk_case_inte; Type: FK CONSTRAINT; Schema: public; Owner: tipnet
--

ALTER TABLE ONLY public.case_interview_app_prosecution
    ADD CONSTRAINT case_interview_app_p_status_of_case_id_025e4b1c_fk_case_inte FOREIGN KEY (status_of_case_id) REFERENCES public.case_interview_app_casestatus(id) DEFERRABLE INITIALLY DEFERRED;


--
-- TOC entry 3126 (class 2606 OID 49700)
-- Name: case_interview_app_prosecution case_interview_app_p_trafficker_id_98e14c57_fk_case_inte; Type: FK CONSTRAINT; Schema: public; Owner: tipnet
--

ALTER TABLE ONLY public.case_interview_app_prosecution
    ADD CONSTRAINT case_interview_app_p_trafficker_id_98e14c57_fk_case_inte FOREIGN KEY (trafficker_id) REFERENCES public.case_interview_app_suspectedtrafficker(id) DEFERRABLE INITIALLY DEFERRED;


--
-- TOC entry 3128 (class 2606 OID 49710)
-- Name: case_interview_app_prosecution case_interview_app_p_trial_court_country__8566a73b_fk_case_inte; Type: FK CONSTRAINT; Schema: public; Owner: tipnet
--

ALTER TABLE ONLY public.case_interview_app_prosecution
    ADD CONSTRAINT case_interview_app_p_trial_court_country__8566a73b_fk_case_inte FOREIGN KEY (trial_court_country_id) REFERENCES public.case_interview_app_country(id) DEFERRABLE INITIALLY DEFERRED;


--
-- TOC entry 3127 (class 2606 OID 49705)
-- Name: case_interview_app_prosecution case_interview_app_p_trial_court_id_a15201f7_fk_case_inte; Type: FK CONSTRAINT; Schema: public; Owner: tipnet
--

ALTER TABLE ONLY public.case_interview_app_prosecution
    ADD CONSTRAINT case_interview_app_p_trial_court_id_a15201f7_fk_case_inte FOREIGN KEY (trial_court_id) REFERENCES public.case_interview_app_trialcourt(id) DEFERRABLE INITIALLY DEFERRED;


--
-- TOC entry 3129 (class 2606 OID 49715)
-- Name: case_interview_app_prosecution case_interview_app_p_victim_id_63da85de_fk_case_inte; Type: FK CONSTRAINT; Schema: public; Owner: tipnet
--

ALTER TABLE ONLY public.case_interview_app_prosecution
    ADD CONSTRAINT case_interview_app_p_victim_id_63da85de_fk_case_inte FOREIGN KEY (victim_id) REFERENCES public.case_interview_app_victimprofile(id) DEFERRABLE INITIALLY DEFERRED;


--
-- TOC entry 3107 (class 2606 OID 49588)
-- Name: case_interview_app_suspectedtrafficker case_interview_app_s_citizenship_id_0de95d3c_fk_case_inte; Type: FK CONSTRAINT; Schema: public; Owner: tipnet
--

ALTER TABLE ONLY public.case_interview_app_suspectedtrafficker
    ADD CONSTRAINT case_interview_app_s_citizenship_id_0de95d3c_fk_case_inte FOREIGN KEY (citizenship_id) REFERENCES public.case_interview_app_country(id) DEFERRABLE INITIALLY DEFERRED;


--
-- TOC entry 3108 (class 2606 OID 49593)
-- Name: case_interview_app_suspectedtrafficker case_interview_app_s_country_of_birth_id_55cebbc0_fk_case_inte; Type: FK CONSTRAINT; Schema: public; Owner: tipnet
--

ALTER TABLE ONLY public.case_interview_app_suspectedtrafficker
    ADD CONSTRAINT case_interview_app_s_country_of_birth_id_55cebbc0_fk_case_inte FOREIGN KEY (country_of_birth_id) REFERENCES public.case_interview_app_country(id) DEFERRABLE INITIALLY DEFERRED;


--
-- TOC entry 3109 (class 2606 OID 49598)
-- Name: case_interview_app_suspectedtrafficker case_interview_app_s_gender_id_d7e650e2_fk_case_inte; Type: FK CONSTRAINT; Schema: public; Owner: tipnet
--

ALTER TABLE ONLY public.case_interview_app_suspectedtrafficker
    ADD CONSTRAINT case_interview_app_s_gender_id_d7e650e2_fk_case_inte FOREIGN KEY (gender_id) REFERENCES public.case_interview_app_gender(id) DEFERRABLE INITIALLY DEFERRED;


--
-- TOC entry 3110 (class 2606 OID 49603)
-- Name: case_interview_app_suspectedtrafficker case_interview_app_s_id_type_id_4bbefb90_fk_case_inte; Type: FK CONSTRAINT; Schema: public; Owner: tipnet
--

ALTER TABLE ONLY public.case_interview_app_suspectedtrafficker
    ADD CONSTRAINT case_interview_app_s_id_type_id_4bbefb90_fk_case_inte FOREIGN KEY (id_type_id) REFERENCES public.case_interview_app_idtype(id) DEFERRABLE INITIALLY DEFERRED;


--
-- TOC entry 3117 (class 2606 OID 49649)
-- Name: case_interview_app_suspectedtrafficker_languages case_interview_app_s_language_id_59e2f6e2_fk_case_inte; Type: FK CONSTRAINT; Schema: public; Owner: tipnet
--

ALTER TABLE ONLY public.case_interview_app_suspectedtrafficker_languages
    ADD CONSTRAINT case_interview_app_s_language_id_59e2f6e2_fk_case_inte FOREIGN KEY (language_id) REFERENCES public.case_interview_app_language(id) DEFERRABLE INITIALLY DEFERRED;


--
-- TOC entry 3111 (class 2606 OID 49608)
-- Name: case_interview_app_suspectedtrafficker case_interview_app_s_nationality_id_3f40b274_fk_case_inte; Type: FK CONSTRAINT; Schema: public; Owner: tipnet
--

ALTER TABLE ONLY public.case_interview_app_suspectedtrafficker
    ADD CONSTRAINT case_interview_app_s_nationality_id_3f40b274_fk_case_inte FOREIGN KEY (nationality_id) REFERENCES public.case_interview_app_country(id) DEFERRABLE INITIALLY DEFERRED;


--
-- TOC entry 3112 (class 2606 OID 49613)
-- Name: case_interview_app_suspectedtrafficker case_interview_app_s_race_id_2e38f221_fk_case_inte; Type: FK CONSTRAINT; Schema: public; Owner: tipnet
--

ALTER TABLE ONLY public.case_interview_app_suspectedtrafficker
    ADD CONSTRAINT case_interview_app_s_race_id_2e38f221_fk_case_inte FOREIGN KEY (race_id) REFERENCES public.case_interview_app_race(id) DEFERRABLE INITIALLY DEFERRED;


--
-- TOC entry 3119 (class 2606 OID 49663)
-- Name: case_interview_app_suspectedtrafficker_role_in_trafficking case_interview_app_s_roleintrafficking_id_c24857de_fk_case_inte; Type: FK CONSTRAINT; Schema: public; Owner: tipnet
--

ALTER TABLE ONLY public.case_interview_app_suspectedtrafficker_role_in_trafficking
    ADD CONSTRAINT case_interview_app_s_roleintrafficking_id_c24857de_fk_case_inte FOREIGN KEY (roleintrafficking_id) REFERENCES public.case_interview_app_roleintrafficking(id) DEFERRABLE INITIALLY DEFERRED;


--
-- TOC entry 3118 (class 2606 OID 49658)
-- Name: case_interview_app_suspectedtrafficker_role_in_trafficking case_interview_app_s_suspectedtrafficker__4c03cee1_fk_case_inte; Type: FK CONSTRAINT; Schema: public; Owner: tipnet
--

ALTER TABLE ONLY public.case_interview_app_suspectedtrafficker_role_in_trafficking
    ADD CONSTRAINT case_interview_app_s_suspectedtrafficker__4c03cee1_fk_case_inte FOREIGN KEY (suspectedtrafficker_id) REFERENCES public.case_interview_app_suspectedtrafficker(id) DEFERRABLE INITIALLY DEFERRED;


--
-- TOC entry 3116 (class 2606 OID 49644)
-- Name: case_interview_app_suspectedtrafficker_languages case_interview_app_s_suspectedtrafficker__d6fc3138_fk_case_inte; Type: FK CONSTRAINT; Schema: public; Owner: tipnet
--

ALTER TABLE ONLY public.case_interview_app_suspectedtrafficker_languages
    ADD CONSTRAINT case_interview_app_s_suspectedtrafficker__d6fc3138_fk_case_inte FOREIGN KEY (suspectedtrafficker_id) REFERENCES public.case_interview_app_suspectedtrafficker(id) DEFERRABLE INITIALLY DEFERRED;


--
-- TOC entry 3113 (class 2606 OID 49618)
-- Name: case_interview_app_suspectedtrafficker case_interview_app_s_traffick_from_countr_9a3cdf78_fk_case_inte; Type: FK CONSTRAINT; Schema: public; Owner: tipnet
--

ALTER TABLE ONLY public.case_interview_app_suspectedtrafficker
    ADD CONSTRAINT case_interview_app_s_traffick_from_countr_9a3cdf78_fk_case_inte FOREIGN KEY (traffick_from_country_id) REFERENCES public.case_interview_app_country(id) DEFERRABLE INITIALLY DEFERRED;


--
-- TOC entry 3114 (class 2606 OID 49623)
-- Name: case_interview_app_suspectedtrafficker case_interview_app_s_traffick_to_country__9936aa80_fk_case_inte; Type: FK CONSTRAINT; Schema: public; Owner: tipnet
--

ALTER TABLE ONLY public.case_interview_app_suspectedtrafficker
    ADD CONSTRAINT case_interview_app_s_traffick_to_country__9936aa80_fk_case_inte FOREIGN KEY (traffick_to_country_id) REFERENCES public.case_interview_app_country(id) DEFERRABLE INITIALLY DEFERRED;


--
-- TOC entry 3115 (class 2606 OID 49628)
-- Name: case_interview_app_suspectedtrafficker case_interview_app_s_victim_id_49656161_fk_case_inte; Type: FK CONSTRAINT; Schema: public; Owner: tipnet
--

ALTER TABLE ONLY public.case_interview_app_suspectedtrafficker
    ADD CONSTRAINT case_interview_app_s_victim_id_49656161_fk_case_inte FOREIGN KEY (victim_id) REFERENCES public.case_interview_app_victimprofile(id) DEFERRABLE INITIALLY DEFERRED;


--
-- TOC entry 3103 (class 2606 OID 49564)
-- Name: case_interview_app_transitroutedestination case_interview_app_t_country_of_dest_id_2308d521_fk_case_inte; Type: FK CONSTRAINT; Schema: public; Owner: tipnet
--

ALTER TABLE ONLY public.case_interview_app_transitroutedestination
    ADD CONSTRAINT case_interview_app_t_country_of_dest_id_2308d521_fk_case_inte FOREIGN KEY (country_of_dest_id) REFERENCES public.case_interview_app_country(id) DEFERRABLE INITIALLY DEFERRED;


--
-- TOC entry 3104 (class 2606 OID 49569)
-- Name: case_interview_app_transitroutedestination case_interview_app_t_country_of_origin_id_898cb9b0_fk_case_inte; Type: FK CONSTRAINT; Schema: public; Owner: tipnet
--

ALTER TABLE ONLY public.case_interview_app_transitroutedestination
    ADD CONSTRAINT case_interview_app_t_country_of_origin_id_898cb9b0_fk_case_inte FOREIGN KEY (country_of_origin_id) REFERENCES public.case_interview_app_country(id) DEFERRABLE INITIALLY DEFERRED;


--
-- TOC entry 3105 (class 2606 OID 49574)
-- Name: case_interview_app_transitroutedestination case_interview_app_t_means_of_transport_i_0a89e5a7_fk_case_inte; Type: FK CONSTRAINT; Schema: public; Owner: tipnet
--

ALTER TABLE ONLY public.case_interview_app_transitroutedestination
    ADD CONSTRAINT case_interview_app_t_means_of_transport_i_0a89e5a7_fk_case_inte FOREIGN KEY (means_of_transport_id) REFERENCES public.case_interview_app_transportmean(id) DEFERRABLE INITIALLY DEFERRED;


--
-- TOC entry 3106 (class 2606 OID 49579)
-- Name: case_interview_app_transitroutedestination case_interview_app_t_victim_id_c469b979_fk_case_inte; Type: FK CONSTRAINT; Schema: public; Owner: tipnet
--

ALTER TABLE ONLY public.case_interview_app_transitroutedestination
    ADD CONSTRAINT case_interview_app_t_victim_id_c469b979_fk_case_inte FOREIGN KEY (victim_id) REFERENCES public.case_interview_app_victimprofile(id) DEFERRABLE INITIALLY DEFERRED;


--
-- TOC entry 3100 (class 2606 OID 49831)
-- Name: case_interview_app_victimprofile case_interview_app_v_approval_id_0e496586_fk_case_inte; Type: FK CONSTRAINT; Schema: public; Owner: tipnet
--

ALTER TABLE ONLY public.case_interview_app_victimprofile
    ADD CONSTRAINT case_interview_app_v_approval_id_0e496586_fk_case_inte FOREIGN KEY (approval_id) REFERENCES public.case_interview_app_approvalstatus(id) DEFERRABLE INITIALLY DEFERRED;


--
-- TOC entry 3095 (class 2606 OID 49514)
-- Name: case_interview_app_victimprofile case_interview_app_v_citizenship_id_e9d81bf2_fk_case_inte; Type: FK CONSTRAINT; Schema: public; Owner: tipnet
--

ALTER TABLE ONLY public.case_interview_app_victimprofile
    ADD CONSTRAINT case_interview_app_v_citizenship_id_e9d81bf2_fk_case_inte FOREIGN KEY (citizenship_id) REFERENCES public.case_interview_app_country(id) DEFERRABLE INITIALLY DEFERRED;


--
-- TOC entry 3096 (class 2606 OID 49519)
-- Name: case_interview_app_victimprofile case_interview_app_v_countryOfBirth_id_4f6ff601_fk_case_inte; Type: FK CONSTRAINT; Schema: public; Owner: tipnet
--

ALTER TABLE ONLY public.case_interview_app_victimprofile
    ADD CONSTRAINT "case_interview_app_v_countryOfBirth_id_4f6ff601_fk_case_inte" FOREIGN KEY ("countryOfBirth_id") REFERENCES public.case_interview_app_country(id) DEFERRABLE INITIALLY DEFERRED;


--
-- TOC entry 3102 (class 2606 OID 49557)
-- Name: case_interview_app_victimprofile_languages case_interview_app_v_country_id_3bc4787c_fk_case_inte; Type: FK CONSTRAINT; Schema: public; Owner: tipnet
--

ALTER TABLE ONLY public.case_interview_app_victimprofile_languages
    ADD CONSTRAINT case_interview_app_v_country_id_3bc4787c_fk_case_inte FOREIGN KEY (country_id) REFERENCES public.case_interview_app_country(id) DEFERRABLE INITIALLY DEFERRED;


--
-- TOC entry 3097 (class 2606 OID 49524)
-- Name: case_interview_app_victimprofile case_interview_app_v_gender_id_6a356683_fk_case_inte; Type: FK CONSTRAINT; Schema: public; Owner: tipnet
--

ALTER TABLE ONLY public.case_interview_app_victimprofile
    ADD CONSTRAINT case_interview_app_v_gender_id_6a356683_fk_case_inte FOREIGN KEY (gender_id) REFERENCES public.case_interview_app_gender(id) DEFERRABLE INITIALLY DEFERRED;


--
-- TOC entry 3135 (class 2606 OID 49770)
-- Name: case_interview_app_victimprofile_identification_type case_interview_app_v_idtype_id_709e809a_fk_case_inte; Type: FK CONSTRAINT; Schema: public; Owner: tipnet
--

ALTER TABLE ONLY public.case_interview_app_victimprofile_identification_type
    ADD CONSTRAINT case_interview_app_v_idtype_id_709e809a_fk_case_inte FOREIGN KEY (idtype_id) REFERENCES public.case_interview_app_idtype(id) DEFERRABLE INITIALLY DEFERRED;


--
-- TOC entry 3098 (class 2606 OID 49534)
-- Name: case_interview_app_victimprofile case_interview_app_v_last_place_of_reside_7c831f6c_fk_case_inte; Type: FK CONSTRAINT; Schema: public; Owner: tipnet
--

ALTER TABLE ONLY public.case_interview_app_victimprofile
    ADD CONSTRAINT case_interview_app_v_last_place_of_reside_7c831f6c_fk_case_inte FOREIGN KEY (last_place_of_residence_id) REFERENCES public.case_interview_app_country(id) DEFERRABLE INITIALLY DEFERRED;


--
-- TOC entry 3099 (class 2606 OID 49539)
-- Name: case_interview_app_victimprofile case_interview_app_v_race_id_62569da3_fk_case_inte; Type: FK CONSTRAINT; Schema: public; Owner: tipnet
--

ALTER TABLE ONLY public.case_interview_app_victimprofile
    ADD CONSTRAINT case_interview_app_v_race_id_62569da3_fk_case_inte FOREIGN KEY (race_id) REFERENCES public.case_interview_app_race(id) DEFERRABLE INITIALLY DEFERRED;


--
-- TOC entry 3134 (class 2606 OID 49765)
-- Name: case_interview_app_victimprofile_identification_type case_interview_app_v_victimprofile_id_73101f2b_fk_case_inte; Type: FK CONSTRAINT; Schema: public; Owner: tipnet
--

ALTER TABLE ONLY public.case_interview_app_victimprofile_identification_type
    ADD CONSTRAINT case_interview_app_v_victimprofile_id_73101f2b_fk_case_inte FOREIGN KEY (victimprofile_id) REFERENCES public.case_interview_app_victimprofile(id) DEFERRABLE INITIALLY DEFERRED;


--
-- TOC entry 3101 (class 2606 OID 49552)
-- Name: case_interview_app_victimprofile_languages case_interview_app_v_victimprofile_id_9b83bdfc_fk_case_inte; Type: FK CONSTRAINT; Schema: public; Owner: tipnet
--

ALTER TABLE ONLY public.case_interview_app_victimprofile_languages
    ADD CONSTRAINT case_interview_app_v_victimprofile_id_9b83bdfc_fk_case_inte FOREIGN KEY (victimprofile_id) REFERENCES public.case_interview_app_victimprofile(id) DEFERRABLE INITIALLY DEFERRED;


--
-- TOC entry 3090 (class 2606 OID 49282)
-- Name: django_admin_log django_admin_log_content_type_id_c4bce8eb_fk_django_co; Type: FK CONSTRAINT; Schema: public; Owner: tipnet
--

ALTER TABLE ONLY public.django_admin_log
    ADD CONSTRAINT django_admin_log_content_type_id_c4bce8eb_fk_django_co FOREIGN KEY (content_type_id) REFERENCES public.django_content_type(id) DEFERRABLE INITIALLY DEFERRED;


--
-- TOC entry 3091 (class 2606 OID 49287)
-- Name: django_admin_log django_admin_log_user_id_c564eba6_fk_auth_user_id; Type: FK CONSTRAINT; Schema: public; Owner: tipnet
--

ALTER TABLE ONLY public.django_admin_log
    ADD CONSTRAINT django_admin_log_user_id_c564eba6_fk_auth_user_id FOREIGN KEY (user_id) REFERENCES public.auth_user(id) DEFERRABLE INITIALLY DEFERRED;


-- Completed on 2023-11-09 11:41:06

--
-- PostgreSQL database dump complete
--

